topic,date,title,politician,full_text
civil_liberties_and_rights,"July 19, 2022",Statement on H.R. 8404,Rep. Russ Fulcher,"Congressman Fulcher released the following statement on H.R. 8404:""The legislation presented today received no consideration whatsoever in its committee of jurisdiction: no hearing, no markup, and no debate. The Supreme Court made clear in its Dobbs ruling that nothing in the decision should ""cast doubt on precedents that do not concern abortion"" and that such concerns were ""designed to stoke unfounded fear that our decision will imperil those other rights."" H.R. 8404 unnecessarily inserts the heavy hand of the federal government where it is not needed, creating a scenario where Idaho may be forced to recognize an evolving definition of marriage according to other states. Democrats are desperate to change the conversation from record high gas prices and runaway inflation -- so they are resorting to fearmongering.""Source"
criminal_justice,"July 19, 2022",Statement on H.R. 8404,Rep. Russ Fulcher,"Congressman Fulcher released the following statement on H.R. 8404:""The legislation presented today received no consideration whatsoever in its committee of jurisdiction: no hearing, no markup, and no debate. The Supreme Court made clear in its Dobbs ruling that nothing in the decision should ""cast doubt on precedents that do not concern abortion"" and that such concerns were ""designed to stoke unfounded fear that our decision will imperil those other rights."" H.R. 8404 unnecessarily inserts the heavy hand of the federal government where it is not needed, creating a scenario where Idaho may be forced to recognize an evolving definition of marriage according to other states. Democrats are desperate to change the conversation from record high gas prices and runaway inflation -- so they are resorting to fearmongering.""Source"
energy,"Oct. 19, 2022",Congressman Fulcher Introduces the CLEAN Act to Expand Geothermal Opportunities,Rep. Russ Fulcher,"Congressman Russ Fulcher (ID-01) has introduced the Committing Leases for Energy Access Now (CLEAN) Act to increase lease sales for geothermal energy projects on federally controlled lands. The House legislation is cosponsored by Natural Resources Committee Ranking Member Bruce Westerman (AR-04) and is part of a broader legislative effort by Republicans in the Committee to increase domestic power production and diversify our energy portfolio in order to meet our nation's growing demand.Congressman Fulcher commented, ""Securing American energy independence should be a top priority for Congress. Geothermal is a renewable power source that can help us accomplish that goal. Idaho already plays a leading role in geothermal energy production, and I am proud to introduce this bill to further unleash its potential as a baseload source. I thank Ranking Member Westerman for sharing a commitment to our country's long-term energy security.""Natural Resources Committee Ranking Member Bruce Westerman added, ""As we pursue all-of-the-above energy solutions, geothermal energy must be part of the equation. Congressman Fulcher's legislation will require annual lease sales for geothermal energy, allowing us to harness the energy already produced deep in the earth. It's a clean, reliable energy source that we must develop further in the coming years. I'm proud to support a bill that will do just that.""Background on the legislation:To begin developing geothermal resources on federally controlled lands, projects must first obtain a lease. 90 percent of viable geothermal resources are estimated to be located on these federally controlled lands, making consistent lease sales crucial to the expansion of this energy source.The CLEAN Act amends the Geothermal Steam Act to:Require yearly lease sales for geothermal energy. Currently, the Act requires a lease sale every two years.Requires the Secretary to hold replacement lease sales for any sales that are missed in a given calendar year.Source"
government_budget_and_spending,"Sept. 30, 2022",Statement on CR vote,Rep. Russ Fulcher,"Congressman Fulcher released the following statement on today's continuing resolution vote:""Today, members of the House were asked to vote on a continuing resolution to fund the government through December 16th. As with every vote on a government funding bill, I consider it a sober process requiring careful analysis. Unfortunately, Democrat leadership in the House and Senate do not share this view, rushing out a bill mere days ago that continues the federal government's reckless spending and fails to address our border, economic, or energy crises. As our national debt approaches $31 trillion, I refuse to enable a broken budget process that creates more burden on taxpayers. I voted NO.""Source"
