topic,date,title,politician,full_text
government_budget_and_spending,"Sept. 9, 2022","Letter to Lucille Roybal-Allard, Chair of the House Subcommittee on Homeland Security, Chuck Flesichmann, Ranking Member of the House Subcommittee on Homeland Security - García, Norton, Espaillat Lead Letter Requesting Extra $50 Million in Continuing Resolution for Migrants Bused to D.C., Chicago, and New York City","Rep. Juan Vargas, ...","Dear Chair Roybal-Allard and Ranking Member Fleischmann:As negotiations begin on the first fiscal year (FY) 2023 continuing resolution, we write to request that the bill provide $50 million above the enacted FY2022 level to the Federal Emergency Management Agency's Emergency Food and Shelter Program (EFSP) for humanitarian assistance to migrants.Since mid-April, the governors of Texas and Arizona have exploited and harmed approximately 10,000 vulnerable people fleeing desperate and dangerous situations in their home countries for political gain by busing them to D.C., New York City and Chicago.The EFSP provides federal funding for food, shelter and other necessities.  In FY 2022, Congress provided $150 million to this program for humanitarian assistance for migrants.  As of July 21, 2022, approximately $85 million of this funding remained available.  However, the busing of migrants to D.C., New York City and Chicago and resettlement in cities like Boston has increased funding requests across the Northeast and the Midwest.  Without additional funding, the EFSP may exhaust its funding.This funding would ensure that the EFSP can continue to provide humanitarian assistance to meet the needs of all migrants.Sincerely,Source"
civil_liberties_and_rights,"July 20, 2022",REP. VARGAS VOTES TO PROTECT MARRIAGE EQUALITY,Rep. Juan Vargas,"Today, Congressmember Juan Vargas voted to pass the Respect for Marriage Act. This legislation would enshrine the marriage equality for same sex and interracial couples guaranteed by Obergefell v. Hodges and Loving v. Virginia for the purposes of federal law, repeal the discriminatory Defense of Marriage Act (DOMA), and provide additional legal protections for marriage equality.""I proudly voted for this legislation that would ensure the protection of marriage rights from bigoted attacks,"" said Rep. Vargas. ""Americans' fundamental rights are under siege by the conservative-controlled Supreme Court and Republican party. As Republicans move to take away rights guaranteed to the American people, my Democratic colleagues and I are working hard to swiftly enshrine these protections into federal law.""The Respect for Marriage Act would:Enshrine marriage equality for federal law purposes, by requiring that an individual be considered married if the marriage was valid in the state where it was performed;Repeal the discriminatory Defense of Marriage Act, guaranteeing that even if the Supreme Court decisions that ended its enforcement were overturned, the statute would no longer be on the books;Prohibits any person acting under state law from denying full faith and credit to an out-of-state marriage based on the sex, race, ethnicity or national origin of the individuals in the marriage.Source"
criminal_justice,"July 20, 2022",REP. VARGAS VOTES TO PROTECT MARRIAGE EQUALITY,Rep. Juan Vargas,"Today, Congressmember Juan Vargas voted to pass the Respect for Marriage Act. This legislation would enshrine the marriage equality for same sex and interracial couples guaranteed by Obergefell v. Hodges and Loving v. Virginia for the purposes of federal law, repeal the discriminatory Defense of Marriage Act (DOMA), and provide additional legal protections for marriage equality.""I proudly voted for this legislation that would ensure the protection of marriage rights from bigoted attacks,"" said Rep. Vargas. ""Americans' fundamental rights are under siege by the conservative-controlled Supreme Court and Republican party. As Republicans move to take away rights guaranteed to the American people, my Democratic colleagues and I are working hard to swiftly enshrine these protections into federal law.""The Respect for Marriage Act would:Enshrine marriage equality for federal law purposes, by requiring that an individual be considered married if the marriage was valid in the state where it was performed;Repeal the discriminatory Defense of Marriage Act, guaranteeing that even if the Supreme Court decisions that ended its enforcement were overturned, the statute would no longer be on the books;Prohibits any person acting under state law from denying full faith and credit to an out-of-state marriage based on the sex, race, ethnicity or national origin of the individuals in the marriage.Source"
defense,"May 19, 2022",Rep. Vargas' Statement on Naming of Future Naval Destroyer USS Telesforo Trinidad,Rep. Juan Vargas,"Congressmember Vargas released the following statement today after the Secretary of the Navy, Carlos Del Toro, announced a future Arleigh Burke-class guided-missile destroyer will be named after Fireman 2nd Class Telesforo De La Cruz Trinidad, the first and only Filipino in the U.S. Navy to be awarded the Medal of Honor:""During Asian Pacific American Heritage Month, we honor and celebrate Asian and Pacific Islander Americans' contributions to our nation,"" said Rep. Vargas. ""What better way to honor these contributions to our county than to name a battleship after Petty Officer Trinidad, who bravely risked his life for fellow crewmembers and honorably served our country. I was honored to join my colleagues and lead a letter to urge the U.S. Navy to name a ship after Trinidad and reaffirm our nation's commitment to diversity, equity, and inclusion. I thank Secretary Del Toro for recognizing Petty Officer Trinidad and look forward to stepping aboard the future USS Telesforo Trinidad.""For more information on Fireman 2nd Class Telesforo Trinidad, click here.Source"
finance_and_banking,"Sept. 30, 2022",House Passes Rep. Vargas' Credit Union Board Modernization Act,Rep. Juan Vargas,"Today, the U.S. House of Representatives voted to pass Congressmember Vargas' bipartisan Credit Union Board Modernization Act, H.R. 6889. This legislation would update the Federal Credit Union Act to modify current federal requirements for federal credit union board meetings and alter requirements that credit union boards meet once per month to once every other month.""I'm proud that my Congressional colleagues voted to pass the Credit Union Board Modernization Act to modify an outdated requirement that allows credit unions and their board members more flexibility,"" said Rep. Vargas. ""This legislation would ensure that credit unions can free up time and resources to provide quality financial services to their communities. I'm grateful to have the support of my bipartisan colleagues as we work together to modernize our nation's credit unions.""The bill would continue to allow credit union boards to meet as frequently as needed and would require monthly board meetings for credit unions exhibiting unsound practices. It is co-sponsored by Reps. Porter (CA-45), Aguilar (CA-31), Roybal-Allard (CA-40), Titus (NV-01), Case (HI-01), Kahele (HI-02), Brownley (CA-26), Gonzalez (OH-16), Sessions (TX-17), Amodei (NV-02), Timmons (SC-04), Moore (UT-01), Mooney (WV-02), Budd (NC-13), Miller (IL-15), Fitzpatrick (PA-01), Davidson (OH-08), and Johnson (LA-04). The bill now moves to the Senate for consideration.Source"
government_budget_and_spending,"May 10, 2022",Rep. Vargas Votes to Deliver Nearly $40 Billion in Aid to Ukraine,Rep. Juan Vargas,"Today, Congressmember Vargas voted to deliver $39.8 billion for critically needed resources as Ukraine continues to fight against brutal Russian forces. The Additional Ukraine Supplemental Appropriations Act is robust funding package to support the Ukrainian people and defend global democracy.""I proudly voted to send additional military, economic, and humanitarian aid to Ukraine,"" said Rep. Vargas. ""President Biden sent Congress an urgent request to deliver critical resources to Ukraine and we answered the call, providing a monumental $39.8 billion funding package. Putin's cruel invasion of Ukraine is unfounded, and we must continue to support Ukrainians at home and abroad. By providing these additional funds, the United States is sending a clear message: we stand with the courageous Ukrainian people.""Ukraine faces dire security, economic and humanitarian needs.  The Additional Ukraine Supplemental Appropriations Act will deliver a wide range of resources to assist the Ukrainian people, including:$6 billion to deliver weapons and security assistance to the Ukrainian military$3.9 billion to bolster U.S. military operations in Europe$8.7 billion to deliver economic aid and fund government services across Ukraine$5 billion to provide food assistance in Ukraine and around the world$900 million to support families fleeing from UkraineThe Additional Ukraine Supplemental Appropriations Act will provide further military, economic, and humanitarian aid, adding to the more than $1.4 billion in aid provided to Ukraine since 2021. The full legislative text can be found here.Source"
