topic,date,title,politician,full_text
civil_liberties_and_rights,"May 13, 2022",Rep. Estes Supports Defunding Biden's Disinformation Governance Board,Rep. Ron Estes,"Rep. Ron Estes (R-Kansas) has cosponsored H.R. 7690, a bill prohibiting taxpayer dollars from funding the Biden administration's Disinformation Governance Board.""The Biden administration is taking it upon themselves to be the standard-bearer of truth, but this Disinformation Governance Board is more like an Orwellian Ministry of Truth than a legitimate government working group,"" said Rep. Estes. ""This bill prevents taxpayer dollars from funding this un-American and unconstitutional board that is counter to our country's foundational right of free speech.""Source"
criminal_justice,"May 13, 2022",Rep. Estes Supports Defunding Biden's Disinformation Governance Board,Rep. Ron Estes,"Rep. Ron Estes (R-Kansas) has cosponsored H.R. 7690, a bill prohibiting taxpayer dollars from funding the Biden administration's Disinformation Governance Board.""The Biden administration is taking it upon themselves to be the standard-bearer of truth, but this Disinformation Governance Board is more like an Orwellian Ministry of Truth than a legitimate government working group,"" said Rep. Estes. ""This bill prevents taxpayer dollars from funding this un-American and unconstitutional board that is counter to our country's foundational right of free speech.""Source"
energy,"June 9, 2022",Rep. Estes Introduces Legislation To Secure Strategic Petroleum Reserve,Rep. Ron Estes,"This week Rep. Ron Estes (R-Kansas) introduced H.R. 7963 --Strategic Petroleum Reserve Replenishment Act -- that will ensure the replenishment of the Strategic Petroleum Reserve at a time when the Biden administration has failed to create a reasonable plan to do so.""Kansans are suffering from crippling gas prices that continue to rise despite the Biden administration's short-sighted action of releasing one million barrels per day from the nation's Strategic Petroleum Reserve,"" said Rep. Estes. ""Instead of helping families now, this do-nothing policy puts our nation at further risk in the future with a depleted supply and no real plan to replenish this vital national security reserve. The Strategic Petroleum Reserve Replenishment Act will restore the SPR, while Biden's proposed formula is both vague and confusing and does not follow the traditional mechanism used by oil traders.""The Strategic Petroleum Reserve Replenishment Act will require the Secretary of Energy to replenish the SPR through mandatory monthly payments once oil drops below $90 a barrel for an average of 100 days straight. These mandatory purchases (to be made on top of regular or congressionally mandated purchases) will be required until the SPR is at its maximum physical capacity. These purchases will equal 3,600,000 million barrels per month (2% of the 180 million barrels to be released, declared by President Biden).Source"
energy,"April 7, 2022","Rep. Estes Votes Again To Sanction Russia, End Oil Purchases",Rep. Ron Estes,"Today Rep. Ron Estes (R-Kansas) voted to pass two bills further isolating Russia. Both bills had already passed the House, but required an additional vote following changes and passage in the Senate.""The atrocities we've seen in Ukraine have been heart-wrenching, and there's no question that the United States should stand with our allies and isolate Putin,"" said Rep. Estes. ""For a second time, I voted to end U.S. purchases of Russian oil and suspend normal trade relations.""Before the House voted in favor of suspending normal trade relations with Russia the first time, Rep. Estes addressed the legislation and the atrocities by Putin on the House floor.Rep. Estes has previously addressed the attacks on Ukraine, voted to sanction Russian oil, commended Ukraine President Zelensky's address to Congress, voted to end normal trade relations with Russia, and cosponsored H.R. 7083 -- the Make Russia Pay Act, H.R. 6748 -- the Midland Over Moscow Act, and H.R. 7014 -- a stronger suspension of trade relations with Russia.Source"
government_budget_and_spending,"Nov. 30, 2022",Rep. Estes Votes to Exclude Wasteful Spending Tactic,Rep. Ron Estes,"Today, Rep. Ron Estes (R--Kansas) voted to prohibit the inclusion of so-called community project funding, frequently called earmarks, in the 118th Congress rules package.""Washington's reckless spending of hardworking taxpayer dollars adds to our ever-growing debt and was worsened last year by the current process of community project funding. And we all know how frivolous spending has become over prior decades using the earmark process,"" said Rep. Estes. ""The legislative branch does have the Constitutional authority to direct spending, but funds must be allocated responsibly while restoring our fiscal house by reducing spending and balancing our budget. Currently, Biden bureaucrats are using their own earmark process as a swampy tactic to fund wasteful pet projects that benefit DC insiders. Moving forward, I will work with my colleagues to develop guardrails to ensure that taxpayer money is spent appropriately, and that local priorities are addressed.""Source"
government_budget_and_spending,"June 21, 2022",Rep. Estes Receives 2022 Fiscal Hero Recognition,Rep. Ron Estes,"Rep. Estes (R--Kansas) has been named a 2022 Fiscal Hero by the Committee for a Responsible Federal Budget -- a nonpartisan group committed to educating the public on issues with significant fiscal policy impact.""Cutting wasteful federal spending is necessary to ensure a better future for our children, grandchildren and great-grandchildren,"" said Rep. Estes. ""Too often, the federal government uses the tax dollars of hardworking Kansans to fund ineffective and harmful programs, and I am proud to take a stand for fiscal responsibility.""Rep. Estes was recognized alongside 30 other members of the House and 19 members of the Senate as leaders on issues of fiscal responsibility.Source"
government_budget_and_spending,"March 10, 2022","Rep. Estes Votes for Securing US, Against Reckless Spending",Rep. Ron Estes,"Last night Rep. Ron Estes (R-Kansas) voted in favor of robust defense spending and against the bloated omnibus spending bill.""The House took two separate spending votes -- I voted in favor of the first that funded the Department of Defense and against the second that unnecessarily increases spending and will further drive up debt and inflation,"" said Rep. Estes. ""The major focus of our federal government should be the protection of this nation, and recent global events showcase why it's important to fund defense operations, like those at McConnell Air Force Base in Wichita.""Source"
