topic,date,title,politician,full_text
civil_liberties_and_rights,"Jan. 13, 2022",Kaptur Statement on House Passage of the Freedom to Vote: John R. Lewis Act,Rep. Marcy Kaptur,"Today, Congresswoman Marcy Kaptur (OH-09) released the following statement after the House passed the Freedom to Vote: John R. Lewis Act, which combined the Freedom to Vote Act and the John R. Lewis Voting Rights Advancement Act into one bill. In a vote of 220-203, Rep. Kaptur joined every House Democrat to pass the bill, while House Republicans were unanimous in their opposition. The bill will now be sent to the Senate for its consideration.""Across the land, we are witnessing an unprecedented attempt to curtail the foundational American principle of government being of the people, by the people, and for the people,"" said Rep. Kaptur. ""From despicable efforts to overturn free and fair elections, to unconscionable measures that seek to further deny and restrict access to the ballot box, America is truly at a crossroads. The Freedom to Vote: John R. Lewis Act is a vitally important tool to safeguard the health and vibrancy of our precious democracy. As we approach the commemoration of the Reverend Dr. Martin Luther King, Jr.'s birthday, I urge the Senate to swiftly act in order to preserve freedom and justice for present and future generations.""More information on the Freedom to Vote: John R. Lewis Act can be found here.Source"
criminal_justice,"Jan. 13, 2022",Kaptur Statement on House Passage of the Freedom to Vote: John R. Lewis Act,Rep. Marcy Kaptur,"Today, Congresswoman Marcy Kaptur (OH-09) released the following statement after the House passed the Freedom to Vote: John R. Lewis Act, which combined the Freedom to Vote Act and the John R. Lewis Voting Rights Advancement Act into one bill. In a vote of 220-203, Rep. Kaptur joined every House Democrat to pass the bill, while House Republicans were unanimous in their opposition. The bill will now be sent to the Senate for its consideration.""Across the land, we are witnessing an unprecedented attempt to curtail the foundational American principle of government being of the people, by the people, and for the people,"" said Rep. Kaptur. ""From despicable efforts to overturn free and fair elections, to unconscionable measures that seek to further deny and restrict access to the ballot box, America is truly at a crossroads. The Freedom to Vote: John R. Lewis Act is a vitally important tool to safeguard the health and vibrancy of our precious democracy. As we approach the commemoration of the Reverend Dr. Martin Luther King, Jr.'s birthday, I urge the Senate to swiftly act in order to preserve freedom and justice for present and future generations.""More information on the Freedom to Vote: John R. Lewis Act can be found here.Source"
energy,"June 6, 2022","Kaptur Statement on Solar Tariff Suspension, Invocation of Defense Production Act",Rep. Marcy Kaptur,"""China's long history of dumping and tariff evasion demands strict scrutiny and appropriate penalties,"" said Rep. Kaptur. ""While I welcome the Administration's focus on boosting domestic manufacturing of critical solar components -- any effort that further tilts the playing field in favor of China is wrong for the American workers who are fed up with predatory trade practices. We have seen China play this game before on everything from steel to solar. We must invest in the American companies that are working to deliver an affordable, reliable, and secure energy future.""Source"
energy,"May 19, 2022","Kaptur Votes to Lower Gas Prices, Hold Big Oil Accountable",Rep. Marcy Kaptur,"""With Big Oil raising prices and gouging consumers, it's no wonder one CEO recently called his company a ""cash machine,'"" said Rep. Kaptur. ""It's outrageous. While some in Congress want to protect Big Oil, I'm fighting to lower prices and hold accountable the companies that are gouging consumers while adding zeroes to CEOs' paychecks.""Source"
energy,"March 31, 2022",Kaptur Applauds Strategic Petroleum Reserve Release,Rep. Marcy Kaptur,"""In the midst of the global battle to preserve Liberty, America led the world in ending imports of the Russian oil that fueled Vladimir Putin's murderous rampage,"" said Rep. Kaptur. ""Now, we must use every tool to lower costs and protect the pocketbooks of families and seniors. The Strategic Petroleum Reserve was designed for moments like this, and I applaud the Administration for releasing 1 million barrels a day immediately into the market. While large oil company CEOs seek to reap record profits on the backs of everyone else, I will continue fighting to lower costs and supporting the energy innovation we need for America's future.""Source"
energy,"March 10, 2022",Chairwoman Kaptur Statement on House Passage of Energy & Water Appropriations Bill,Rep. Marcy Kaptur,"Today, Congresswoman Marcy Kaptur (OH-09) -- Chairwoman of the House Appropriations Subcommittee on Energy and Water Development, and Related Agencies -- released the following statement on the House passage of her $54.97 billion Fiscal Year 2022 Energy and Water Development appropriations bill.The Energy and Water appropriations bill provides $54.97 billion for the Department of Energy, U.S. Army Corps of Engineers, Department of the Interior programs, and other related agencies. The bill was passed as a part of a bipartisan omnibus appropriations package that funds the federal government through September 2022.""Through bipartisan collaboration, our Energy and Water bill represents a historic achievement for the American people that advances innovation and fosters 21st century resilience,"" said Chairwoman Kaptur. ""By deploying modern infrastructure and advancing next-generation research and renewable technologies, we are promoting American energy independence, sustaining life on Earth, and supporting good-paying jobs right here at home.""Highlights of the Energy and Water Development funding billSupporting good-paying jobs by investing in renewable energy$3.2 billion for Energy Efficiency and Renewable Energy$7.475 billion for the Office of Science to fund basic science research and secure our global leadership in energy innovation$450 million for the Advanced Research Projects Agency-Energy (ARPA-E) to support new energy technologies that will address our most critical economic, environmental, and energy security challenges$1.65 billion for Nuclear Energy to invest in the development of clean and safe reactors and promote American leadership in the global nuclear power industry$463 million for electric grid security and resilience programs to advance technologies that increase our ability to incorporate growing amounts of clean energy technologies and secure the nation's energy infrastructure against all hazards$825 million for the Office of Fossil Energy and Carbon Management to advance carbon reduction and mitigation efforts and facilitate the transition toward a net-zero carbon economyRebuilding and strengthening water infrastructureRevives our water infrastructure and protects communities from more frequent and severe storms with $8.3 billion for the U.S. Army Corps of Engineers to support project construction, operation, and maintenancePromotes a robust economy by bolstering our port and waterway infrastructure including through the Harbor Maintenance Trust FundAddresses worsening droughts with $1.92 billion for the Department of the Interior to fund water resources projectsSpurring economic developmentSupports economic and community development, job training, and critical infrastructure with $195 million for the Appalachian Regional Commission, $35 million for the Northern Border Regional Commission, $30.1 million for the Delta Regional Authority, $15.1 million for the Denali Commission, $5 million for the Southeast Crescent Regional Commission, and $2.5 million for the Southwest Border Regional CommissionSource"
energy,"March 7, 2022",Kaptur Calls for U.S. to End Importation of Russian Oil,Rep. Marcy Kaptur,"""Throughout my service to the people of Ohio, I have always fought for American energy security and independence, and this moment is no different,"" said Rep. Kaptur. ""The world is watching America -- the global beacon of hope -- to do what is right. I have heard my constituents loud and clear: as the gold standard for freedom, Liberty, and democracy -- America must cut its reliance on the blood oil that fuels Vladimir Putin's tyrannical reign. The time has come to end the importation of Russian oil. Let us recommit to delivering our energy future right here at home, and bolstering our workers and industries for a new era of American innovation.""Source"
entitlements_and_safety_net,"Oct. 13, 2022",Kaptur Applauds Social Security Boost; Calls for Passage of Social Security 2100 Act,Rep. Marcy Kaptur,"Today, Representative Marcy Kaptur (OH-09) released the following statement applauding the 8.7 percent increase to Social Security benefits and calling for passage of the Social Security 2100 Act.""Millions of seniors across Ohio will soon receive a big boost to their Social Security checks,"" said Rep. Kaptur. ""With an average increase of $140 a month, we're putting real money in seniors' pockets that will go a long way in helping with everyday expenses. Now, we must build on this progress by passing the Social Security 2100 Act. Our bill would repeal the harmful Windfall Elimination and Government Pension Offset Provisions, increase benefits, and cut taxes for millions of seniors. Social Security is a sacred commitment to America's retirees, and I'll continue fighting to strengthen its promise for present and future generations.""The Social Security 2100 Act is comprehensive legislation co-introduced by Rep. Kaptur that would strengthen Social Security by:Repealing the Windfall Elimination Provision (WEP) and Government Pension Offset Provision (GPO) which reduce benefits for police officers, firefighters, teachers, and other public servantsProviding an across-the-board benefits increase for current and future beneficiariesImproving the annual cost-of-living adjustment (COLA) formula to protect seniors against inflationCutting taxes on benefits for 23 million AmericansSource"
government_budget_and_spending,"Oct. 13, 2022",Kaptur Applauds Social Security Boost; Calls for Passage of Social Security 2100 Act,Rep. Marcy Kaptur,"Today, Representative Marcy Kaptur (OH-09) released the following statement applauding the 8.7 percent increase to Social Security benefits and calling for passage of the Social Security 2100 Act.""Millions of seniors across Ohio will soon receive a big boost to their Social Security checks,"" said Rep. Kaptur. ""With an average increase of $140 a month, we're putting real money in seniors' pockets that will go a long way in helping with everyday expenses. Now, we must build on this progress by passing the Social Security 2100 Act. Our bill would repeal the harmful Windfall Elimination and Government Pension Offset Provisions, increase benefits, and cut taxes for millions of seniors. Social Security is a sacred commitment to America's retirees, and I'll continue fighting to strengthen its promise for present and future generations.""The Social Security 2100 Act is comprehensive legislation co-introduced by Rep. Kaptur that would strengthen Social Security by:Repealing the Windfall Elimination Provision (WEP) and Government Pension Offset Provision (GPO) which reduce benefits for police officers, firefighters, teachers, and other public servantsProviding an across-the-board benefits increase for current and future beneficiariesImproving the annual cost-of-living adjustment (COLA) formula to protect seniors against inflationCutting taxes on benefits for 23 million AmericansSource"
government_budget_and_spending,"April 28, 2022",Kaptur Statement on House Passage of Lend-Lease Act for Ukraine,Rep. Marcy Kaptur,"""The cause of Liberty around the globe is one to which the United States must be fiercely committed,"" said Rep. Kaptur. ""Just as President Roosevelt marshalled U.S. arms for our allies during WWII, we must now do the same now to defeat the tyrant seeking to rebuild his fallen empire. The Lend-Lease Act is the tool we need to aid Ukraine and defeat the Russian war machine. Until Putin retreats, we will not give up the fight.""Source"
government_budget_and_spending,"March 2, 2022",Kaptur Calls for State Partnership Program to Deliver Humanitarian Aid to Ukraine,Rep. Marcy Kaptur,"Today, Congresswoman Marcy Kaptur (OH-09) -- Co-Chair of the bipartisan Congressional Ukraine Caucus -- released the following statement calling on the Biden Administration to activate the joint U.S. Department of Defense-National Guard State Partnership Program to deliver humanitarian aid to Ukraine.""Vladimir Putin's murderous rampage is indiscriminately killing innocent men, women, and children across Ukraine. While Ukraine's military valiantly defends its homeland, Ukraine's people are in need of food, clothing, and medical supplies that are rapidly depleting. The Department of Defense and National Guard units -- through the State Partnership Program -- have the expertise and capability to transport these resources to Europe safely and quickly. As the Free World rushes military assistance to Ukraine and sanctions Putin and his oligarchs, it is imperative that we also deliver the humanitarian aid that sustains and protects Ukrainian civilians. I call on the Biden Administration to activate the State Partnership Program so that the more than 20 states with partnerships in Europe -- including Ohio -- may mobilize and dispatch the resources to Ukraine that she so desperately needs.""More information on the State Partnership Program can be found here.Source"
defense,"Feb. 2, 2022","Letter to Hon. Carlos Del Toro, Secretary of the Navy - Brown, Colleagues Urge the Navy to Address Maintenance Backlogs at the Navy's Four Government-Operated Naval Shipyards","Rep. Marcy Kaptur, ...","Dear Mr. Secretary:We write to thank you for your service to our brave service members in uniform and raise concerns with the Navy shipyards' performance. Specifically, we are concerned about the maintenance backlogs at the Navy's four government-operated naval shipyards -- the primary facilities responsible for depot-level maintenance work on the Navy's Fast Attack Submarine Fleet. Our nation's Submarine Fleet plays an essential role in our national security and maintenance delays are degrading our nation's readiness. Submariners serving aboard these vessels spend months on end forward-deployed deterring adversaries and demonstrating commitment to the collective defense of our allies. We urge you to expand and improve shipyard performance to increase readiness.A 2020 GAO report highlighted the troubling status of the SSN maintenance program where it found ""the Navy's four shipyards completed five of 33 (15 percent) submarine maintenance periods for fiscal years 2015 through 2019 on time or early, and 28 of 33 (85 percent) late. Cumulatively, the completed submarine maintenance periods at the four shipyards were a total of 6,296 days late during this period, with an average of 225 days late for each delayed submarine maintenance period.It is clear from this and other reports that the current maintenance plan is not sufficient to meet the Navy's submarine fleet's maintenance needs. While there are efficiencies to be gained from improved processes, additional shipyards would allow more submarines to enter the maintenance cycle simultaneously and improve overall fleet readiness. These shipyards require specialized equipment, such as drydocks, and a highly-skilled workforce trained to the necessary exacting standards.Accordingly, to help us better understand the Navy's plans to improve fleet maintenance and overall readiness, please respond to the following questions:Does the Navy see the current Los Angeles and Virginia Class fast attack submarine maintenance backlog as a detriment to overall readiness?Would additional private or government-owned shipyards capable of conducting maintenance on fast attack submarines significantly reduce the backlog of maintenance and get ships back to the operating forces faster?Has the Navy conducted studies on the viability of contracting with new shipyards to conduct maintenance on fast attack submarines?  If no, why not?Has the Navy considered establishing a Great Lakes maintenance facility? Lake Erie and Ohio possess a highly trained workforce and facilities that could be readily developed to serve the maintenance needs of the submarine force.Ohio has a highly-trained, technical workforce and many small and medium-sized firms that manufacture parts for construction and maintenance of America's nuclear submarine and aircraft carrier fleets. Our labor force is highly-skilled and well-educated in the necessary technical know-how of industrial production.  Ohio would welcome the opportunity to address the maintenance backlog of the Navy in an effective and cost-efficient manner and could train a world-class workforce ready to meet the highly technical requirements associated with the maintenance and overhaul of the nuclear fast attack submarine fleet.Strategically located on the Great Lakes, Ohio possesses numerous locations suitable for the establishment of a private shipyard to conduct necessary submarine fleet maintenance. Existing shipyards have a long history conducting maintenance on maritime vessels and could readily pivot to submarine maintenance.We thank you for your service to our nation and look forward to your reply.Sincerely,Source"
energy,"May 26, 2022","Letter to Joseph R. Biden, President of the United States - Kaptur, Colleagues Urge Administration to Shield American Solar Manufacturing Industry from Unfair Foreign Competition","Rep. Marcy Kaptur, ...","Dear President Biden:We write to you as lawmakers to voice our strong support for the Department of Commerce's (DOC) investigation into whether Chinese solar cells and modules are circumventing antidumping and countervailing duties (AD/CVD) through Malaysia, Vietnam, Thailand, and Cambodia. In particular, we write to highlight our support for the civil servants, including analysts, economists, attorneys, and investigators at the DOC who are charged with enforcing our nation's trade remedy laws. Their commitment to due process for American manufacturers in the face of well-funded, overwhelming special interest political pressure seeking to undermine an independent, quasi-judicial investigation should be commended. This political pressure is an attempt to undermine the integrity of our trade enforcement laws and the independence of our federal workforce.At its core, this investigation into potential Chinese circumvention of our anti-dumping and countervailing duties through several Southeast Asian countries is a trade enforcement matter. Much of the current political narrative seeks to misstate the legal basis for AD/CVD cases and anti-circumvention investigations. These investigations have been an important fixture of our trade enforcement system since anti-dumping and countervailing duty laws were first enacted in 1930 to ensure American manufacturers and their employees did not suffer injury from global anti-competitive market behavior. The duties currently imposed on Chinese solar cells and modules are in place after exhaustive investigations by both the DOC and the U.S. International Trade Commission found that Chinese solar cells and modules were being unfairly dumped onto the American market and materially injuring our American solar industry. While these kinds of investigations of material harm to American industry are rarely in the news, they are vitally important as American companies have been on the receiving end of anti-market behavior -- much of it bankrolled by foreign governments -- in industries ranging from steel products, truck trailer chassis, furniture, engines, mattresses, paper, welded pipes, propane gas tanks, and plywood, among many others. To underscore and reiterate the point: these laws are designed to ensure that American manufacturers and producers can compete on a level playing field, free from unfair trade practices.AD/CVD cases are critical in industries where China has virtually a global production monopoly, such as with solar cells and modules. The United States currently leads the world in solar technology innovation, yet 80% of the world's solar panels are currently made in China. Through a combination of lax environmental standards, the use of forced labor in the Xinjiang region, targeted subsidies, and other predatory trade practices such as dumping, circumvention, and intellectual property theft, China has engaged in unfair trade for years against American competitors.This new petition filed on behalf of a small woman-and-minority-owned company, Auxin Solar, alleges that the antidumping and countervailing duties on Chinese cells and modules are being circumvented by shipping Chinese-made goods though countries like Malaysia, Vietnam, Thailand, and Cambodia. If the petition is correct, this is an illegal circumvention of U.S. trade remedy laws. The DOC is upholding U.S. law by investigating this petition. Investigations must be allowed to move forward, free from external influence. If there is no illegal circumvention of our trade remedy laws, the investigation will draw that conclusion.It is troubling that corporate lobbying against a simple investigation would reach this level of mass hysteria if there was not some concern over what career civil servants at DOC may uncover. It is unclear why millions of dollars would be spent on advertising and lobbying to urge political interference in the trade enforcement process. The Solar Energy Industries Association (SEIA), which has spearheaded lobbying against this investigation and represents the interests of commercial-scale solar installation and financing interests, includes Chinese manufacturers in its membership: JinkoSolar, JA Solar, Trina Solar, BYD, LONGi Solar, and Canadian Solar.1 Several of these companies have had their shipments to the United States blocked by Customs and Border Protection (CBP) for use of Uyghur slave labor in their production, and they are the exact companies that have been subject to the original duties.2 The foreign solar manufacturers suggest that the DOC investigation inserts uncertainty over potential future duties. There should be no uncertainty on the market at all if these companies fully participate in the review and if, as they assert, there is no illegal AD/CVD circumvention occurring.This would not be the first time that Chinese companies have sought to avoid U.S. duties on solar products and used the cover of domestic industry to mask their actions. After initial duties were imposed on Chinese solar products in 2012, Chinese companies moved operations to Taiwan, leading to a new AD/CVD case in 2014. If the petition from Auxin is accurate, Chinese companies continued their ""whack-a-mole"" approach by subsequently moving factory production to Malaysia, Vietnam, Thailand, and Cambodia after 2012, while using components and equipment almost exclusively made in China, and selling their products in the American market. If that's the case, then American solar developers and installers have been relying on dumped and subsidized Chinese solar products directed through pass-through countries for their solar project installations. Regulators at DOC must be given sufficient time and resources to thoroughly investigate this petition -- any request to end the investigation earlier than what is necessary for a thorough investigation is, in essence, a request for lax enforcement of U.S. trade remedy laws.Beyond the basic integrity of our trade enforcement system and process that enables our government to shield American industry from anti-market predatory behavior, there are important policy reasons to support aggressive enforcement. Robust trade enforcement is a key component of this Administration's long and short-term goals of supporting American clean energy manufacturing in the race toward a resilient clean energy future. American clean energy manufacturers must know that the United States government will enforce its own trade remedy laws; they need the certainty and security of a level playing field for American workers and products. Under no circumstances should American producers be asked to compete in an anticompetitive market where foreign producers are allowed to manipulate prices, increase environmental pollution, and use slave labor with impunity.A robust, durable, and long-term climate change policy must include incentives for ""clean"" clean energy manufacturers. Such an approach gives American producers a competitive advantage since they are the cleanest manufacturers in the world and it deters manufacturers that would aggressively pollute the Earth to produce the cheapest products. It is the height of irony that Chinese solar manufacturing has required new coal-powered generation to be brought online. In fact, China started more coal plants in its solar producing region in 2020 than the world decommissioned combined that year.3  If it takes years for a solar plant using coal to return to carbon neutrality, it is actively counterproductive to our global climate change efforts to rely on Chinese-made products for clean energy utility use.4Separately, there are a number of additional issues outside of trade enforcement that need to be raised. First, there are national security concerns with Chinese companies dominating the solar market. Solar energy is vulnerable to cyberattack through solar photovoltaic inverters and microchips or microcontrollers embedded into a module's junction box, which can be programmed. These smart modules look virtually identical to a traditional photovoltaic module. By relying on Chinese-made solar panels, we jeopardize America's energy security well beyond this administration. The war in Ukraine has given us deeper, real-time insight into the dangers of overreliance on an autocratic foreign power for energy. Having half of our electric grid rely exclusively on solar panels and arrays from China, and limited U.S. solar technology and manufacturing capability due to failure to enforce trade laws, could put American energy and national security in a precarious position.Moreover, we believe that some of the claims on the effects for solar installations as a result of this investigation are disingenuous. In the past ten years, solar has shifted to the least costly form of producing electricity, and trade enforcement laws have not changed in the interim. In fact, the cost of solar has continued to decline, despite previous tariffs imposed under Solar 1 and Solar 2 AD/CVD and Section 201 Solar Safeguards. The more recent Section 201 Solar Safeguards from the previous administration have been in place since 2018, and every year since then SEIA has released reports on the growth of solar installations -- averaging 40% increases every year.5We are hearing reports that the current ""freeze"" on solar panel imports is not a result of work stoppages, but instead a conscious choice by Chinese manufacturers to temporarily constrain supply on the American market to exert more political pressure on this administration. If anything, there seems to be a deliberate exploitative use of this investigation as an excuse to break American contracts and divert product to the European Union, where prices for solar products have skyrocketed in recent months due to the war in Ukraine.6 If true, this is even more reason for this administration to thoroughly investigate the circumvention claim and arm itself with the information it needs to move away from dependence on Chinese-made solar panels.The bottom line is that short-term supply disruptions in the solar supply chain are no reason to abandon trade enforcement. In fact, if trade enforcement is abandoned, these short-term disruptions will almost certainly become long-term issues. The existing challenges are almost exclusively caused by our unhealthy overreliance on a supply chain dominated by Chinese manufacturers, whether it be due to the increase in logistics costs, skyrocketing polysilicon prices caused by a Chinese monopoly, and concerns over Chinese forced labor. All of these issues could be resolved in relatively short order if we enforce trade laws and support American solar manufacturers in rebuilding an alternative supply chain not over-reliant on the Chinese.We support this Administration's commitment to enforcing our trade laws and promoting domestic manufacturing. We believe we can and will meet our climate goals without exclusive reliance on Chinese-made solar panels, whether shipped directly or via third party countries. As a result, the U.S. electrical grid will emerge stronger, more reliable, and more secure. If undue political influence on this case is allowed to prevail, it would lead to more risks and vulnerabilities tomorrow by sending the message to non-market countries that our trade enforcement laws and future AD/CVD cases can be undermined through aggressive political lobbying.Source"
