topic,date,title,politician,full_text
finance_and_banking,"Aug. 31, 2022","Letter to Joseph R. Biden, President of the United States - Congressman Cloud Blasts Biden Administration's Student Loan Bailout",Rep. Michael Cloud,Only available in PDF format; please use source to view documentSource
energy,"Oct. 26, 2022","Letter to Jennifer Granholm, Secretary of Energy - Mace, Comer, Oversight Republicans Sound Alarm Over the Biden Administration's Plan to Ban Oil and Gas Exports","Rep. Michael Cloud, ...",Only available in PDF format; please use source to view documentSource
energy,"Jan. 25, 2022","Letter to Hon. Joseph Biden, President of the United States of America - Hinson Calls on Administration to Rescind Executive Order Requiring Federal Agencies to Purchase ""Zero Emission"" Vehicles","Rep. Michael Cloud, ...",Letter is available as PDF: use source belowSource
government_budget_and_spending,"Oct. 11, 2022","Letter to Miguel Cardona, Secretary of Education - Comer & Foxx Reveal New Evidence of COVID Relief Dollars Funding Woke Initiatives","Rep. Michael Cloud, ...",Only available in PDF format; please use source to view documentSource
