topic,date,title,politician,full_text
civil_liberties_and_rights,"April 26, 2022",Congressman Johnson's Statement on President Biden's Plan to Increase Opportunities for Formerly Incarcerated People,Rep. Anderson Ferguson,"House Judiciary Subcommittee on Courts, Intellectual Property and the Internet Chairman Hank Johnson (GA-04) today issued the following statement after President Biden unveiled a comprehensive plan to expand opportunities for formerly incarcerated persons:""As a former defense attorney, judge and criminal justice reform champion as Congressman for Georgia's Fourth District, I appreciate the Biden-Harris Administration's comprehensive plan to offer meaningful opportunities for redemption and rehabilitation to empower those who have been incarcerated to become productive, law-abiding, members of society, and reduce crime and make our communities safer. I look forward to working with the administration to continue my local efforts to help break the cycle of recidivism and poverty and help make those who have been previously incarcerated more productive, healthy citizens. I applaud the President for commuting the sentences of so many Georgians and many more nationwide.""Source"
civil_liberties_and_rights,"March 17, 2022","House Passes Rep. Johnson's Bipartisan FAIR Act, which Ends Forced Arbitration & Restores Accountability to Consumers, Workers",Rep. Anderson Ferguson,"Today, Congressman Hank Johnson's (GA-04) bipartisan Forced Arbitration Injustice Repeal (FAIR) Act (H.R. 963) that re-establishes everyday Americans' 7th Amendment right to seek justice and accountability through the court system, passed the House of Representatives with 222 votes.""My bill will restore fairness to the American justice system by reasserting an individual's right to access the court system,"" said Rep. Johnson. ""The FAIR Act would ensure that men and women contracting with more powerful entities aren't forced into private arbitration, where the bigger party often has the advantage of choosing the arbitrator in an unappealable decision. I appreciate my colleagues' support in passing this commonsense reform. I'm in Congress to stand up for the voiceless and the powerless, and this bill, the Forced Arbitration Injustice Repeal Act, or the FAIR Act, is a testament to that.""The House bill will eliminate forced arbitration clauses in employment, consumer, civil rights and antitrust cases, and allow consumers and workers to agree to arbitration after a dispute occurs.The FAIR Act now goes to the Senate, where Sen. Richard Blumenthal (D-CT) has introduced the companion legislation (S-505) and has 39 cosponsors.Source"
criminal_justice,"April 26, 2022",Congressman Johnson's Statement on President Biden's Plan to Increase Opportunities for Formerly Incarcerated People,Rep. Anderson Ferguson,"House Judiciary Subcommittee on Courts, Intellectual Property and the Internet Chairman Hank Johnson (GA-04) today issued the following statement after President Biden unveiled a comprehensive plan to expand opportunities for formerly incarcerated persons:""As a former defense attorney, judge and criminal justice reform champion as Congressman for Georgia's Fourth District, I appreciate the Biden-Harris Administration's comprehensive plan to offer meaningful opportunities for redemption and rehabilitation to empower those who have been incarcerated to become productive, law-abiding, members of society, and reduce crime and make our communities safer. I look forward to working with the administration to continue my local efforts to help break the cycle of recidivism and poverty and help make those who have been previously incarcerated more productive, healthy citizens. I applaud the President for commuting the sentences of so many Georgians and many more nationwide.""Source"
criminal_justice,"March 17, 2022","House Passes Rep. Johnson's Bipartisan FAIR Act, which Ends Forced Arbitration & Restores Accountability to Consumers, Workers",Rep. Anderson Ferguson,"Today, Congressman Hank Johnson's (GA-04) bipartisan Forced Arbitration Injustice Repeal (FAIR) Act (H.R. 963) that re-establishes everyday Americans' 7th Amendment right to seek justice and accountability through the court system, passed the House of Representatives with 222 votes.""My bill will restore fairness to the American justice system by reasserting an individual's right to access the court system,"" said Rep. Johnson. ""The FAIR Act would ensure that men and women contracting with more powerful entities aren't forced into private arbitration, where the bigger party often has the advantage of choosing the arbitrator in an unappealable decision. I appreciate my colleagues' support in passing this commonsense reform. I'm in Congress to stand up for the voiceless and the powerless, and this bill, the Forced Arbitration Injustice Repeal Act, or the FAIR Act, is a testament to that.""The House bill will eliminate forced arbitration clauses in employment, consumer, civil rights and antitrust cases, and allow consumers and workers to agree to arbitration after a dispute occurs.The FAIR Act now goes to the Senate, where Sen. Richard Blumenthal (D-CT) has introduced the companion legislation (S-505) and has 39 cosponsors.Source"
energy,"March 7, 2022",Congressman Ferguson: Energy Security Is National Security,Rep. Anderson Ferguson,"U.S. Congressman Drew Ferguson (R-Ga.), Chief Deputy Whip of the House Republican Conference and a member of the House Energy Action Team (HEAT), recently cosponsored H.R. 6886, the Powering America through Domestic Energy (PADE) Act. This bill would ban the importation of crude oil and petroleum products from the Russian Federation and bar President Biden from declaring and implementing a moratorium on the use of hydraulic fracturing or on oil and gas leasing on federal lands without Congressional approval.""As Vladimir Putin continues his brutal, unjust war against Ukraine, our nation's need for energy independence has never been greater,"" Ferguson said. ""The U.S. currently imports 600,000 barrels of Russian oil a day, sending millions of dollars to Putin's tyrannical regime. Every gallon of Russian oil has Ukrainian blood on it. Instead of powering Putin, America and our allies should be fueled by American energy, and we must respond by replacing Russian oil and gas with clean American resources by increasing domestic production to regain our energy independence. It's clear that energy security is national security, and the PADE Act is a good first step toward ending dependency on Russian resources while increasing American energy independence.""Background:Last week, Ferguson joined House Republican Whip Steve Scalise (R-La.), House Republican Leader Kevin McCarthy (R-Calif.), Republican Conference Chairwoman Elise Stefanik (R-N.Y.), and 80 members of HEAT in sending a letter to President Biden that identifies actions he can take now to promote domestic oil and natural gas production, lower domestic energy costs, and reassert America's strength abroad.Source"
