topic,date,title,politician,full_text
energy,"Nov. 2, 2022","Letter to Tristan Brown, Deputy Administrator of the Pipeline and Hazardous Materials Safety Administration - Chairs DeFazio, Pallone, Payne, Jr., and Rush Urge PHMSA to Continue Implementation of Pipeline Safety Laws","Rep. Frank Pallone, ...",Only available in PDF format; please use source to view documentSource
energy,"Sept. 27, 2022","Letter to Mr. Wayne Stensby, President & CEO of LUMA Energy, LLC - Lawmakers Demand Answers as More Than 500,000 Remain Without Power in Puerto Rico","Rep. Frank Pallone, ...",Only available in PDF format; please see source to view document.Source
energy,"Nov. 11, 2022",Pallone Applauds Biden Administration's Methane Announcement,Rep. Frank Pallone,"Energy and Commerce Committee Chairman Frank Pallone, Jr. (D-NJ) released the following statement today after the Biden Administration announced a new Environmental Protection Agency (EPA) supplemental proposal to curb methane emissions from oil and gas sources, as well as an update to the U.S. Methane Emissions Reduction Action Plan:""Methane is one of the most dangerous and potent greenhouse gases, responsible for one-third of the warming we contend with today. I applaud the Biden Administration for tackling that challenge head on and proposing stronger and more comprehensive standards to slash methane pollution from the oil and gas sector.  By capturing more sources of methane, expanding new monitoring techniques and technologies, and addressing longstanding challenges like abandoned and unplugged wells, the Biden EPA is both safeguarding Americans' right to clean air and reclaiming our mantle as a global climate leader.""I'm also thrilled that the Updated U.S. Methane Emissions Reduction Action Plan now includes key resources and strategies made possible by the historic climate investments Congress made in the Inflation Reduction Act.   From the Methane Emissions Reduction Program to the Advanced Industrial Facilities Deployment Program, I am proud that this legislation added so many critical new tools to our collective toolbox. I'm even prouder that, taken together with the Bipartisan Infrastructure Law, these unprecedented climate achievements have put us on track to meet our aggressive climate goals.""Meeting this moment demands a comprehensive, government-wide approach to slashing methane pollution and I'm happy to stand with the President as we achieve exactly that. I look forward to working with the Biden Administration, my colleagues, and stakeholders to ensure EPA finalizes a strong rule and that the United States leads the way to a clean, sustainable future.""The announcement comes as Pallone joins world leaders in Sharm el-Sheikh, Egypt, for COP27 to discuss the global response to climate change. According to the EPA, the new proposed rule would reduce methane emissions from covered sources by 87 percent from 2023 to 2035.Source"
energy,"Oct. 19, 2022",Pallone Applauds Biden's Strategic Petroleum Reserve Announcement to Lower Prices at the Pump,Rep. Frank Pallone,"Energy and Commerce Committee Chairman Frank Pallone, Jr. (D-NJ) issued the following statement today praising President Biden's announcement that he will release 15 million barrels of oil from the Strategic Petroleum Reserve (SPR) to provide relief to Americans facing high gas prices as a result of the latest manipulation of the global oil market by OPEC+:""Thanks to President Biden, gas prices began to fall over the summer, but now we are once again witnessing how easily the global oil market is manipulated -- this time by OPEC+. Nothing is compelling OPEC+ to cut production -- they are doing so in an effort to weaponize oil prices in service of Russia and its illegal war on Ukraine. By deliberately squeezing the global oil market dry of supply, they are raising our gas prices for their profit. I commend President Biden for taking decisive action to provide relief to the American people. Families cannot afford to bear the burden of these unpredictable price spikes.""I'm also pleased to see the President announce a number of new policies to combat these sudden price fluctuations, including several that align with my Buy Low and Sell High Act. By empowering the government to buy back oil when prices hit $72 per barrel or lower, the President is using common sense strategies to stabilize the market and shore up our own reserves. Americans are tired of paying the price for our dependence on an unpredictable global oil market, so it's time we start implementing innovative new ideas. That's why I introduced the Buy Low and Sell High Act, and why I'll keep fighting to bring costs down for all Americans.""Source"
energy,"Sept. 26, 2022","Pallone Introduces the Buy Low and Sell High Act, New Legislation to Keep Gas Prices Falling",Rep. Frank Pallone,"Energy and Commerce Committee Chairman Frank Pallone, Jr. (D-NJ) introduced the Buy Low and Sell High Act today, new legislation that creates an Economic Petroleum Reserve designed to continue the trend of falling gasoline prices and make money for American taxpayers by empowering the Department of Energy (DOE) to buy oil when prices are low and sell oil when prices are high.Joining Pallone in introducing the bill are Energy Subcommittee Chairman Bobby L. Rush (D-IL) along with Reps. Angie Craig (D-MN), Jason Crow (D-CO), Josh Harder (D-CA), Annie Kuster (D-NH), Tom O'Halleran (D-AZ), Abigail Spanberger (D-VA), and David Trone (D-MD).""Americans are tired of bearing the burden of our dependence on a volatile, unpredictable oil market controlled primarily by foreign dictators and adversaries. It's time for new, innovative solutions to keep bringing prices down, and that's where the Economic Petroleum Reserve comes in. By empowering DOE to buy oil when prices are low and sell when they are high, my bill helps us regain control of domestic gas prices and protects drivers from future price fluctuations,"" said Pallone.  ""Not only does this bill grant DOE the flexibility it needs to keep prices falling, but it also recognizes that our reliance on fossil fuels makes us weaker, and uses the proceeds from oil sales to build out electric vehicle infrastructure. This is what a win-win looks like.""After the Organization of Petroleum Exporting Countries (OPEC) oil embargo of 1973 -- 1974, Congress created the Strategic Petroleum Reserve (SPR) to insulate Americans from global oil supply disruptions. While President Biden has successfully used the SPR to lower gas prices -- which have fallen more than $1.30 per gallon since June -- Pallone believes new authorities are needed to ensure that OPEC and Russia cannot continue to manipulate global oil prices to the detriment of American consumers.The Buy Low and Sell High Act gives the President the ability to better protect American consumers by designating a subset of the SPR as the ""Economic Petroleum Reserve"" (EPR). It grants DOE the ability to sell barrels from the EPR when prices are high, ensuring that Americans get immediate price relief instead of waiting months or years. The new EPR would consist of up to 350 million barrels of oil. DOE would have the authority to purchase oil for the EPR at prices below $60 per barrel and then could sell oil when prices exceed $90 per barrel.In addition to creating the EPR, Pallone's bill also:Establishes strategic gasoline and diesel reserves in every region of the United States, ensuring product can be deployed immediately during emergencies, such as the Colonial Pipeline malware attack;Prohibits barrels stored within the SPR from being exported or sold to entities owned, controlled, or influenced by China, Russia, Iran, North Korea, or any other country under U.S. sanctions;Reduces our reliance on foreign oil and empowers states to lead the transition to electric vehicles (EVs) by investing profits from oil sales in state EV infrastructure programs;Lowers gasoline prices and improves our energy security by funding improvements at oil refineries located in allied countries; andEnsures that the federal government leads by example and sets targets for acquiring a fully zero-emission federal vehicle fleet.Source"
energy,"Sept. 26, 2022","Pallone Introduces the Buy Low and Sell High Act, New Legislation to Keep Gas Prices Falling",Rep. Frank Pallone,"Congressman Frank Pallone, Jr. (NJ-06) introduced the Buy Low and Sell High Act today, new legislation that creates an Economic Petroleum Reserve designed to continue the trend of falling gasoline prices and make money for American taxpayers by empowering the Department of Energy (DOE) to buy oil when prices are low and sell oil when prices are high.""Americans are tired of bearing the burden of our dependence on a volatile, unpredictable oil market controlled primarily by foreign dictators and adversaries. It's time for new, innovative solutions to keep bringing prices down, and that's where the Economic Petroleum Reserve comes in. By empowering DOE to buy oil when prices are low and sell when they are high, my bill helps us regain control of domestic gas prices and protects drivers from future price fluctuations,"" said Pallone. ""Not only does this bill grant DOE the flexibility it needs to keep prices falling, but it also recognizes that our reliance on fossil fuels makes us weaker and uses the proceeds from oil sales to build out electric vehicle infrastructure. This is what a win-win looks like.""After the Organization of Petroleum Exporting Countries (OPEC) oil embargo of 1973 -- 1974, Congress created the Strategic Petroleum Reserve (SPR) to insulate Americans from global oil supply disruptions.  While President Biden has successfully used the SPR to lower gas prices -- which have fallen more than $1.30 per gallon since June -- Pallone believes new authorities are needed to ensure that OPEC and Russia cannot continue to manipulate global oil prices to the detriment of American consumers.The Buy Low and Sell High Act gives the President the ability to better protect American consumers by designating a subset of the SPR as the ""Economic Petroleum Reserve"" (EPR).  It grants DOE the ability to sell barrels from the EPR when prices are high, ensuring that Americans get immediate price relief instead of waiting months or years.  The new EPR would consist of up to 350 million barrels of oil.  DOE would have the authority to purchase oil for the EPR at prices below $60 per barrel and then could sell oil when prices exceed $90 per barrel.In addition to creating the EPR, Pallone's bill also:Establishes strategic gasoline and diesel reserves in every region of the United States, ensuring product can be deployed immediately during emergencies, such as the Colonial Pipeline malware attack;Prohibits barrels stored within the SPR from being exported or sold to entities owned, controlled, or influenced by China, Russia, Iran, North Korea, or any other country under U.S. sanctions;Reduces our reliance on foreign oil and empowers states to lead the transition to electric vehicles (EVs) by investing profits from oil sales in state EV infrastructure programs;Lowers gasoline prices and improves our energy security by funding improvements at oil refineries located in allied countries; andEnsures that the federal government leads by example and sets targets for acquiring a fully zero-emission federal vehicle fleet.Source"
energy,"Aug. 12, 2022",Pallone Helps Secure Inclusion of Superfund Tax on Oil and Petroleum Companies in Inflation Reduction Act,Rep. Frank Pallone,"Congressman Frank Pallone, Jr. (NJ-06) applauded the inclusion of the Superfund tax on oil and petroleum companies in the Inflation Reduction Act. The reinstatement of the tax is effective January 1, 2023. The tax is expected to raise $11.7 billion. Pallone has long advocated for reinstating the tax on these companies to ensure polluters, not taxpayers, foot the bill for cleaning up waste and pollution. In July, the Superfund tax was reinstated on chemical companies thanks to the Bipartisan Infrastructure Law.Pallone has long fought to reinstate the full Superfund taxes on corporate polluters that expired in 1995. Earlier this year, he reintroduced the Superfund Polluter Pays Act, legislation to reinstate the full Superfund taxes, including taxes on crude oil and petroleum products.""Today marks a historic day in our campaign to clean up Superfund sites. Thanks to the Inflation Reduction Act, American taxpayers will not have to pay for the mistakes of corporate polluters,"" Pallone said. ""I'm pleased that the tax on oil and petroleum companies will now be reinstated. With this new funding source, the Environmental Protection Agency will be able to tackle more cleanups and address cleanup backlogs years in the making. Taxpayers are tired of footing the bill for cleanups, and I'll continue to fight to ensure that we hold the corporations responsible for polluting our communities accountable.""Pallone has been a longtime advocate for cleanup of Superfund polluting sites in New Jersey and around the nation. An estimated 50 percent of the state's population lives within three miles of a Superfund site. In August, Pallone hosted EPA Administrator Michael S. Regan in Old Bridge to announce that EPA would advance cleanup of the Raritan Bay Slag Superfund site in Old Bridge Township and Sayreville. As a result of Pallone's advocacy, the Raritan Bay Slag site was placed on EPA's Superfund National Priorities List in 2009.Source"
energy,"Aug. 3, 2022",Letter to Oil Company CEOs - Pallone Demands Answers From Oil Companies on Record Breaking Profits Amid High Gas Prices,Rep. Frank Pallone,Only available in PDF format; please use source to view documentSource
energy,"June 30, 2022","Letter to Joseph R. Biden, President of the United States - Pallone Calls on President Biden to Halt Crude Oil Exports to Help Reduce Domestic Prices at the Pump",Rep. Frank Pallone,Only available in PDF format; please use source to view documentSource
energy,"June 13, 2022",Pallone & Rush Applaud Biden Administration Proposal on Efficiency Standards for Home Furnaces,Rep. Frank Pallone,"Energy and Commerce Committee Chairman Frank Pallone, Jr. (D-NJ) and Energy Subcommittee Chairman Bobby L. Rush (D-IL) released the following statement today after the Department of Energy (DOE) proposed new energy-efficiency standards for residential gas furnaces that will significantly reduce greenhouse gas pollution and save consumers billions of dollars annually on their energy bills:""This proposal is a smart, commonsense way to reduce energy costs for American families and we applaud the Biden Administration for taking every action possible to lower home energy bills. By updating these efficiency standards, Americans not only stand to save more than $1.9 billion every year, but also stand to benefit from substantial cuts to dangerous greenhouse gas pollution that puts an enormous burden on both our climate and public health. This is a giant leap toward more affordable energy and cleaner, safer air for all.""Under today's proposed rule, non-weatherized gas furnaces and those used in mobile homes would be required to achieve an annual fuel utilization efficiency of 95 percent. These efficiency improvements would save consumers $1.9 billion annually and, over 30 years, reduce carbon emissions 373 million metric tons and methane emissions by 5.1 million tons -- the equivalent of what 61 million homes emit annually.Source"
energy,"May 12, 2022",Pallone Opening Remarks at Energy Hearing on Hydropower,Rep. Frank Pallone,"Energy and Commerce Chairman Frank Pallone, Jr. (D-NJ) delivered the following opening remarks today at an Energy Subcommittee hearing titled, ""Modernizing Hydropower: Licensing and Reforms for a Clean Energy Future:""Today the Committee continues its work to move towards a clean energy future. Hydroelectric generation is one of the oldest sources of renewable energy, and it remains a reliable source of carbon-free power and grid stability.Those important benefits, however, can also come with a very high cost. Hydroelectric works and dams can cause significant environmental impacts, interfere with the use of Tribal lands, and decimate fish and wildlife. So we must find a balanced approach to hydropower development and modernization, while still protecting fish and wildlife populations, water quality, recreational activities, and the role of Tribal nations.Last year, hydropower produced more than six percent of the nation's electricity. Several states, including Washington, Oregon, New York, and California, particularly rely on hydropower both to keep the lights on and to maintain grid reliability. As a carbon-free resource, hydropower also plays an instrumental role in combatting the climate crisis.Despite its current role in our energy mix, many hydropower projects are nearing the end of their 50-year licenses. The industry has claimed that the ability to license new hydropower projects, or to relicense existing projects, has become too onerous. According to hydropower development proponents, hydroelectric generation has the potential to provide an additional 50 gigawatts of carbon-free power, including through the establishment of facilities on non-powered dams. But the proponents say this is only possible if Congress reforms the Federal Power Act's licensing framework.On the other hand, environmental groups, recreation enthusiasts, and Tribal nations have long maintained that the Federal Power Act's protections for fish and wildlife, recreational opportunities, and Tribal interests are essential to ensuring the thoughtful licensing and relicensing of hydropower projects. Weakening those protections could put fish, wildlife, and the $375 billion outdoor recreation economy at risk.Given these competing interests, I commend the Uncommon Dialogue stakeholders -- comprised of participants from the hydropower industry, environmental groups, and Tribes -- for their truly unprecedented and historic effort to bridge long-standing divides and reach an agreement on reforms to the Federal Power Act's hydropower licensing process.I am particularly pleased by the provisions that remove outdated, paternalistic barriers to Tribal nations acting directly as the conditioning authority for hydropower projects located on Tribal lands. This is a much-needed acknowledgement of Tribal sovereignty that I hope we can all support.Yet, while I applaud these efforts, I am concerned that the Uncommon Dialogue agreement proposes to significantly rewrite several seminal resource protection provisions within the Federal Power Act, and the decades of case law associated with them. Specifically, I am concerned about the proposals for sections 4(e) and 18. Those two provisions, along with other longstanding pieces of law the proposal seeks to change, have successfully mitigated damage to and enhanced the value of fish, wildlife, habitat, recreation, cultural resources, and flood control for decades. We should only alter them with the greatest of care and caution.That said, we cannot ignore the important role hydropower needs to play in a net-zero carbon future, and so we must find a way forward together -- something that I think Members on both sides of the aisle have a strong interest in doing.So, with that in mind, I welcome the signatories to the Uncommon Dialogue proposal who are testifying, as well as the other witnesses here today. I look forward to hearing all of your thoughts on the state of the hydropower industry, the current licensing regime, and the Uncommon Dialogue's proposed reforms. I hope this hearing will help us determine whether the Uncommon Dialogue's approach achieves the right balance between development and conservation necessary to serve as the basis for eventual bipartisan, consensus legislation to modernize the licensing process.Source"
energy,"April 26, 2022",Pallone Praises Biden Administration's New Lightbulb Efficiency Standards,Rep. Frank Pallone,"Energy and Commerce Committee Chairman Frank Pallone, Jr. (D-NJ) issued the following statement today after the Department of Energy (DOE) announced new energy efficiency standards for lightbulbs:""Today's new lightbulb efficiency standards will save Americans a combined $3 billion on their energy bills and curb carbon pollution by 222 million metric tons over the next 30 years. This is real, meaningful action to slash families' electric bills and combat the growing climate crisis. I applaud the Biden Administration for reversing Trump's senseless rollback of these lightbulb standards -- particularly at a time when Americans need relief from rising energy prices. These new lightbulb standards are a true win-win and I'm committed to working with DOE to ensure American consumers have the best, most cost-effective products available.""Today's announcement is a reversal of the Trump Administration's efforts to weaken lightbulb efficiency standards and is the result of a nearly year-long rulemaking process at DOE.Source"
energy,"April 6, 2022",Pallone Opening Remarks at Oversight Hearing With Oil Company Executives on Rising Gas Prices,Rep. Frank Pallone,"Energy and Commerce Chairman Frank Pallone, Jr. (D-NJ) delivered the following opening remarks as prepared for delivery today at an Oversight and Investigations Subcommittee hearing titled, ""Gouged at the Gas Station: Big Oil and America's Pain at the Pump:We are here today to get answers from the Big Oil companies about why they are ripping off the American people. At a time of record profits, Big Oil is refusing to increase production to provide the American people some much needed relief at the gas pump. Instead, they are buying back their stock at an estimated cost of about $40 billion this year. Big Oil is lining their pockets with one hand and taking billions in taxpayer subsidies with the other. Meanwhile, the American people are getting ripped off as these companies choose to keep production low so that their own profits stay high.The American people are understandably fed up with these prices, and we are here today to demand answers from Big Oil about when they will finally start providing the American people some relief.As oil prices rise and Americans are hurting, the six oil companies testifying today made more than $75 billion in profits between them last year. It's also likely these companies will make even more this year. In fact, on Monday Exxon announced that its first quarter profits may be more than $9 billion -- that's higher than last year's first quarter profits of $8.8 billion. All these profits while Americans are getting taken for a ride at the gas pump.Even in the face of a devastating war in Ukraine and a bipartisan agreement to ban the import of Russian oil, several of the companies testifying today told their shareholders that they would rather make money off high prices in the market than invest in additional oil production.If these companies really wanted to do something about high gas prices, they would put their profits to work by increasing supply. Right now, the oil and gas industry has more than 9,000 approved but unused drilling permits, and they should focus on using them. The problem is not a shortage of permits or land -- Big Oil is choosing to keep supply low, prices high and their pockets lined with the hard-earned dollars of struggling American consumers.The game Big Oil is playing is unfortunately nothing new. For decades American consumers have been subject to the whims of global petro-dictators and the oil companies that have benefitted from doing business with them. Foreign adversaries like Russia's Putin can make prices unpredictable and unstable, and Big Oil is profiteering from our continued reliance on this volatile global commodity.Republicans continue to push the same old oil-above-all policies, ignoring that those policies have led us to greater dependence on this volatile commodity.And where has all this gotten us? The United States now produces more oil and gas than any country in the world, but Americans are still subject to the actions of the Big Oil companies along with the whims of foreign adversaries like Putin and OPEC.Democrats have a different plan -- we are focused on actually reducing costs for American consumers at the pump today, while enacting 21st century all-of-the-above policies that will give consumers real options, not just a 1970s choice between oil, diesel and gas. The best way to protect Americans from oil price spikes is to curb our dependence on oil and transition to renewable energy, which is more stable, affordable, and generated right here at home.Democrats have worked hard to bring real energy security to the American people. We have devoted billions of dollars to the Weatherization Assistance Program to reduce energy costs for homeowners and the Low-Income Home Energy Assistance Program to offset rising energy costs. We have invested in electric vehicles to give consumers a choice and make high gas prices a thing of the past. And, just last week, President Biden announced an unprecedented release of oil from the Strategic Petroleum Reserve to help drive down prices for American consumers.It's now time for Big Oil to take some action to reduce the pain at the gas pump. I look forward to hearing from each of the witnesses today about how their companies can help the American people instead of lining their own pockets.Source"
energy,"March 31, 2022",Pallone Praises Biden's Strategic Petroleum Reserve Announcement to Relieve America's Pain at the Pump,Rep. Frank Pallone,"Energy and Commerce Committee Chairman Frank Pallone, Jr. (D-NJ) issued the following statement today praising President Biden's announcement that he will release one million barrels a day from the Strategic Petroleum Reserve for the next six months to provide relief to Americans facing high gas prices as a result of Big Oil's corporate greed and Putin's unprovoked Ukraine invasion:""I commend President Biden for taking decisive, historic action to combat rising gas prices and help provide the American people much needed relief at the pump. By releasing one million barrels of oil per day from the Strategic Petroleum Reserve, the President is doing what the fossil fuel industry won't: providing the market with more supply to meet growing demand.""This bold action must now be met in kind by oil companies, who have so far chosen only to profiteer off Putin's invasion of Ukraine. Rather than increasing production, the fossil fuel industry has been content to keep supply artificially low so that prices -- and profits -- remain intentionally high. It's time for them to stop sitting on their hands while families suffer -- all for the sake of their shareholders. At the same time, it has never before been clearer that our security depends on a swift transition to clean energy so that we can become energy independent and break free from our captivity to the unpredictable oil market once and for all.""On Tuesday, Chairman Pallone announced an April 6 Oversight and Investigations Subcommittee hearing with six oil company executives on their businesses practices and the fossil fuel industry's role in rising gas prices.The hearing follows a letter Pallone sent to the six oil and gas companies earlier this month expressing concern that the industry is taking advantage of Vladimir Putin's unprovoked invasion of Ukraine and global market shocks to keep prices high and increase their own profits.Source"
energy,"March 21, 2022",Letters to CEOs of Energy Companies - E&c Leaders Demand Answers From Utility Companies on Alarmingly High Shutoff Rates During Covid-19 Pandemic,Rep. Frank Pallone,Only available in PDF format; please use source to view documentSource
energy,"Jan. 7, 2022",Pallone: New Jersey Will Receive $285 Million To Help Families Keep the Heat On,Rep. Frank Pallone,"Congressman Frank Pallone, Jr. (NJ-06) today applauded the historic funding New Jersey will receive for home energy assistance. The state will receive $285.6 million for the Low Income Home Energy Assistance Program (LIHEAP) that helps families struggling with the costs of home heating. It is the highest amount New Jersey has ever received for the program. As Chairman of the Energy and Commerce Committee, Pallone included this funding in the American Rescue Plan that Congress passed and President Biden signed into law last year.""As cold weather blankets our state, this funding will help families across the state keep up with their energy bills and make sure they can keep their heat on. This comes as much-needed relief for the millions of families who are spending more time at home as a result of the COVID-19 pandemic,"" Pallone said. ""I'm glad to see the American Rescue Plan deliver federal dollars to New Jersey as we continue to confront the challenges that so many people are facing right now.""The American Rescue Plan more than doubled LIHEAP funding nationally. In 2021, the Biden Administration and Congressional Democrats delivered a total of $8 billion in LIHEAP funding, including the $4.5 billion Pallone championed in the American Rescue Plan -- more than doubling the typical annual appropriations. This represents the largest appropriation in a single year since the program was established in 1981. These resources are already allowing states across the country to provide more home energy relief than ever before.Source"
government_budget_and_spending,"Dec. 23, 2022",Pallone Applauds Passage of Omnibus Package,Rep. Frank Pallone,"Energy and Commerce Committee Chairman Frank Pallone, Jr. (D-NJ) released the following statement today after the House passed H.R. 2617, Consolidated Appropriations Act, 2023:""Today, the Democratic House majority passed a comprehensive government funding package that invests in the American people.""As Chairman of the Energy and Commerce Committee, I'm proud to have secured provisions in the bill that will increase access to health care and establish critically important consumer protections.""The government funding agreement guarantees 12 months of continuous Medicaid coverage for 40 million of our nation's children, provides two years of additional CHIP funding, and permanently extends the option for states to offer 12 months of Medicaid coverage to new moms. In addition, it provides resources and support to address our nation's mental health and substance use disorder crises, which we know are especially acute among young people.""I'm also pleased the omnibus ensures Puerto Rico and the U.S. Territories have the Medicaid funding they need to care for their residents.""The bill equips FDA and CDC with important new tools and resources to fulfill their missions protecting the health and safety of Americans. After more than 80 years since our cosmetic safety laws were last updated, Congress is passing legislation I've long championed to empower FDA with the tools and resources it needs to oversee the cosmetics industry. It's a huge win for consumers and I'm thrilled it's going to be signed into law.""Finally, the omnibus will guard consumers against counterfeit and dangerous products, bolster U.S. manufacturing, and continue to promote our economic competitiveness on the world stage.""I'm proud Democrats were able to secure so many important health care and consumer protection provisions in this bill and I look forward to President Biden signing it into law soon.""Health Care Provisions in the Fiscal Year 2023 Omnibus:Medicaid and the Children's Health Insurance Program (CHIP):The omnibus extends funding for CHIP for two years through fiscal year 2029, requires children to be provided with 12 months of continuous coverage in Medicaid and CHIP effective January 1, 2024, and makes permanent a state option to allow states to continue to provide 12 months of continuous coverage during the postpartum period in Medicaid or CHIP.Medicaid Funding for the U.S. Territories:The omnibus extends Puerto Rico's higher federal Medicaid match of 76 percent through fiscal year 2027 and permanently extends a higher federal Medicaid match of 83 percent for American Samoa, the Commonwealth of the Northern Mariana Islands, Guam, and the U.S. Virgin Islands.Mental Health Care:The omnibus includes a number of provisions to address the nation's mental health crisis by strengthening, expanding, and establishing more than 30 critical programs that collectively support mental health care and substance use disorder prevention, care, treatment, peer support, and recovery support services. It reauthorizes the National Suicide Prevention Lifeline Program, the Community Mental Health Service Block Grants, and the renamed Substance Use and Prevention, Treatment, and Recovery Block Grants. The bill also includes grant funding to support the maternal mental programs, establishes a maternal mental health hotline and a related task force. It extends mental health parity to state and local government workers and bolsters the mental health and substance use disorder workforce through increased capacity and training. It also provides Medicare Part B coverage of mental health counselor and therapist services.Medication Assisted Treatment (MAT) & Medication Access and Training Expansion (MATE):The omnibus expands patient access to opioid addiction treatment by making it easier for health care providers to dispense buprenorphine for opioid use disorder maintenance or detoxification treatment. The bill also requires health care providers to complete a training requirement on identifying and treating patients with substance use disorders.Accelerated Approval:The omnibus modernizes and strengthens FDA's ability to oversee drugs that are approved through the accelerated approval pathway. The bill requires FDA to specify conditions for required postapproval studies and authorizes the agency to require postapproval studies to be underway at the time of approval or within a specified time period following approval. The omnibus also clarifies and streamlines the existing authority to withdraw approvals where sponsors fail to conduct studies with due diligence.Clinical Trial Diversity:The omnibus requires FDA to take a series of actions intended to modernize and improve clinical trials including increasing the diversity and engagement of trial participants.Cosmetics Reform:The omnibus strengthens FDA's ability to regulate the safety of cosmetics and personal care products. The bill empowers FDA to establish good manufacturing practices, requires manufacturers to report adverse events, requires manufacturing facilities to be registered, requires cosmetic product labels to list fragrance allergens and contact information to report adverse event reports, and provides FDA with mandatory recall authority. Pallone has long been a champion of cosmetics reform.ARPA-H:The omnibus establishes the Advanced Research Projects Agency -- Health (ARPA-H), an advance research entity that will accelerate innovation in health and medicine by investing in novel, broadly applicable, high-risk, high-reward research projects.Lymphedema Compression Treatment:The omnibus provides Medicare Part B coverage of compression garments for the treatment of lymphedema.Pandemic Preparedness:The omnibus provides important new authorities for improving the Strategic National Stockpile to ensure critical pandemic supplies are operational, resilient, and ready to deploy in times of need. The bill also provides critical support to the public health workforce by encouraging investments in the next generation of health care workers through grants and public health loan forgiveness.Telehealth:The omnibus continues Medicare's expanded access to telehealth by extending COVID-19 telehealth flexibilities for an additional two years, through December 31, 2024.Consumer Protection & Commerce Provisions in the Fiscal Year 2023 Omnibus:Online Marketplaces:The omnibus establishes a national standard, enforced by the Federal Trade Commission (FTC) and State Attorneys General, that require online platforms that allow third party sellers of consumer products to verify the identity of high-volume third-party sellers, enabling consumers to obtain basic identification and contact information for certain sellers.Product Safety:The bill directs the Consumer Product Safety Commission (CPSC) to promulgate a consumer product safety standard for free standing clothing storage units to protect children up to 72 months of age from tip-over related death or injury.Manufacturing.gov:The omnibus requires the Department of Commerce to establish a section of the manufacturing.gov website to serve as the primary hub for information relating to federal manufacturing programs.Travel and Tourism:The bill establishes the position of Assistant Secretary of Commerce for Travel and Tourism to be appointed by the President, tasked with developing a 10-year strategy with annual goals to boost the industry and aggregating data on domestic travel and tourism trends.Cybersecurity:The omnibus requires the FTC to report on cross-border complaints received that involve ransomware or other cyber-related attacks committed by certain foreign individuals, companies, and governments. The report must focus specifically on attacks committed by Russia, China, North Korea, or Iran or individuals or companies that are located in or have ties to those countries. This provision was authored by Schakowsky and Bilirakis.Public Safety:The bill authorizes $2.5 million for the CPSC to carry out an education and awareness campaign to inform the public of methods to prevent drowning and entrapment in swimming pools.Source"
government_budget_and_spending,"Dec. 20, 2022",Pallone & Schakowsky Highlight Key Consumer Protection & Commerce Provisions in Omnibus,Rep. Frank Pallone,"Energy and Commerce Chairman Frank Pallone, Jr. (D-NJ) and Consumer Protection and Commerce Subcommittee Chair Jan Schakowsky (D-IL) released the following joint statement today after introduction of the fiscal year 2023 omnibus funding package, which included commonsense bills to protect consumers and promote the economy.""The final omnibus package includes critical pieces of legislation that will protect American consumers, bolster our manufacturing industry here at home, and promote our economic competitiveness on the world stage.""This end-of-year package is in lock step with our Committee's commitment to put consumers first. It includes legislation that will help curb the onslaught of counterfeit, defective, and unsafe products available to Americans shopping on third-party e-commerce sites--a major source of fake and unsafe goods. It also includes commonsense provisions to keep dangerous furniture products that can tip over on small children off the market and out of our homes.""This sweeping omnibus package also enhances our nation's manufacturing industry to promote America's global economic competitiveness and supports our domestic travel and tourism industries by developing a 10-year strategy that will help to attract visitors from around the globe to the United States for years to come. We look forward to having all of these important provisions signed into law.""Specifically, the omnibus includes consumer protection and commerce provisions that:Establish a national standard, enforced by the Federal Trade Commission (FTC) and State Attorneys General, that require online platforms that allow third party sellers of consumer products to verify the identity of high-volume third-party sellers, enabling consumers to obtain basic identification and contact information for certain sellers. This provision was authored by Schakowsky and Consumer Protection and Commerce Subcommittee Ranking Member Gus Bilirakis (R-FL).Direct the Consumer Product Safety Commission (CPSC) to promulgate a consumer product safety standard for free standing clothing storage units to protect children up to 72 months of age from tip-over related death or injury. This provision was authored by Schakowsky.Require the Department of Commerce to establish a section of the manufacturing.gov website to serve as the primary hub for information relating to federal manufacturing programs. This provision was authored by Reps. Paul Tonko (D-NY), Cindy Axne (D-IA), and Fred Upton (R-MI).Establish the position of Assistant Secretary of Commerce for Travel and Tourism to be appointed by the President, tasked with developing a 10-year strategy with annual goals to boost the industry and aggregating data on domestic travel and tourism trends.Require the FTC to report on cross-border complaints received that involve ransomware or other cyber-related attacks committed by certain foreign individuals, companies, and governments. The report must focus specifically on attacks committed by Russia, China, North Korea, or Iran or individuals or companies that are located in or have ties to those countries. This provision was authored by Schakowsky and Bilirakis.Authorize $2.5 million for the CPSC to carry out an education and awareness campaign to inform the public of methods to prevent drowning and entrapment in swimming pools.Source"
government_budget_and_spending,"May 17, 2022",Pallone Opening Remarks at Budget Hearing With EPA Administrator Regan,Rep. Frank Pallone,"Energy and Commerce Chairman Frank Pallone, Jr. (D-NJ) delivered the following opening remarks today at an Environment and Climate Change Subcommittee hearing titled, ""The Fiscal Year 2023 EPA Budget:""I want to welcome EPA Administrator Regan back to the Committee. Since your last appearance, you have worked to restore EPA and put the agency on a better path toward combating climate change and protecting public health. I'm pleased to have the opportunity today to discuss how we can build on this progress and continue to deliver for the American people.Last year, Congress passed the Bipartisan Infrastructure Law that provided much-needed resources to EPA to uplift communities across the country. We have an opportunity to use this law to rebuild our communities and economy stronger than before, while providing the environmental leadership needed to usher a healthier and more sustainable future for every American.While EPA's efforts are certainly heading in the right direction, there is much more work ahead of us. The Bipartisan Infrastructure Law was just a down payment on our clean and climate-safe future, which is why the EPA's budget request builds on that down payment to address the challenges ahead.Time and again, we see evidence that a strong economy and strong environment and public health protections go hand in hand. This budget reflects that evidence to provide critical investments in the health, safety, and prosperity of our families and our environment.For example, the budget includes $1.1 billion for EPA to improve our nation's air quality. It does this by developing and enforcing critical safeguards, as well as by funding grants to states and Tribes and scientifically-sound research.The Administration's budget also prioritizes programs to urgently tackle climate change, like cutting methane pollution from oil and gas sources, and implementing the American Innovation and Manufacturing Act. This bipartisan law -- co-authored by Chairman Tonko and Representative Peters -- will reduce the production and use of potent hydrofluorocarbons (HFCs) in our atmosphere.The budget request also complements the Bipartisan Infrastructure Law's reinstatement of the Superfund chemical tax to fund more cleanup actions -- an effort I've personally championed to ensure that polluters pay to clean up their contamination in our communities. About 22 percent of Americans live within three miles of a Superfund site. Cleaning up and revitalizing contaminated properties creates jobs, mitigates threats to human health, and directly benefits the communities around contaminated sites, which are often low-income communities and communities of color.The budget works to ensure that no community is left behind by investing $1.45 billion in programs that will advance racial equity and secure environmental justice for historically overburdened and underserved communities. I'm particularly pleased that EPA is creating a new Environmental Justice National Program Manager position to help deliver on its promises to disproportionately impacted communities who have struggled with legacy pollution for far too long.Clearly, we are expecting EPA to tackle an enormous amount of critical work right now to protect our communities and our families. The agency is taking the lead in replacing the nation's lead service drinking water lines. It is managing the risk from dangerous chemicals under the Toxic Substances Control Act program. And it is revitalizing other contaminated sites through the Brownfields program. EPA has a lot on its plate right now, and that's good, but it faces a serious challenge when it comes to staffing and resource shortages.That's why I support the budget's request for more resources to bolster EPA's capacity, develop a pipeline of qualified staff, strengthen and support scientific integrity, and ensure EPA can meet the statutory obligations we set for it. The dedicated EPA workforce have worked tirelessly to fulfill the agency's core mission without adequate staffing or resources. The increase in resources proposed in this budget will not only help EPA fulfill its core mission, but also to process permits more efficiently and provide needed certainty to regulated industries.I look forward to today's discussion to examine EPA's budget priorities. We are ready to work with you to ensure that everyone in every community -- regardless of zip code -- realizes their right to clean air, clean water, and clean land.Source"
government_budget_and_spending,"March 28, 2022",Pallone on Biden's Fiscal Year 2023 Budget,Rep. Frank Pallone,"Energy and Commerce Committee Chairman Frank Pallone, Jr. (D-NJ) released the following statement today after the release of President Biden's Fiscal Year (FY) 2023 budget:""President Biden put forward a budget today that prioritizes the health and prosperity of the American people.""I strongly support the President's call to invest in pandemic response and public health infrastructure as we continue to respond to the ongoing COVID-19 pandemic. I commend the President for proposing to expand access to mental health care, better support our health care workforce, and advance the search for new cures and treatments. I also support President Biden's call to provide mandatory, stable funding for the Indian Health Service to ensure Tribal communities have access to high quality care.""The President's budget includes critical funding for clean energy technology to reduce our dependence on fossil fuels so we are no longer vulnerable to the whims of dictators and global supply shocks. It also invests in public health with critical funds to slash greenhouse gas pollution and continue upgrading our aging drinking water infrastructure.""Finally, I applaud President Biden's call for additional investments to support domestic manufacturing, secure our supply chains, and bridge the digital divide.""Source"
