topic,date,title,politician,full_text
defense,"July 14, 2022",Miller-Meeks Statement on Passage of the National Defense Authorization Act,Rep. Mariannette Miller-Meeks,"Today, July 14, 2022, Rep. Mariannette Miller-Meeks (IA-02) released the following statement after voting YES on H.R. 7900, the National Defense Authorization Act for Fiscal Year 2023.""Ensuring that our military is properly equipped is one of Congress' top priorities. This bipartisan bill focuses on investment and modernization to meet the threat from China, increases servicemember pay by 4.6%, and provides $37 billion more in funding over the President's budget request,"" said Miller-Meeks. ""I was pleased to see provisions I fought for were included in this package, including my bipartisan provision on dependents of long-term visa holders, the VA Same-Day Scheduling Act, the National Digital Reserve Corps Act , and the Aviator Cancers Examination Study Act. I look forward to working with my colleagues to get this legislation to the President's desk.""Source"
defense,"July 14, 2022",Miller-Meeks Statement on Passage of the National Defense Authorization Act,Rep. Mariannette Miller-Meeks,"Today, July 14, 2022, Rep. Mariannette Miller-Meeks (IA-02) released the following statement after voting YES on H.R. 7900, the National Defense Authorization Act for Fiscal Year 2023.""Ensuring that our military is properly equipped is one of Congress' top priorities. This bipartisan bill focuses on investment and modernization to meet the threat from China, increases servicemember pay by 4.6%, and provides $37 billion more in funding over the President's budget request,"" said Miller-Meeks. ""I was pleased to see provisions I fought for were included in this package, including my bipartisan provision on dependents of long-term visa holders, the VA Same-Day Scheduling Act, the National Digital Reserve Corps Act , and the Aviator Cancers Examination Study Act. I look forward to working with my colleagues to get this legislation to the President's desk.""Source"
energy,"Sept. 28, 2022","Miller-Meeks, Westerman Introduce Bill to Expedite Transmission Projects, Cut NEPA Regulations",Rep. Mariannette Miller-Meeks,"Representative Mariannette Miller-Meeks (IA-02) and House Committee on Natural Resources Ranking Member Bruce Westerman (AR-04) today introduced the Stay Off My Line Act, legislation to support much needed transmission projects by clarifying how projects are classified under the National Environmental Policy Act (NEPA).""Hazy NEPA regulations have created uncertainty and hindered new energy projects for years. By clarifying which projects do and do not fall under agency jurisdiction, transmission projects can be approved without undergoing the arduous NEPA permitting process,"" said Representative Miller-Meeks. ""My bill will expedite the approval process for projects that do not fall on federal land and incentivize new project construction. Policies like this have the potential to enhance and expand our energy grid by cutting red tape.""""Far too many litigious groups have weaponized NEPA and turned it into a roadblock for sustainable energy production. It's time to reverse these shameful practices and clarify what projects fall under this longstanding law so that agencies can prioritize permitting for projects that are under their purview,"" said Ranking Member Westerman. ""Congresswoman Miller-Meeks's legislation is a critical first step toward that goal, defining the scope of NEPA and preventing vague terms from stonewalling projects that are not on federal land or controlled by a federal agency. I'm proud to support this effort and look forward to seeing it move through the legislative process.""This legislation is supported by ClearPath Action, Citizens for Responsible Energy Solutions, and the American Clean Power Association.The Stay Off My Line Act would:Clarify that projects that do not involve federal land and that do not originate from a federal agency are not major federal actions under NEPA.Clarify that projects are not major federal actions under NEPA just because they receive federal funding.Clarify that if a project is subject to NEPA, the scope of review should only be for the portion of the project that is on Federal land or subject to Federal control.Source"
energy,"July 14, 2022",Miller-Meeks Introduces Appropriations Amendment to Ban Sale of Petroleum Reserves to China,Rep. Mariannette Miller-Meeks,"Today, July 14th, 2022, Rep. Mariannette Miller-Meeks (IA-02) released the following statement after introducing an amendment to H.R. 8294 - Transportation, Housing and Urban Development, and Related Agencies Appropriations Act, 2023, prohibiting funds to draw down and sell petroleum products from the Strategic Petroleum Reserve (SPR) to the People's Republic of China.""We are in a pivotal place when it comes to American energy security and our nation's security. The country's emergency energy reserves are down to historically low amounts, since the SPR's inception in 1975, following the Biden Administration's release of over 250 million barrels of oil in the last eight months. As our reserve levels decline, China continues to increase at our expense,""said Miller-Meeks. ""We can no longer allow this Administration to cover up the enactment of bad energy policy at the expense of the American people while they suffer everyday under record high gas prices. That is why I am proud to have offered this amendment banning the sale of petroleum reserves to China.""Source"
energy,"Jan. 25, 2022",Miller-Meeks Joins Bill to Reduce European Reliance on Russian Energy,Rep. Mariannette Miller-Meeks,"Today, January 25th, 2022, Rep. Mariannette Miller-Meeks (IA-02) signed on as a cosponsor of H.R. 2046, the Energy Security Cooperation with Allied Partners in Europe (ESCAPE) Act. This legislation, introduced by Rep. Carol Miller (WV-03), would advance American energy exports to the European Union and North Atlantic Treaty Organization (NATO) allies, and reduce their reliance on Russian energy. Additionally, it mandates sanctions on Russian pipelines, including Nord Stream 2, which were signed into law in the 2020 National Defense Authorization Act, but have not been enforced by the Biden Administration.This legislation is the House companion to S. 819, which was introduced by Sen. John Barrasso (R-WY).""There needs to be serious action taken to counter Russia's continued aggression against the democracies in Eastern Europe. Enforcing the Congressionally-passed and signed into law sanctions on the Nord Stream 2 pipeline is a necessary first toward deterring further Russian military advances,"" said Miller-Meeks. ""We should also continue to grow our energy export network with our European allies and NATO partners to help them wean off Russian energy. Biofuels, nuclear, oil, natural gas, hydro, and electric can all be a part of our energy diplomacy and weaken Russia's influence in Europe.""Source"
finance_and_banking,"Aug. 24, 2022","Miller-Meeks Statement on President Biden's Announcement to ""Cancel"" Student Loan Debt",Rep. Mariannette Miller-Meeks,"Representative Mariannette Miller-Meeks issued the following statement regarding President Biden's decision to cancel student loan debt:""This decision is irresponsible, it's unfair, and undercuts students who work to afford tuition and parents who for years sacrificed and saved for the opportunity of a college education,"" said Miller-Meeks. ""It is a debt transfer from those taxpayers who forego college. Student loans shouldn't be viewed any differently than a mortgage or car loan - money taken out must be paid back by those who benefit.""Source"
