topic,date,title,politician,full_text
civil_liberties_and_rights,"Jan. 13, 2022",Correa Statement on Protecting Voting Rights,Rep. Lou Correa,"""As I've said before when people vote, America is stronger.  The cornerstone of our democracy is our vote and voter participation. We must take steps to preserve and protect the fundamental right to the ballot. The John R. Lewis Voting Rights Advancement Act does just that. I look forward to continuing to work with my colleagues to find solutions that make voting more accessible to more Americans.""Source"
criminal_justice,"Jan. 13, 2022",Correa Statement on Protecting Voting Rights,Rep. Lou Correa,"""As I've said before when people vote, America is stronger.  The cornerstone of our democracy is our vote and voter participation. We must take steps to preserve and protect the fundamental right to the ballot. The John R. Lewis Voting Rights Advancement Act does just that. I look forward to continuing to work with my colleagues to find solutions that make voting more accessible to more Americans.""Source"
energy,"June 22, 2022",Rep. Correa Statement on White House Announcement Calling Congress to act on a Gas Tax Holiday,Rep. Lou Correa,"Today Congressman Lou Correa (D-CA) cosponsor of the Gas Prices Relief Act issued a statement following the White House's announcement calling for Congress to take action and pass a gas tax holiday.""California's gasoline cost is consistently among the nation's highest. For the past few months, more and more of my constituents have shared that not even one hundred dollars is enough to cover the cost of filling up their gas tank. We need relief from these high gasoline prices as we continue recover from the COVID-19 pandemic. It's long overdue that we pass legislation that will provide relief to Americans across the country. I am pleased that the Biden Administration agrees with me that we need a temporary repeal of the federal gas tax. People need to be able to afford to drive to work, feed their families, and pay their rent. These are challenging times, and it calls for bold action.""Background:  The Gas Prices Relief Act would temporarily suspend the 18.4 cent federal gas tax until January 1, 2023 and would bring American families financial relief by lowering the high gas costs.Source"
energy,"June 16, 2022",Congressman Correa votes in support of the Lower Food and Fuel Costs Act,Rep. Lou Correa,"Today Congressman Lou Correa (D-CA) voted in favor of the passage of the Lower Food and Fuel Costs Act.  Legislation that will lessen the burden for American families at the gas pump and the grocery store.""Americans are struggling to afford two of the most basic necessities: food and fuel.  My colleagues and I are actively pushing for legislation to combat the recent levels of inflation. The war in Ukraine, lasting effects of the pandemic, and a variety of other external influences have caused a financial crisis for the American people.  Fuel should not cost five dollars a gallon, on average.  Ever.  Food should not be inflated to the point that families are unable to afford the most basic groceries.  It is our responsibility, as the voice of our constituents, to do everything within our power to restore reasonable price expectations for both food and fuel.""Background: The Lower Food and Fuel Costs Act was introduced in response to the rising prices of fuel and food products across the nation.  The bill requires the USDA Office of the Special Investigator for Competition Matters to investigate and prosecute any violators of the Packers and Stockyards Act of 1921.  This bill grants the office the authority to bring any civil or administrative action authorized by that act against a packer; the office must provide notice to the Department of Justice (DOJ) about such actions brought in federal district court.In response to the economic strain endured by many California families, Rep. Correa voted YES on the passage of this bill.  He will continue to work alongside his colleagues on both sides of the aisle to combat this ongoing issue.Source"
energy,"May 19, 2022",Correa Votes to Pass The Consumer Fuel Price Gouging Prevention Act,Rep. Lou Correa,"Today Congressman Lou Correa (D-CA) a cosponsor of the Consumer Fuel Price Gouging Prevention Act, issued a statement after voting for the passage of this legislation:""Families are having trouble making ends meet due to recordgasoline prices of over $5 and $6 per gallon in California. My hardworking constituents are feeling this increase in their pocketbooks and having to cutback on other necessities including groceries. We must deliver relief to our communities. That's why I cosponsored and voted for this important piece of legislation to ensure that oil and gas companies would no longer take advantage of their customers by excessively raising gas prices. I will keep working with my colleagues to ensure we keep passing legislation that helps protect American consumers.""Background: The Consumer Fuel Gouging Prevent Act will also:Grant the president the authority to proclaim a state of an energy emergency.Prohibits the sale of consumer fuels (vehicle fuel, aviation fuel, home heating oil, and liquid propane) at high or exploitative prices during an energy emergency.Protects privately operated gas stations from being blamed for wholesale price gouging or increasing costs throughout the supply chain.Protects privately held gas stations when wholesale prices are high or supply chain costs rise.Grants the FTC the authority to assess penalties for price gouging. -Gives enforcement action priority to significant corporations with annual sales exceeding $500 million.Grants all states the authority to pursue retail price gougers.Redirects penalties collected to a Consumer Relief Trust Fund, which may be used for Low-Income Housing.Congressman Correa is also a cosponsor of the Gas Prices Relief Act, legislation that would get rid of the federal gas tax until January 1, 2023.Source"
energy,"March 9, 2022",Correa Votes to Pass Legislation to Sanction Russian Oil and Energy Imports,Rep. Lou Correa,"Today, Rep. Lou Correa (D-CA) votes to pass H.R. 6968 Suspending Energy Imports From Russia Act, a bill that contains three significant provisions that would further isolate Russia from the global economy. This legislation will also ban imports from Russian oil and energy products coming into the United States.Rep Correa said, ""I am proud to cosponsor and vote for this important legislation. The Suspending Energy Imports From Russia Act is imperative and demonstrates our strength as a country. We remain united and will hold Putin accountable for his unjustified invasion of Ukraine. In Congress, we will continue to work with President Biden to minimize the impacts of Putin's actions on Americans and maintain the stability of the global oil market while diversifying our energy supply.Source"
finance_and_banking,"July 28, 2022",Congressman Correa Urges Extension to Student Loan Pause,Rep. Lou Correa,"Today Rep. Lou Correa (CA-46) issued the following statement after co-signing a letter to President Biden and Secretary Cardona to make an extension to the current pause of federal student loans:""Today I joined my colleagues in sending a letter to President Biden and Secretary Cardona urging for federal student loans to continue to be suspended. ""Soon, millions of people across the United States will be required to start making payments on their remaining student loans. Without an extension, we are putting Americans in the impossible position of having to pick between paying for gas, groceries, and rent. As we, as a country, continue to navigate these unusual times, we must continue to put the needs of Americans first.""Source"
government_budget_and_spending,"March 11, 2022",Rep. Correa Statement on Securing almost $16 million in Federal Funding for the District,Rep. Lou Correa,"Today, Rep. Lou Correa (D-CA) released the following statement on securing $15,614,000 funding for Community Projects in the bipartisan Omnibus spending bill for the Fiscal Year 2022:""I am proud to announce I have obtained funding for community projects as part of the bipartisan Omnibus budget legislation that will help us address our domestic and international concerns. As our country continues to experience challenges from Covid-19, the rise of goods for working families, and humanitarian aid efforts for Ukraine, this government funding is a step forward to ensure we are investing and meeting American needs.The community projects in my district will also address long-term concerns such as Covid-19, mental health, educational resources, veteran services, and climate change. These initiatives increase resources and opportunities for all of my constituents, including children and people of all ages. This is why I am thrilled to have secured  $15,614,000 in funding for nine projects in my district. I look forward to seeing the positive impact each project makes in our community.""Projects FundedProject Name: CHOC Mental Health; Expanding Capacity in the Wake of Covid-19Recipient: Children's Hospital of Orange CountyAmount Requested: $314,000 Amount Funded: $325,000Project Description and Explanation: CHOC is seeking federal community project support to expand the hospital's capacity in the mental health space as a result of the Covid-19 pandemic. CHOC will be utilizing federal funds, combined with private resources, to expand proven evidence based mental health treatment services and programs to reach more of the children and families of Orange County.Project Name: La Palma Park ImprovementsRecipient: City of AnaheimAmount Funded: $2 millionProject Description and Explanation: La Palma Park currently provides very limited recreational opportunities for community members who are under-served and front line workers during COVID. Residents report that they do not use the park because: 1) they are intimidated by criminal activity and/or homeless presence, and 2) the park does not offer sufficient recreational opportunities. Funding will allow the City to activate the park by providing three new, natural-turf soccer fields and supporting amenities requested by residentsProject Name: Hart Park Pickleball and Fitness CircuitRecipient: City of OrangeAmount Funded: $2 millionProject Description and Explanation: Hart Park Pickleball and Fitness Circuit is in a high-density community in Orange. There are currently limited recreational opportunities for community members.Project Name: Santiago Creek Festival Grounds Transformative ProjectRecipient: Discovery Cube Orange CountyAmount Funded: $2 millionProject Description and Explanation: This proposal is an Economic Development Project aimed at an expansion of Discovery Cube Orange County, a non-profit children's science center. Currently, the site increases drugs and crime in the city of Santa Ana, a majority minority, low-income community. This facility will both help public safety and provide a recreational and learning opportunity for the city and the region.Project Name: RSCCD Digital Access ConsortiumRecipient: Rancho Santiago Community CollegeAmount Funded: $2 millionProject Description and Explanation: The proposed project would convene a consortium of educational, community, workforce and economic development leaders to create digital resource centers to expand access to computers, internet services, digital literacy training, and individualized skill-development resources; provide flexible and accessible career education for in-demand occupations in the region that are part of career pathways; and provide digital marketing and e-commerce programs for small businesses, with targeted outreach to minority- and women-owned businesses.Project Name: Park ImprovementsRecipient: City of Garden GroveAmount Funded: $1 millionProject Description and Explanation: Garden Grove proposes park improvements at three City parks. This is an underserved community who does not have access to quality outdoor recreational areas.Project Name: Tierney Center for Veteran ServicesRecipient: Goodwill Industries of Orange CountyAmount Funded: $300,000Project Description and Explanation: Orange County is the home to many veterans. Our district does not have a comprehensive center for them. This would provide a space for veterans to receive all the services that they need.Project Name: Earth Systems Science and Data Solutions LabRecipient: Chapman UniversityAmount Funded: $1 millionProject Description and Explanation: Climate change is one of the key problems the world is confronting. Each year, California faces droughts that impact each person every day and hurt our state's agriculture industry. The work of Chapman university will allow their science and mapping capabilities to have a real impact on the state.Project Name: Coordinated Reentry CenterRecipient: Orange CountyAmount Funded: $5 millionProject Description and Explanation: In recent years, there has been a significant shift in the criminal justice system to recognize criminal offenses often result from a mental illness or substance use disorder. The goal to reduce the number of individuals with a mental illness or substance use disorder in the jails is the basis of the nationwide.Source"
