topic,date,title,politician,full_text
defense,"Jan. 19, 2022","Letter to Hon. Lloyd Austin III, Secretary of Defense - CONGRESSMAN DAVID G. VALADAO REQUESTS COMPLETION OF REQUIRED REPORT ON U.S. EQUIPMENT ABANDONED IN AFGHANISTAN","Rep. David Valadao, ...",Letter is available as PDF: use source belowSource
energy,"Aug. 29, 2022","Letter to Gavin Newsom, Governor of California - Congressman Valadao Calls on Newsom to Stop Restricting Energy Production in the Central Valley","Rep. David Valadao, ...",Only available in PDF format; please use source to view documentSource
government_budget_and_spending,"Feb. 22, 2022","Letter to Joseph R. Biden, Jr., President of the United States - Pledge for a Replenishment in the Global Fund","Rep. David Valadao, ...",Only available in PDF format; please see source to view document.Source
defense,"July 14, 2022",Congressman Valadao Votes to Pass Fy23 National Defense Authorization Act,Rep. David Valadao,"Today, the House of Representatives passed the National Defense Authorization Act (NDAA) for Fiscal Year 2023 with Congressman Valadao's support. The FY23 NDAA authorizes funding for all discretionary military programs and activities- including personnel, operations, maintenance, procurement, research, and development. It also outlines critical policies and directives for the Department of Defense.""In Congress, my most important duty is ensuring the safety of all Americans, including my constituents in California's 21st Congressional District,"" said Congressman Valadao. ""This year's NDAA provides a robust budget to counteract the damaging impacts of inflation on our Department of Defense and military families. While this legislation is by no means perfect, it was negotiated in good faith across both sides of the aisle, continuing over six decades of bipartisanship. I'm proud to support this effort to provide our military with the equipment, resources, and training needed to effectively protect the United States against our adversaries, and I look forward to working with my Senate colleagues to further strengthen the FY23 NDAA through the conference process.""Among other provisions, the House passed version of the FY23 NDAA:Authorizes a 4.6% pay increase for servicemembers and provides a 2.4% pay bonus for enlisted personnel to counteract the impacts of inflation on low-income military families.Authorizes $16.5 billion for military construction and military family housing projects throughout the United States and around the world.Requires U.S. bases in Europe to adopt installation energy plans to reduce reliance on Russian energy and sets a goal of eliminating the use of Russian energy entirely.Requires the DoD Inspector General to regularly carry out comprehensive reviews and audits of assistance provided to Ukraine.Requires assessments of Chinese efforts to infiltrate our defense supply chain through acquisition of defense industrial base companies and sources of raw materials and critical minerals.Declares the record number of illegal crossings and trafficking on our southwest border is a crisis and a risk to our national security.Source"
government_budget_and_spending,"July 14, 2022",Congressman Valadao Votes to Pass Fy23 National Defense Authorization Act,Rep. David Valadao,"Today, the House of Representatives passed the National Defense Authorization Act (NDAA) for Fiscal Year 2023 with Congressman Valadao's support. The FY23 NDAA authorizes funding for all discretionary military programs and activities- including personnel, operations, maintenance, procurement, research, and development. It also outlines critical policies and directives for the Department of Defense.""In Congress, my most important duty is ensuring the safety of all Americans, including my constituents in California's 21st Congressional District,"" said Congressman Valadao. ""This year's NDAA provides a robust budget to counteract the damaging impacts of inflation on our Department of Defense and military families. While this legislation is by no means perfect, it was negotiated in good faith across both sides of the aisle, continuing over six decades of bipartisanship. I'm proud to support this effort to provide our military with the equipment, resources, and training needed to effectively protect the United States against our adversaries, and I look forward to working with my Senate colleagues to further strengthen the FY23 NDAA through the conference process.""Among other provisions, the House passed version of the FY23 NDAA:Authorizes a 4.6% pay increase for servicemembers and provides a 2.4% pay bonus for enlisted personnel to counteract the impacts of inflation on low-income military families.Authorizes $16.5 billion for military construction and military family housing projects throughout the United States and around the world.Requires U.S. bases in Europe to adopt installation energy plans to reduce reliance on Russian energy and sets a goal of eliminating the use of Russian energy entirely.Requires the DoD Inspector General to regularly carry out comprehensive reviews and audits of assistance provided to Ukraine.Requires assessments of Chinese efforts to infiltrate our defense supply chain through acquisition of defense industrial base companies and sources of raw materials and critical minerals.Declares the record number of illegal crossings and trafficking on our southwest border is a crisis and a risk to our national security.Source"
