topic,date,title,politician,full_text
criminal_justice,"June 24, 2022","Moolenaar: ""Today's Ruling Will Save Millions of Lives""",Rep. John Moolenaar,"Today, the Supreme Court ruled that Roe vs. Wade was wrongly decided and that there is no Constitutional right to end the life of an unborn child.""This is one of the most wonderful days in the history of our country and today's ruling will save millions of lives,"" said Congressman John Moolenaar. ""The Supreme Court's decision upholds the right to life for the most vulnerable people in our society, and each of their lives is a special gift. I have always believed that future generations will look back on permissive abortion as a moral stain on our country's history and today's decision will begin healing the errors of the past. Now, the American people and their elected representatives at all levels of government will have the opportunity to make new laws on this critical issue with the benefit of scientific research that has shown us that precious unborn children have a heartbeat at six weeks and major organs after 15 weeks. I have a 100 percent pro-life voting record and I will continue to fight for the right to life as debates on this issue continue in Congress. There is still important work ahead including increasing support for adoption and pregnancy resource centers that help parents in need. These outstanding organizations across Michigan do important work and I know families are thankful for all they do.""Source"
energy,"July 20, 2022",Moolenaar Votes to Ban Oil Sales to China,Rep. John Moolenaar,"Today, Congressman John Moolenaar voted for an amendment to a House Appropriations bill that would prohibit the Strategic Petroleum Reserve from selling oil to China. The amendment was defeated after Democrats voted against it.""The purpose of the Strategic Petroleum Reserve is to make sure our country has oil in the event of a national emergency. I voted to make sure none of that oil is ever sold to China. This is commonsense policy and it is disappointing the Democrats did not join Republicans in supporting it today,"" said Moolenaar.Source"
energy,"March 31, 2022","Moolenaar: Biden Drains Strategic Reserve, Puts National Security At Risk",Rep. John Moolenaar,"Today, President Joe Biden announced a plan that will release one million barrels of oil a day from America's strategic petroleum reserve for six months. The U.S. Energy Information Administration says the United States uses 21 million barrels of oil a day and 40 percent of that is gasoline.""President Biden is draining our country's strategic reserve of oil, which we need for real emergencies, and using it for his own personal emergency. Biden is desperate to cover up the high costs of his failed energy policies and he is putting national security at risk to do it,"" said Congressman John Moolenaar. ""This administration's energy policies have caused pain for Michigan residents, and it must do more to allow American energy development and pipeline construction.""Source"
energy,"March 11, 2022",Moolenaar: Electric Vehicles Will Involve Petroleum Too,Rep. John Moolenaar,"This week, the Biden Administration argued that ""when we have electric cars powered by clean energy, we will never have to worry about gas prices again."" However, petroleum is also used in many parts of electric vehicles and even Tesla CEO Elon Musk has said ""we need to increase oil & gas output immediately.""""The cost of oil will be a concern for decades to come, and even with electric vehicles, the United States will still need oil, because it is used to make vehicle parts and millions of other products Americans use every day,"" said Congressman John Moolenaar. ""Instead of begging other countries to produce more oil, President Biden should expedite approval for oil and gas projects here at home. This will create jobs and help the country meet its current and future energy needs as part of a comprehensive strategy that involves oil, gas, and other sources of energy.""The U.S. Energy Information Administration, a federal agency run by the Biden Administration, points out: ""Petroleum products include transportation fuels, fuel oils for heating and electricity generation, asphalt and road oil, and feedstocks for making the chemicals, plastics, and synthetic materials that are in nearly everything we use. In 2020, of the approximately 6.6 billion barrels of total U.S. petroleum consumption, 44% was finished motor gasoline (includes fuel ethanol), 21% was distillate fuel (heating oil and diesel fuel made from crude oil and biomass-based diesel fuel), and 6% was jet fuel. Over 13 other types of petroleum products made up the other 29% of total petroleum consumption in 2020.""Source"
energy,"March 10, 2022",House Passes Support for Ukraine and Additional Sanctions on Russia,Rep. John Moolenaar,"Tonight, the House of Representatives passed military assistance to Ukraine, and additional sanctions on Russia by banning the sale of oil imports from that country. The House passed funding for the Department of Defense, including assistance to Ukraine, in a 361-69 vote, and it passed the Suspending Energy Imports from Russia Act in a 414-17 vote.""The situation in Ukraine remains dire with the latest reports indicating Russia has bombed a maternity hospital and other civilian areas. I hope that additional support for Ukraine and penalties for Russia will help Ukraine to victory over Vladimir Putin and his corrupt regime,"" said Congressman John Moolenaar.""At the same time, I fought tonight to pass legislation that would have expedited approval of American oil and gas development. As the crisis in Ukraine continues, it is clear we must act quickly to develop America's energy resources, so our country is prepared for future crises and Michigan families will have reliable and affordable energy. I am disappointed there was not support for American energy legislation tonight but I will continue to fight for more energy development in the weeks and months ahead,"" added Moolenaar.Prior to the vote on the Suspending Energy Imports from Russia Act, House Republicans offered a final amendment to the bill that would have approved the Keystone XL Pipeline and prohibited President Biden from blocking new energy leases on certain federal lands. Moolenaar voted for this amendment, but it was defeated in largely party line vote, 223-208.Source"
energy,"March 10, 2022","Moolenaar: ""Michigan Families and Seniors Just Endured Another Month of Record Inflation Under President Biden""",Rep. John Moolenaar,"This morning, the U.S. Department of Labor announced inflation has risen to 7.9%. This is the fastest increase since 1982 and it is the ninth consecutive month inflation has been above 5.0%.""Michigan families and seniors just endured another month of record inflation under President Biden. Today, they are paying an average price of $4.26 for a gallon of gas and that cost will ripple through the economy, raising the cost of food and other products they need. Before the pandemic, our country enjoyed record low unemployment and low inflation, and we can get there again by reversing Biden's failed policies. Biden wants to blame Russia for inflation, but prices have been rising for months now, especially after Biden canceled energy projects and signed a $2 trillion bill last March that paid people extra money not to work,"" said Congressman John Moolenaar.Former Obama Administration official Steven Rattner put out a statement this morning saying ""This is Biden's inflation and he needs to own it.""Source"
energy,"March 9, 2022",Moolenaar Again Calls for More American Energy Development,Rep. John Moolenaar,"Today, President Joe Biden announced a ban on American purchases of Russian oil.""President Biden says he wants to make things in America, but his actions tell another story when it comes to American energy,"" said Congressman John Moolenaar. ""I support banning  Russian oil sales, but Biden must also end the federal freeze on new American oil and gas projects, and expedite all the approvals needed for pipeline and energy development here in the United States. Taking those steps will increase the supply of American oil, create jobs and support our national security.""Congressman Moolenaar supports the American Energy Independence from Russia Act. The legislation is led by Congresswoman Cathy McMorris Rodgers and according to her office, the bill:Immediately approves the Keystone XL pipelineRemoves all restrictions on liquified natural gas (LNG) exportsRestarts oil and gas leasing on federal lands and waters -- which was halted by the Biden administrationRequires Biden to submit an energy security plan within 30 days and requires the Secretary of Energy to develop a plan to replace oil drawn down from the Strategic Petroleum Reserve (SPR)Gas prices hit a new all-time national record yesterday, rising to over $4.10 a gallon for regular unleaded gas. The price was raising long before President Biden announced the ban on Russian oil.Source"
energy,"March 3, 2022",Closing Line 5 Would Send Michigan Energy Prices Even Higher,Rep. John Moolenaar,"Today, the Consumer Energy Alliance released a new report showing how closing Line 5 would cause energy prices for Michigan residents to rise even higher. The report found that a closure of the line would raise the total cost of diesel and gasoline by more than $2 billion a year in Michigan.""Line 5 is crucial for providing Michigan residents with reliable and affordable energy. Federal and state authorities should end any efforts to close the line and they should expedite all reviews and permitting for the tunnel, so it can be built as soon as possible. Building the Line 5 tunnel will improve safety and create good-paying jobs. I am proud to stand with Michigan families, workers, and businesses to support the Line 5 tunnel,"" said Congressman John Moolenaar.In a statement earlier today, the Consumer Energy Alliance detailed how refineries in the Midwest provide energy for Michigan residents and rely on Line 5 for the delivery of oil and natural gas. The press release included statements of support for Line 5 from the United Steelworkers, the Small Business Association of Michigan, and the Michigan Chemistry Council. Their statements are excerpted below.United Steelworkers District 1 Director Donnie Blatt said, ""The USW is committed to advocating for a safe, clean environment. But we believe that does not have to come at the cost of the jobs of our members, and our communities. Families and businesses across the Midwest should not be asked to bear the brunt of what could amount to a $29.2 billion increase in gasoline and diesel costs over the next five years when a viable solution exists. The Great Lakes Tunnel Project will safeguard jobs, the economy, and the environment, at no cost to the taxpayer. We urge our members, communities, and legislators to support the construction of the tunnel, and the continued operation of the existing Line 5 pipeline until it has been completed.""Commenting on how shutting down Line 5 will unnecessarily burden Michigan's small business and economy Small Business Association of Michigan President and CEO Brian Calley said, ""As small businesses work to overcome inflation and staffing challenges, the last thing they need is to be burdened with additional costs that a Line 5 shutdown would bring. This report once again shows how reckless the politically motivated nonsense around shutting down Line 5 would be for our economy, our small businesses and all of our residents.""John Dulmes, Executive Director of the Michigan Chemistry Council added, ""Line 5 is a critical part of our regional energy infrastructure, and it remains the safest and most effective way of transporting energy products essential to our economy. Given the incredibly fragile state of our supply chains and workforce, there are just no feasible alternatives, and so we encourage policymakers to work to make a safe pipeline even safer.""Source"
energy,"March 1, 2022",Moolenaar: Biden's SPR Release is Not Enough,Rep. John Moolenaar,"Today, the Biden Administration announced it would be releasing 30 million barrels of oil from the U.S. Strategic Petroleum Reserve to increase the amount of oil available.""President Biden's release from the Strategic Petroleum Reserve is a drop in the bucket and more must be done to ensure Michigan families have reliable, affordable energy. President Biden should pursue all possible energy solutions, including renewables, expediting oil and gas permits, and building energy infrastructure including pipelines and tunnels,"" said Congressman John Moolenaar. ""I have been a longtime supporter of building Keystone XL and the Line 5 tunnel because those projects, and others across, the nation are crucial infrastructure, create jobs, increase energy supply to meet demand, and bolster national security.""Source"
energy,"Jan. 14, 2022",Moolenaar Meets with Local Energy Provider,Rep. John Moolenaar,"This morning, Congressman John Moolenaar met with local energy provider Coyne Oil & Propane to discuss the rising cost of energy, labor shortages, and supply chain delays. Moolenaar toured the Coyne Oil & Propane facility and met with the team there.""Michigan families are being hurt by rising energy costs and I appreciated the opportunity to meet with a local energy provider today to discuss how policies from the Biden Administration are affecting costs,"" said Moolenaar. ""Propane is a vital energy source for many homeowners in Michigan, and if the Biden Administration's anti-pipeline policies cause Line 5 to be shutdown, that could seriously raise costs on Michigan families. I hope Line 5 tunnel construction will be expedited and allowed to move forward, because that is the safest solution to meeting our state's energy needs.""""We appreciate Congressman Moolenaar's willingness to hear from our propane marketers and the challenges they are facing. As the largest residential propane state in America, Michigan needs sound energy policy to keep costs down for our businesses and more importantly our customers,"" said Michigan Propane Gas Association Government Relations Director Jason Wadaga.Source"
government_budget_and_spending,"Sept. 30, 2022",Moolenaar Votes Against Spending Bill That Fails Michigan Residents,Rep. John Moolenaar,"Today, Congressman John Moolenaar voted against legislation that temporarily funds the federal government until December 16.""This legislation does nothing to address the serious concerns of Michigan families and seniors who are dealing with higher prices for home heating, gas, and food. Inflation is at the highest levels in four decades, supply chain problems continue, and Biden's spending has made all of these problems worse,"" said Congressman Moolenaar. ""We must stop Biden's spending, unleash American energy production and get the country back on track. When Republicans led the House of Representatives, we had a strong economy, low inflation, and affordable energy. We can do this again with a budget that works for American families.""Source"
