topic,date,title,politician,full_text
energy,"Feb. 10, 2022","Letter to Hon. Jennifer Granholm, Secretary of Dept. of Energy - Senators Advocate for Irresponsible Policy Then Express Shock When it Creates Energy Crisis","Rep. Garret Graves, ...",Letter is available as PDF: use source belowSource
civil_liberties_and_rights,"Feb. 3, 2022",Graves Statement on Incorrect Amnesty International Report,Rep. Garret Graves,"U.S. Congressman Garret Graves issued the following statement regarding the Amnesty International report that incorrectly claimed Israel is an apartheid state.""Israel is one of America's closest allies. They are a critical defense partner and democratic presence in the region, and our bilateral relationship has produced tremendous benefits in commerce, science, and military cooperation for both countries. We have to keep strengthening this relationship for our mutual security. This report distorts the truth about Israel and draws back the progress made under the Trump Administration with the Abraham Accords. We have to reaffirm our commitment to protecting our ally's stabilizing presence in the region and support Israel against these claims which seek to delegitimize them,"" Graves said. ""To call Israel an apartheid state is not only factually inaccurate, but the accusation also cheapens the experience of anyone who has lived under the horrors of authoritarianism and racial segregation.""Source"
criminal_justice,"Feb. 3, 2022",Graves Statement on Incorrect Amnesty International Report,Rep. Garret Graves,"U.S. Congressman Garret Graves issued the following statement regarding the Amnesty International report that incorrectly claimed Israel is an apartheid state.""Israel is one of America's closest allies. They are a critical defense partner and democratic presence in the region, and our bilateral relationship has produced tremendous benefits in commerce, science, and military cooperation for both countries. We have to keep strengthening this relationship for our mutual security. This report distorts the truth about Israel and draws back the progress made under the Trump Administration with the Abraham Accords. We have to reaffirm our commitment to protecting our ally's stabilizing presence in the region and support Israel against these claims which seek to delegitimize them,"" Graves said. ""To call Israel an apartheid state is not only factually inaccurate, but the accusation also cheapens the experience of anyone who has lived under the horrors of authoritarianism and racial segregation.""Source"
defense,"Dec. 7, 2022",House Bill to Repeal U.S. Military Vaccine Mandate and Increase Pay for U.S. Servicemembers,Rep. Garret Graves,"The U.S. House of Representatives is expected to imminently pass the National Defense Authorization Act (NDAA) which will repeal the U.S. military vaccine mandate and increase pay for U.S. servicemembers. Additionally, the bill counters bad actors such as Russia, China, Iran and others.""Our servicemembers deserve to be paid appropriately and have the best equipment and technology we can invest in. They need to have the upper hand. The legislation also repeals the COVID-19 vaccine mandate that numerous active-duty military constituents have reached out to our office expressing concerns about and has even challenged recruitment efforts. Even President Biden said three months ago that the pandemic was over - it's time to stop punishing those serving and protecting our freedoms,"" Graves said. ""This bill will also put us back toward maritime supremacy across the globe and advance U.S. interests. Many of our national security ships are built right here in Louisiana. This means this bill gives our state jobs, economic development and a seat at the national security table.""Below is a breakdown of how the vaccine mandate is hurting military recruiting efforts and hurting U.S. service members.Army: 15,000 soldiers short, 25 percent of target.Navy: 587 officers short, barely met target for enlisted sailors.Air Force: 5,000 airmen behind on next year's goal, barely met this year's target.Marine Corps: Had to increase retention and reduce recruiting targets this year to meet them.Source"
energy,"Oct. 19, 2022",Graves Statement on President Biden Releasing Another 15 Million Barrels from the Strategic Petroleum Reserve,Rep. Garret Graves,"U.S. Congressman Garret Graves released the following statement:""The president continues to acknowledge that we need additional oil supply to help bring prices down. That is good news; however, what is inexcusable is that he is tapping our emergency oil reserves rather than tapping available production in the Gulf of Mexico. Our emergency reserves are for emergencies -- not stupid policies. This threatens our energy security if there is a real emergency and gives additional leverage to Putin,"" Graves said.Source"
energy,"Oct. 5, 2022",Graves Statement OPEC Cutting Energy Production and Biden Administration Caught with Hands Tied,Rep. Garret Graves,"The OPEC oil cartel announced they are going to reduce their daily production of​ oil by cutting their daily target by two million barrels per day. As we warned, ""fist bumps for cartels and pink slips for Cajuns"" is not a comprehensive energy strategy nor is using the Strategic Petroleum Reserve to mitigate bad policies.Despite having nearly two years to come up with a plan for American workers to produce American energy, this Administration decided to look abroad and beg our adversaries -- and now the cartels have turned their back on President Biden. President Biden visited Saudi Arabia in July, then he begged them to increase oil production. OPEC later agreed to produce 100,000 barrels. Now, today's announcement is a production cut twenty times that amount.""We appreciate the White House statement on energy conditions on Mars. Meanwhile, back on Earth, Americans can't afford to refuel their car or pay their utility bills. They've had countless opportunities to expand domestic production which would decrease energy prices. But, instead, they've put all their eggs -- which have doubled in cost in the last year -- in the foreign energy basket and lifted sanctions on Venezuela, begged Saudi Arabia, and are threatening OPEC not to cut production. The Biden Administration has had every opportunity to insulate us from foreign energy dependence but instead, they have become their own worst enemy and are a direct threat to global energy security. The Biden Administration's flawed energy policies are the driving force behind the surging cost of living and it is impacting all of us every single day,"" Graves said. ""Here are the facts. You would have to go back to the 1940s to find new American energy production areas as low as under this White House. Gasoline prices have gone from a national average of $2.39 a gallon (or as low as $1.80 a gallon in Louisiana) when Biden took office to $5 a gallon to $3.83 a gallon today. The Biden Administration's energy policies may work on Mars which is great if you drive a rover there.""Source"
energy,"June 14, 2022","President Biden Enjoys Taxpayer-funded Gas Money for Saudi Arabia Road Trip, Graves Legislation Reminds Him ""Home is Where the Heart Is'",Rep. Garret Graves,"U.S. Congressman Garret Graves attempted to defund President Joe Biden's visit to Saudi Arabia by offering legislation that would prohibit U.S. taxpayers from paying for the trip unless his administration reverses course and increases domestic energy production. Graves' amendments to H.R. 7606 -- the Meat and Poultry Special Investigator Act of 2022 -- were plucked by House Democrats despite their and the Biden Administration's push for meat and poultry priorities instead of legislation that would help Americans suffering from skyrocketing energy costs.""Americans can barely afford to drive to work, but the president can afford to fly to Saudi Arabia to negotiate for foreign oil. The free peoples of the United States can produce the energy America needs. There's no need to rely on diesel despots and petroleum potentates like Iran, Venezuela and others. The Biden Administration continues to ignore the fact that folks are suffering from this administration's policy decisions, and it is baffling they want to ask countries in the Persian Gulf to drive down energy prices instead of supporting domestic energy jobs and production in the Gulf of Mexico. Fourchon is a hell of a shorter commute than Dubai. Instead of traveling across the world, we invite the President and his team to Grand Isle -- the Nantucket and Catalina of the Third Coast -- to see underutilized domestic energy production and to grab some boudin for the road.  We can be the energy leader we need right now -- for our country and world. At some point, the Biden Administration needs to do some self-reflection and realize saying no to everything is not an energy strategy,"" Graves said.Graves also urged the President to avoid traveling to Iran and Venezuela for the same purposes.For more details about H.R. 7606, click here. To read the amendments, click here.Source"
energy,"May 24, 2022",Graves Visits Emergency Oil Reserves Site with Department of Energy Secretary Granholm,Rep. Garret Graves,"U.S. Congressman Garret Graves issued the following statement after visiting the Bayou Choctaw Strategic Petroleum Reserve (SPR) with U.S. Department of Energy Secretary Jennifer Granholm.""Touring the strategic oil reserve site (SPR) today reinforces the key role that Louisiana plays in our nation's energy security and I appreciate the opportunity to join the secretary. The briefing today also highlighted the millions of barrels of oil and trillions of cubic feet of natural gas offshore Louisiana that are being blocked by President Biden and contributing to record gas prices. The SPR was not established to mitigate for bad energy policy. It is designed to be used for natural disasters and historical events like the 1970's OPEC oil embargo against the United States.""I had the opportunity to discuss these flawed policy decisions with the secretary.""Americans are being forced to decide among the false choices of buying groceries, paying electricity bills or fueling their vehicles. Just as we predicted on January 27th of last year, the record energy prices we are seeing today are 100 percent the fault of failed energy policies of this White House. No one needed a crystal ball to see this happening.""Our families are suffering, and the Department of Energy needed to hear the critical truth about the reality of the situation. Without honest conversations and using facts and data to inform decisions, we will see a continuance of these incoherent and irrational energy policies. I appreciated the opportunity to have a very candid discussion with the secretary and will continue to push Louisiana's and America's energy resources over those of Iran, Saudi Arabia, and Venezuela. What we are seeing today just doesn't make sense and the greatest pain is to those that can least afford it.""Source"
energy,"May 12, 2022","Graves Statement on the Biden Administration Canceling Lease Sales, Two in the Gulf of Mexico",Rep. Garret Graves,"U.S. Congressman Garret Graves released the following statement in response to the Biden Administration canceling overnight --amidst record-high gas prices -- planned offshore oil and gas lease sales in the Gulf of Mexico (and one in Alaska).""The Biden Administration's announcement that they will cancel new offshore oil and gas production approaches levels of irresponsibility and reckless stupidity never seen before. We are paying record prices for gasoline and to heat and cool our homes. Rather than using American energy sources to help solve the problem and lower prices, the Biden administration continues to carry out policies that only benefit Russia, China, Iran, Saudi Arabia, Venezuela, and other apparent allies of this White House. It is past time for the administration to put Americans first. This is the only administration in modern history to not issue lands and waters for oil and gas production. Not only is this illegal, but it is hurting families across the country.""To note, approximately 18 percent of U.S. oil and four percent of U.S. gas comes from these offshore areas.Source"
energy,"May 4, 2022","Graves Visits NATO Allies, Ukrainian Border, And Highlights Louisiana's Energy Potential",Rep. Garret Graves,"U.S. Congressman Garret Graves just traveled with U.S. House leadership to Eastern Europe, where he met with elected officials of several North Atlantic Treaty Organization (NATO) countries and promoted Louisiana's ability to fuel the world.""I joined House Majority Leader Steny Hoyer in a bipartisan congressional delegation trip to meet with European leaders, Ukrainian refugees, Louisiana citizens in the 82nd Airborne, German Chancellor Scholz and others. We pushed our allies to cut off their dependence on Russian energy and buy American oil and gas. It makes no sense to fund Putin's war on one hand and then provide assistance to the Ukrainian military on the other,"" Graves said. ""President Biden needs to open up American energy production, approve our export terminals, and stop negotiating with Iran and Venezuela to import their oil. We can decrease energy prices here and increase economic opportunity in Louisiana.""Below is an outline of the trip:The trip began in Berlin, Germany, where the delegation met with Chancellor Olaf Scholz, Minister for the Chancellery Wolfgang Schmidt, and other government officials.The congressional delegation next traveled to Copenhagen, Denmark. They spoke with Defense Minister Morten Bødskov, Finance Minister Nicolai Wammen, and Foreign Minister Jeppe Kofod about the war in Ukraine.The delegation then traveled to Warsaw, Poland, and met with senior Polish government officials and the Mayor of Warsaw, Rafał Trzaskowski.In Rzeszow, Poland, they met with U.S. troops and commanders from the 82nd Airborne Division.CLICK HERE for a video of Rep. Graves at the borderThe delegation then traveled to the Ukrainian-Poland border and talked to refugees who had just crossed.Source"
energy,"April 28, 2022",Department of Energy Approves Export Authorization for Natural Gas Project in Louisiana,Rep. Garret Graves,"U.S. Congressman Garret Graves released the following statement in response to the U.S. Department of Energy's announced approval of additional export flexibility for a liquefied natural gas (LNG) terminal based in Louisiana - Glenfarne Group LLC's Magnolia LNG project.Specifically, this announcement provides Magnolia LNG the opportunity to ship American LNG to additional countries -- including countries in Europe -- where we currently lack a formal free trade agreement. This will help to address trade imbalances with foreign nations and gives the United States, the global leader in natural gas production, and Louisiana, the top exporting state, more exporting opportunities.""This decision will allow for more American natural gas to replace Russian gas in Europe. It's a ""twofer' -- we can create more jobs, a win for Louisiana, and cut off funding for the Russian military, a loss for Putin. It makes no sense to supply the Ukrainian military on one hand yet continue to have our NATO allies giving Putin billions of dollars through Russian energy purchases. We strongly urge this Administration to stop blocking energy production and pipelines in the United States and to approve new LNG export terminals,"" Graves said.Source"
energy,"April 1, 2022",Graves Statement on the Biden Administration Invoking DPA to Spur Critical Minerals Production and Releasing,Rep. Garret Graves,"U.S. Congressman Garret Graves (South Louisiana) released the following statement today after President Biden announced that he is releasing additional emergency oil reserves and invoking the Defense Production Act (DPA) to ramp up the mining and processing of critical minerals used in renewable energy and electric vehicles.Under the Biden Administration:Importing approximately 200,000 barrels of crude oil a day from RussiaImporting an additional 472,000 barrels of other Russian petroleum products dailyAnnounced the release of 260,000,000 barrels of oil from the U.S. Strategic Petroleum ReservesStopped or prevented the production of American critical minerals""Within the last four months, President Biden has announced the release of 260,000,000 barrels of oil from our emergency reserves. The United States was importing approximately 200,000 barrels of oil and an additional 472,000 in petroleum products from Russia each day. This is the only Administration in modern history that has blocked new American energy production and blocked the production of American critical minerals required for renewable energy.""The president is now using the Defense Production Act (DPA) to mine and process critical minerals for renewable energy sources. The DPA was designed for national defense, disaster response or recovery from a terrorist attack.""Do the math. The two actions this week, once again, confirm previous concerns. The Biden Administration is using oil reserves and national defense statutes to mitigate for their flawed energy policies. In about 10 months, they are releasing more crude oil reserves than we would have imported from Russia in years. They employ the DPA to mine minerals they blocked just months ago.""The only thing I agree with here is that the Biden Administration's energy policies could be described as a disaster or domestic terrorism as the DPA intends. I just never thought we would have to tap emergency oil reserves or defense statutes to protect us from our own federal agencies.""We need a comprehensive energy strategy based on America's vast resources.""Source"
energy,"March 31, 2022",Graves Statement on Biden Administration Anticipated Tapping of Emergency Oil Reserves -- Again,Rep. Garret Graves,"U.S. Congressman Garret Graves released the following statement after reports emerged that the Biden Administration is expected to tap emergency oil supplies from the Strategic Petroleum Reserves (SPR) for the third time in six months. The Biden Administration previously announced they would tap our Strategic Petroleum Reserve earlier this month which we predicted would happen.The Administration is expected to release one million barrels of oil a day, for six months, which ends right before the midterm elections. The United States consumes approximately 20 million barrels a day.  A release of one million barrels a day represents nearly 5 percent of daily U.S. domestic consumption. The alleged 180 million barrels total over six months is comparable to less than two days of global demand.""We are in an energy crisis. Gas and electricity prices have skyrocketed. It is true that our Strategic Petroleum Reserve was established to respond to emergencies; however, it is not for self-imposed crises resulting from stupid energy policies. The gasoline and electricity prices that all Americans are paying right now aren't the fault of the bonehead in Russia, but the boneheads running our federal government's energy policies. As we stated in November, tapping energy reserves is not a long-term solution to solving the skyrocketing prices at the pump. This Administration has not issued a single energy lease since they have been in office -- a first. Schoolchildren running lemonade stands across America have better backfill and economic strategies than we are seeing out of the energy team in the Biden Administration,"" Graves said. ""Their ""None-of-the-Above' energy strategy is costing us all. When you add their inflation problems, supply chain problems, worker shortage -- we simply can't afford this Administration.""Source"
energy,"March 24, 2022",Graves Statement on Anticipated US LNG Announcement by President Biden and European Leaders,Rep. Garret Graves,"U.S. Congressman Garret Graves released the following statement after reports emerged of President Biden and European leaders planning to reach a deal this week to export more U.S. Liquefied Natural Gas (LNG) to Europe to supplant Russian natural gas. The United States is the number one natural gas producer in the world and Louisiana is the top exporting state.""Russia invaded Ukraine a month ago today and we've been pushing the Biden Administration to help lessen Europe's reliance on Russian energy while simultaneously ramping up domestic energy production to fill the void. Should this deal happen, it's another step in the right direction and follows the Department of Energy's decision to approve two LNG permits last week. It's important to note these permits really just provide flexibility rather than increased export capability for United States' LNG. Until they clear the backlogged export terminal permits and allow new LNG facility construction, our ability to replace dirtier Russian gas is constrained. It's good to see that the pressure put on the Biden Administration is working, but the only real, long-term solution moving forward is to permit new LNG terminal construction and utilize domestic energy production so we can provide our allies with reliable and secure energy,"" Graves said.Source"
energy,"March 16, 2022","Department of Energy Approves Two Natural Gas Export Terminals, At Least Four More Still Waiting",Rep. Garret Graves,"U.S. Congressman Garret Graves released the following statement regarding the U.S. Department of Energy announcement to approve two Liquefied Natural Gas (LNG) permits today. The United States is the top natural gas producer in the world and Louisiana is the top exporting state. This announcement gives the United States more capacity to supplant Russian natural gas and funding for Putin's war.""America has trillions of cubic feet of natural gas available and much of that is in or offshore Louisiana. Our inability to replace dirtier Russian gas with American resources is based on the ability to export through these LNG terminals. The Department of Energy announcement today is a step in the right direction, but we need the remaining backlogged export terminals approved as soon as possible to provide our allies with affordable, reliable and secure energy,"" Graves said.Source"
energy,"March 1, 2022",Graves Statement on Emergency Oil Reserves Tapped,Rep. Garret Graves,"U.S. Congressman Garret Graves (South Louisiana) released the following statement after the Biden Administration announced it will tap our Strategic Petroleum Reserve (SPR):""The Biden Administration's Strategic Petroleum Reserve announcement today is like using Flex Seal to plug a hole on the Hoover Dam. It may make them feel like they are doing something, but it is not a long-term solution. The spike in energy prices all Americans are paying is the result of self-inflicted bad decisions by Biden Administration officials. Blocking the production of American energy while increasing our reliance on Russian energy is beyond stupid, yet this is exactly what has happened. These very policies have effectively funded much of Vladimir Putin's attack on Ukraine and attack on freedom. We predicted this exact outcome and nothing but more pain is on the horizon without wholesale energy policy changes.""Source"
energy,"Feb. 22, 2022",Letter to. President Joseph R. Biden - Graves: Russian Aggression in Ukraine -- Sanctions to Hit American Families' Pocketbooks in all 50 States,Rep. Garret Graves,"Dear President Biden:The impact of Russian aggression in Ukraine and corresponding sanctions will not be limited to Vladimir Putin, oligarchs, and Ukrainian and Russian citizens. Gasoline prices, as well as electricity costs for all Americans, will surge -- impacting American families' pocketbooks in all 50 states. Further, the situation in Ukraine is likely going to put pressure on your administration to accept a bad deal with Iran and its nuclear ambitions as well as strengthen ties between Russia and China. There is a way out of this mess.Over the last year, we have seen record increases in gasoline1 and electricity costs2 coupled with inflation. Currently, Russia is one of the largest net exporters of oil and gas in the world.3 Ukraine-related sanctions imposed by the United States, European countries, and others will cut off Russian energy supplies to some of the world's largest markets -- resulting in surging energy prices4. This will result in three more adverse outcomes:1) Russia will divert its sanctioned/stranded energy to China -- further strengthening Russian-Chinese relations and dependence;2) To temper global supply shortages, your Administration will be under extraordinary pressure to allow Iranian oil access to global markets -- thereby, agreeing to a bad nuclear proliferation agreement with Iran and undermining Israeli security in the Middle East; and3) There will be calls for, once again, tapping our Strategic Petroleum Reserves.The U.S. Energy Information Administration (EIA) has projected that global energy demand will increase nearly 50 percent in the next 28 years.5 A diverse portfolio of truly ""all of the above energy sources"" is needed urgently. We need every single source of energy available, and we need it as soon as possible6. Rather than proactively preparing for this growing global demand, your energy advisors haveopposed virtually all energy sources -- compounding the Russian-Ukraine situation and effectively forcing the three outcomes above.You have virtually no options to stop the immediate energy price increases, but quick actions on your part can temper sustained high energy prices and over the long-term give the United States more tools and flexibility in dealing with Russia and other bad actors around the globe. Rather than opposing domestic energy production in the Gulf of Mexico and onshore, opposing the production and processing of critical minerals in the United States, or implementing measures to block access to capital for conventional energy projects, it is in America's interest to take an entirely different approach:1) Remove administrative obstacles to exploring and producing domestic energy supplies -- letting American workers produce American energy;2) Rescind your objections to producing domestic rare earths and critical minerals required for renewable energy production and preventing reliance on China for these resources;3) Stop efforts by your financial agencies and institutions to restrict access to capital for conventional energy projects through ESG regulatory expansion;4) Implement an energy transportation system that allows energy to be safely transported to those states in greatest need rather than blocking pipeline and other infrastructure projects designed to improve energy access; and5) Develop a modernized energy reserve strategy that will allow the United States to utilize all of her resources to temper price spikes and volatility caused by conflicts and the cartel-like actions of OPEC-plus nations. This should include the role of renewable sources, next generation nuclear, a refined product reserve and other solutions.Continuing to double and triple down on the energy policies of the last year will only thrust more and more Americans into energy poverty, prevent job opportunities, hurt American families, and increase the global leverage of China and Russia7 on the United States8 and the world. Tragically, your policies will lead to increased global emissions and undermine America's leadership in this space.America's energy production is some of the most efficient in the world and our citizens have proven that we are the most innovative and hardest working. We can produce energy and ensure a healthy planet for generations to come. Continuing to block and obstruct a cohesive energy strategy will only result in higher gas prices, higher prices to heat and cool our homes, greater dependence on foreign energy, more inflation, and the continued trajectory of higher emissions that we've seen under your administration.I stand ready to work with you to ensure Americans are in charge of America's energy future.Source"
energy,"Feb. 18, 2022",Graves Statement on FERC Clogging American Pipes,Rep. Garret Graves,"U.S. Congressman Garret Graves released the following statement regarding the U.S. Federal Energy Regulatory Commission (FERC) policy changes that will increase bureaucratic red tape for pipeline construction and expand Russian influence.Two policies were approved, effective immediately -- one will revise the agency's project certification process, and another will create a new framework for scrutinizing greenhouse gas emissions.""For those of you that have been begging for more red tape, more lawyers, more litigation, and more expensive prices at the pump and energy bills, your prayers have been answered. The White House must be ecstatic about this decision. When the United States is the world's largest natural gas producer with plenty of supply, any effort to limit exports to our allies is not the answer -- this is just stupidity that will surely be endorsed by Russia's Vladimir Putin. This Administration is fumbling yet another international diplomatic moment with their handling of Ukraine and supporting Europe's dependence on volatile Russian energy supplies controlled by Vladimir Putin. If other countries begin to curtail their energy production and trade to protect their best interests, this major misstep will do nothing but add more global uncertainty and further drive up the cost of energy -- while increasing global emissions. Decisions like these support our dependence on foreign energy sources -- with no rationale. This Administration continues to make irresponsible policy decisions, and then pretends to be shocked when it leads to an energy crisis at home and abroad,"" Graves said.Source"
entitlements_and_safety_net,"July 26, 2022",HUGE NEWS: Our Legislation to Repeal the Windfall Elimination Penalty (WEP) and the Government Pension Offset (GPO) is Headed to the House Floor!,Rep. Garret Graves,"Public servants in Louisiana (teachers, police, firefighters, etc.) are some of the most impacted victims of the infamous Windfall Elimination Penalty (WEP) and the Government Pension Offset (GPO) -- a 1980s-era flawed federal law that can result in massive cuts -- including total elimination -- to their Social Security payments.The struggle to repeal WEP and GPO is decades old. After years of negotiations, legislation U.S. Congressman Garret Graves co-authored -- H.R. 82, the Social Security Fairness Act of 2021 -- to fix these problems has reached over 290 cosponsors -- triggering action to force Speaker Pelosi to schedule the bill for a vote before the U.S. House of Representatives. The bill would fix this penalty, which punishes tens of thousands of Louisiana public servants.If this legislation passes, Louisiana's dedicated public servants and their spouses or survivors will receive the full retirement benefits they deserve, including those who have already retired.Graves released the following statement:""The last thing in the world we need to be doing now is defunding teachers, firefighters, police officers and other local and state public servants. The far majority are underpaid. No one goes into public service to make big money. They do it to make a big difference. Teachers, police, firefighters, and countless local and state public servants are the crucial scaffolding of our society. The WEP and GPO are severe penalties that defund public servants of much of their lifetime of retirement earnings. After more than 40 years of efforts to change this law, we've reached a high-water mark of 293 cosponsors to our bill. Today's achievement is decades in the making and has remained a top priority of mine and thousands of Louisiana public servants. I am proud to see the effort from a bipartisan coalition of members, advocates, and retirees is going to fix this broken policy because it unfairly punishes our public servants. I have promised folks at home we would not stop until the leadership of the U.S. House brings the bill to the floor for a vote. We have rallied support for years to break through this logjam and get this overdue legislation enacted into law. It's time to make it right for the countless teachers, police officers, firefighters, emergency responders, and all the local and state public servants who are being wrongly penalized under current law.""Source"
government_budget_and_spending,"July 26, 2022",HUGE NEWS: Our Legislation to Repeal the Windfall Elimination Penalty (WEP) and the Government Pension Offset (GPO) is Headed to the House Floor!,Rep. Garret Graves,"Public servants in Louisiana (teachers, police, firefighters, etc.) are some of the most impacted victims of the infamous Windfall Elimination Penalty (WEP) and the Government Pension Offset (GPO) -- a 1980s-era flawed federal law that can result in massive cuts -- including total elimination -- to their Social Security payments.The struggle to repeal WEP and GPO is decades old. After years of negotiations, legislation U.S. Congressman Garret Graves co-authored -- H.R. 82, the Social Security Fairness Act of 2021 -- to fix these problems has reached over 290 cosponsors -- triggering action to force Speaker Pelosi to schedule the bill for a vote before the U.S. House of Representatives. The bill would fix this penalty, which punishes tens of thousands of Louisiana public servants.If this legislation passes, Louisiana's dedicated public servants and their spouses or survivors will receive the full retirement benefits they deserve, including those who have already retired.Graves released the following statement:""The last thing in the world we need to be doing now is defunding teachers, firefighters, police officers and other local and state public servants. The far majority are underpaid. No one goes into public service to make big money. They do it to make a big difference. Teachers, police, firefighters, and countless local and state public servants are the crucial scaffolding of our society. The WEP and GPO are severe penalties that defund public servants of much of their lifetime of retirement earnings. After more than 40 years of efforts to change this law, we've reached a high-water mark of 293 cosponsors to our bill. Today's achievement is decades in the making and has remained a top priority of mine and thousands of Louisiana public servants. I am proud to see the effort from a bipartisan coalition of members, advocates, and retirees is going to fix this broken policy because it unfairly punishes our public servants. I have promised folks at home we would not stop until the leadership of the U.S. House brings the bill to the floor for a vote. We have rallied support for years to break through this logjam and get this overdue legislation enacted into law. It's time to make it right for the countless teachers, police officers, firefighters, emergency responders, and all the local and state public servants who are being wrongly penalized under current law.""Source"
government_budget_and_spending,"May 10, 2022",Graves Again Attempts to Add Louisiana-Specific Priorities on Tonight's Ukraine Assistance Bill,Rep. Garret Graves,"The U.S. House of Representatives advanced a Ukraine assistance funding bill tonight and U.S. Congressman Garret Graves attempted to direct funds toward Louisiana's ongoing disaster recovery and other priorities. The $40 billion funding legislation was introduced hours before the vote. Graves ultimately voted no on the Ukraine aid because it failed to include funding for Louisiana's hurricane and flood recovery.""I was in Eastern Europe and at the Poland-Ukraine border less than a month ago. We saw firsthand the need to provide military and humanitarian aid to Ukrainians -- and yes, these funds will help. The Ukrainian people and military deserve our help, but, we cannot continue to shell out billions in American taxpayer dollars for people in foreign countries without helping our own citizens in need in Louisiana. That's why I was a no. We've seen firsthand Hurricane Ida's damage in Kraemer, Houma, Grand Isle, Killian, and more south Louisiana communities, and the lasting damage years later from the August 2016 and May 2021 floods in the Capital Region. We have unmet needs right here at home and we cannot lose sight of these unresolved issues -- that's what these amendments would have addressed. We will continue to push for these funds and fixes at every opportunity,"" Graves said.Graves introduced the below amendments:Amendments that would have provided $3 billion in recovery funds for Hurricane Ida and other disaster victimsAn amendment that would have fully funded Duplication of Benefits victims who did not receive their full grant awardAn amendment that would have required the Secretary of Defense to turn over billions of dollars in leftover equipment left behind in Afghanistan to UkraineSource"
government_budget_and_spending,"March 10, 2022",Graves' Amendments to Address Louisiana's Priorities Were Blocked in Exchange for the Priorities of Other Countries,Rep. Garret Graves,"U.S. Congressman Garret Graves (South Louisiana) attempted to add amendments to the U.S. House government funding bill in an effort to create accountability and improve the bill. Graves' amendments would have ensured Louisiana's disaster recovery, flood insurance and other priorities were addressed.Graves introduced the below amendments:An amendment that would have required the FEMA Administrator to publicize the Risk Rating 2.0 pricing methodology (including future rate projections), analyze the future economic and social impacts to communities, and conduct public notice and comment rulemaking. In the meantime, homeowners with rising premiums would be allowed to request that their previous rate be reinstated.An amendment that would have provided $3 billion to Economic Development Administration (EDA) for the purposes of providing expedited disaster relief to victims of natural disasters in 2020 and 2021.An amendment that would have provided $3 billion to Community Development Block Grant Disaster Recovery (CDBG-DR) account (increasing funding provided from $5 billion to a larger figure) to provide natural disaster relief to victims of the 2020 and 2021 hurricanes.An amendment to require offshore oil and gas leasing to prevent our reliance on authoritarian regimes in Russia, Iran, and Venezuela.An amendment that would have provided $379 million to support our fisheries, including wild-caught crawfishers, and address the impacts of the 2020 and 2021 hurricanes by declaring a fisheries disaster.An amendment that would have prohibited the importation of Russian seafood.An amendment that would have required the Biden Administration to develop a modernized energy reserve strategy that the United States could utilize to temper price spikes and volatility.An amendment that would have required the U.S. Secretary of Defense to turn over equipment left behind in Afghanistan to the government of Ukraine for their defense efforts.Source"
