topic,date,title,politician,full_text
civil_liberties_and_rights,"July 19, 2022",Costa votes to Protect Marriage Equality for Same Sex and Interracial Couples,Rep. Jim Costa,"Congressman Jim Costa (CA-16) released the following statement after the House passed H.R. 8404 -- Respect for Marriage Act. This bipartisan, bicameral legislation would repeal the Defense of Marriage Act (DOMA) and enshrine marriage equality into federal law for same-sex and interracial couples. Costa is an original co-sponsor of the bill.""Marriage equality must be protected and guaranteed to all Americans under federal law,"" said Costa. ""The extremist Supreme Court majority decision to overturn Roe v. Wade shows their willingness to attack other fundamental rights like interracial and same-sex marriage. We must assure Americans that they have the right to marry whom they want. That is why I proudly voted to enshrine and protect marriage equality under the law.""While marriage equality remains constitutionally protected, the Supreme Court's reasoning in Dobbs v. Jackson Women's Health Organization to justify overturning the right to abortion could be used in the future to threaten other fundamental rights, including the right to marriage equality. In his concurring opinion, Justice Clarence Thomas explicitly called for the Supreme Court to reconsider its decisions protecting other fundamental rights such as the right to same-sex marriage.The Respect for Marriage Act would do the following:Enshrine Marriage Equality into Federal Law: The bill requires, for federal law purposes, that an individual be considered married if the marriage was valid in the state where it was performed. This gives same-sex and interracial couples additional protection so they can continue to enjoy equal treatment under federal law as the Constitution requires.Repeal the Defense of Marriage Act (DOMA): The Supreme Court effectively rendered the Defense of Marriage Act of 1996 inert with its landmark decisions in the United States v. Windsor and Obergefell, holding that marriage equality was a constitutional right. However, this unconstitutional and discriminatory law remains on the books. Therefore, this bill would repeal this statute once and for all.Provide Additional Legal Protections: The bill prohibits any person acting under color of state law from denying full faith and credit to an out-of-state marriage based on the sex, race, ethnicity, or national origin of the individuals in the marriage. It would also authorize the U.S. Attorney General to pursue enforcement actions and creates a private right of action for any individual harmed by a violation of this provision.Source"
civil_liberties_and_rights,"Feb. 9, 2022",Costa Statement on Passing of the Global Respect Act,Rep. Jim Costa,"Rep. Jim Costa (CA-16) released the following statement after House passage of H.R. 3485 the Global Respect Act, which Costa is an original cosponsor. The bill makes a bold step in protecting the rights of the global LGBTQ+ community.""This legislation affirms the United States as a global leader in creating an inclusive society for LGBTQ+ individuals, both at home and abroad,"" said Costa. ""We are sending a strong message to the international community that the United States will not tolerate doing business with those who commit acts of hate against the LGBTQ+ community. It is critical we continue the fight for equality.""Source"
criminal_justice,"Feb. 9, 2022",Costa Statement on Passing of the Global Respect Act,Rep. Jim Costa,"Rep. Jim Costa (CA-16) released the following statement after House passage of H.R. 3485 the Global Respect Act, which Costa is an original cosponsor. The bill makes a bold step in protecting the rights of the global LGBTQ+ community.""This legislation affirms the United States as a global leader in creating an inclusive society for LGBTQ+ individuals, both at home and abroad,"" said Costa. ""We are sending a strong message to the international community that the United States will not tolerate doing business with those who commit acts of hate against the LGBTQ+ community. It is critical we continue the fight for equality.""Source"
energy,"Oct. 6, 2022",Costa Statement on OPEC's decision to cut Oil Production,Rep. Jim Costa,"Congressman Jim Costa (CA-16) released the following statement after the Organization of the Petroleum Exporting Countries (OPEC) announced that they would cut oil production by 2 million barrels a day from its production quotas beginning in November.""The Organization of the Petroleum Exporting Countries (OPEC) decision to slash oil production is a blatant political move by Saudi Arabia. By aligning with Russia, the Saudis are intentionally hurting the U.S. and European economies and helping fuel Putin's war. We cannot continue to rely on foreign oil and allow the Saudis and other autocracies to control our gas prices. It is time to consider cutting United States military assistance to the Saudis and United Arab Emirates, and we must boost domestic energy production here at home. Americans deserve better!"" said Congressman Costa.Source"
energy,"June 16, 2022",Costa Votes to Lower Food and Fuel Costs,Rep. Jim Costa,"Congressman Jim Costa (CA-16) released the following statement after he voted to pass H.R. 7606 -- Lower Food and Fuel Costs Act legislation that will bolster the food and agriculture supply chain, ensure fair competition in the meat and poultry sectors, and lower food and gasoline costs for American consumers.""Congress must help lower rising costs to consumers,"" Costa said. ""No American should have to pick between filling up their gas tank or putting food on their dinner table. By helping farmers lower costs, reducing supply chain impacts, and expanding fuel sources, we can alleviate extra costs that are getting passed on to consumers.""The Lower Food and Fuel Costs Act does the following:- Reduces input costs on fertilizer and improves access to precision agriculture practices.- Establishes an Agricultural and Food System Supply Chain Resilience and Crisis Response Task Force at USDA to evaluate Federal, State, and local laws and regulations that increase or decrease the stability of the food and agriculture supply chain.- Expands biofuels investments to reduce our reliance on foreign oil and provide alternative options for American consumers.- Deploys additional storage and dispensing equipment to increase the supply of ethanol blends and other biofuels across the country.- Provides producers with the chance to receive reimbursement for their costs in creating and implementing a nutrient management plan through the Environmental Quality and Incentives Program (EQIP), a voluntary, conservation program that can provide financial and technical assistance to install conservation practices that address natural resource concerns in our Valley.- Alleviates supply chain bottlenecks in the cattle market to ensure a level playing field.- Creates a grant program to conduct activities that expand livestock and meat processing capacity, and strengthen the economic viability of existing processors.Source"
energy,"May 19, 2022",Costa Votes to Lower Costs at the Gas Pump,Rep. Jim Costa,"Congressman Jim Costa (CA-16) released the following statement after the House passed H.R. 7688 - Consumer Fuel Price Gouging Prevention Act, which would stop price gouging and lower costs for consumers at the gas pump.""Valley residents are paying some of the highest prices at the gas pump, and they need relief now,"" said Costa. ""We need to cut costs and protect consumers by becoming energy independent. Enough is enough! This legislation will help lower costs for consumers, so they don't have to choose between filling up their tanks or buying groceries.""The Consumer Fuel Price Gouging Prevention Act would give the President the authority to issue an energy emergency declaration that would prohibit the increase in gasoline and home energy fuel prices in an excessive or exploitative manner. It would also strengthen the Federal Trade Commission's authority to oversee the energy market and penalize bad actors manipulating the market, improving transparency and fair competition. Any monetary penalties from market manipulators would go toward the Low-Income Home Energy Assistance Program and Weatherization Assistance Program to help Americans who are struggling with high energy prices.Source"
energy,"March 10, 2022","Costa Statement After House Passes Bill to Halt Russia's Energy Exports to United States, Further Weakening Russian Economy",Rep. Jim Costa,"Rep. Jim Costa (CA-16) released the following statement after House passage of the Suspending Energy Imports From Russia Act, which bans all U.S. energy imports from Russia.  The bill reinforces congressional support for an executive order signed this week by President Joe Biden, which prohibits the United States from importing  Russian oil, natural gas, and coal.""This bipartisan bill takes decisive action to punish Russian President Vladimir Putin for the death and destruction he is causing in Ukraine,"" said Costa. ""If Putin continues these atrocities, he will see more and more critical elements of Russia's economy sanctioned and isolated from the rest of the world. We are committed to working with our allies to keep our energy markets as stable as possible during this unprecedented time. Russia must pay the price for its actions.""Specifically, the legislation:- Bans U.S. imports of crude oil, petroleum, natural gas, petroleum products, and coal from Russia.- Takes steps to review Russia's access to the World Trade Organization and explore how the United States can further diminish Russia in the global economy.- The bill will reauthorize and strengthen the Global Magnitsky Human Rights Accountability Act so that the United States can impose further sanctions on Russia. In 2012, Congress took bipartisan action with the Magnitsky Act to impose sanctions on human rights abuses in Russia, while also normalizing trade relations. This standard was expanded in 2016 to apply globally: broadening the human rights abuses that can be punished with sanctions and bolstering coordination with our partners. This new bill extends Global Magnitsky so that the United States can continue to punish Russia for its heinous attacks on Ukrainian civilians and its violation of Ukraine's sovereignty and territorial integrity.Source"
