topic,date,title,politician,full_text
energy,"March 21, 2022","Letter to Joe Biden, President of the United States - Congressman Schweikert Sends Letter To President Biden Urging Review Of LNG Exports","Rep. Paul Gosar, ...",Letter available on website; see attached source.Source
defense,"March 2, 2022",GOSAR VOTES AGAINST RESOLUTION THAT DRAGS THE UNITED STATES INTO ANOTHER WAR,Rep. Paul Gosar,"Congressman Paul A. Gosar, D.D.S. (AZ-04) issued the following statement after voting against House Resolution 956, the so-called ""Supporting the People of Ukraine Resolution.""""While I have deep compassion and sympathy for the horrible suffering of the people of Ukraine and am moved by their nationalism, this resolution would have been more aptly titled the ""Resolution that Drags the United States into Another Foreign War.""Specifically, the resolution demands that an armed attack against one or more NATO member in Europe or North America is considered an attack against them all and consequently America would be obligated to go to war.This is an unconstitutional infringement on Article 1 Section 8 Clause 11 of the United States Constitution, which grants only Congress the power to declare war, not NATO allies.I have repeatedly stated that this conflict has nothing to do with American national security and not one American soldier should be dragged into a war 5000 miles away when there is no reason to be there.  Additionally, I have called on Mr. Biden to seek Congressional approval before sending American troops into battle.Sadly, the war in Ukraine demonstrates what happens when Mr. Biden shows weakness on an international scale and makes radical decisions tying financial and economic security to foreign nations.Additionally, the Afghanistan defeat and disastrous withdrawal is still fresh in the minds of Americans.  This resolution threatens to get the United States into another dangerous, expensive and lengthy war and there is no reason to be there.  For these reasons, I voted against it,"" concluded Congressman Paul Gosar.Source"
energy,"March 10, 2022",JOE BIDEN IS SOLELY RESPONSIBLE FOR SKYROCKETING GASOLINE PRICES,Rep. Paul Gosar,"Congressman Paul Gosar, D.D.S. (AZ-04) issued the following statement after voting against H.R. 6968, legislation suspending energy imports from Russia.""Joe Biden's war on American energy independence created this energy crisis, has jeopardized our national security, and is now fueling Putin's war on Ukraine.  He owns it.And make no mistake, Joe Biden's anti-energy agenda is causing gasoline to skyrocket across America. I will not provide Joe Biden political cover for his terrible decisions over the past year that have led to these record high gasoline prices.Joe Biden needs to end his freeze on all new oil and gas projects, approve pipelines and energy development and stop harming Americans,"" stated Congressman Gosar.Source"
government_budget_and_spending,"March 10, 2022",CONGRESSMAN GOSAR VOTES AGAINST OUT-OF-CONTROL SPENDING,Rep. Paul Gosar,"Congressman Paul Gosar, D.D.S. (AZ-04) issued the following statement after voting against H.R. 2471, the Consolidated Appropriations Act of 2022.""I could not in good conscience vote in favor of a bill that is 2,700 pages long, spends a massive $1.5 trillion and was written behind closed doors and delivered to Congress for consideration at 1:30 AM in the morning.  Less than a day has been made available for any member to ""read"" this bill, and it is physically impossible to do so in the time allotted.No one, literally not one single member of congress has read through the entirety of this enormous legislation before voting for it.  There have been no hearings, markups or robust debates.  There are no amendments allowed.  This is exceptionally poor process and Americans deserve better.Americans are not fooled by these actions and are fed up with Congress' inability to constrain run-away spending.  We are more than five months into Fiscal Year 2022 and the liberals who run Congress still cannot get their act together.This spending package increases non-defense discretionary spending by 7% and finances it with more deficit spending.  It also includes over $4 billion in earmarks chosen by Democrats but not allowed for Republicans, and it includes funds for the murderous Planned Parenthood.  The bill subsidizes the Biden administration's radical green energy policies and increases the annual budget for the Internal Revenue Service by a whopping $12.6 billion just so they can further harass taxpayers.Congress should be looking at ways to reduce spending rather than add to our $30 trillion national debt and advancing Leftist policies.Finally, let me say this.  There are dozens of programs I support in this bill.  But with no time allowed to review the entirety, and no amendments or debate allowed, I am precluded from fighting for the good part of this bill while getting the nonsense cut.   For that reason, I am left with no real choice but to vote against this bill as currently presented,"" concluded Congressman Gosar.Source"
government_budget_and_spending,"Feb. 2, 2022",THE DEBT IS TOO DAMN HIGH,Rep. Paul Gosar,"Congressman Paul A. Gosar D.D.S. (R-AZ),  issued the following statement in response to the United States' national debt surpassing $30 trillion, nearly five times the nation's annual budget.""The national debt has reached a calamitous level, tripling in the last decade.  The consequences of this unrestrained and wasteful spending are far more catastrophic than any other threat facing the nation. Congress has, for the last 30 years, failed the American public.I reiterate my call for a balanced budget. And if we cannot balance the budget rationally, we need a balanced budget constitutional amendment that would force Congress to live within its means, like every one else.If the federal government spent the largesse it coerces from the people wisely, the overspending would still be a problem. But it does not. The federal government is wasteful and cavalier towards the tax monies it takes.  I have opposed the wasteful spending bills for this and other reasons.   Our people are taxed too much already. We need lower taxes and reduced spending and we need it now.We cannot continue to print money and spend our way out of this mess.  Unfortunately, Joe Biden and the liberal Democrats who control Congress think the solution is even more spending, raising taxes and growing the size of the federal government. That is the exact wrong answer that got us into this hole.It is past time for the federal government to get its fiscal house in order and end this stranglehold on our economy once and for all,"" concluded Congressman Paul Gosar.Note: Inflation is a key metric to determine if a country is borrowing too much money.   Inflation is currently at a record 42-year high of 7% officially.Source"
