topic,date,title,politician,full_text
defense,"May 17, 2022","Letter to Frank Kendall, Secretary of the Air Force - Calling for Savannah Combat Readiness Training Center to Remain Open","Rep. Buddy Carter, ...",Only available in PDF format; please see source to view document.Source
energy,"July 12, 2022","Letter to Michael Regan, Administrator of the Environmental Protection Agency - House Republicans Demand Answers from EPA on Life Threatening Blackouts and Grid Instability","Rep. Buddy Carter, ...",Only available in PDF format; please use source to view documentSource
civil_liberties_and_rights,"Jan. 16, 2022",Carter calls for prayers for the Jewish community,Rep. Buddy Carter,"As Colleysville, Texas recovers from this weekend's unimaginable tragedy, Rep. Earl L. ""Buddy"" Carter (R-GA) calls for prayers and an end to the troubling global rise in antisemitism.""Words cannot describe how relieved I, and we as a nation, are to see that noinnocent lives were lost in the senseless attack on Congregation Beth Israel this weekend,"" said Carter. ""Unfortunately, this attack was not an isolated incident. I've travelled throughout Georgia's First District hearing from our Jewish community members that share the same message -- that they no longer feel safe practicing their religion.""The State of Antisemitism in America report found that 1 in 4 Jewish Americans were the victim of antisemitism from October 2020 -- October 2021. 90% of Jewish people are concerned about the rise in antisemitism, with 22% feeling the need to hide their Jewish identity in public.""Freedom of religion is a fundamental right, one that our Jewish friends and neighbors are not able to fully embrace. I will be dedicating my Sunday worship today to praying for safety for those of the Jewish faith. Antisemitism has no place in America or anywhere else,"" said Carter.Source"
criminal_justice,"Jan. 16, 2022",Carter calls for prayers for the Jewish community,Rep. Buddy Carter,"As Colleysville, Texas recovers from this weekend's unimaginable tragedy, Rep. Earl L. ""Buddy"" Carter (R-GA) calls for prayers and an end to the troubling global rise in antisemitism.""Words cannot describe how relieved I, and we as a nation, are to see that noinnocent lives were lost in the senseless attack on Congregation Beth Israel this weekend,"" said Carter. ""Unfortunately, this attack was not an isolated incident. I've travelled throughout Georgia's First District hearing from our Jewish community members that share the same message -- that they no longer feel safe practicing their religion.""The State of Antisemitism in America report found that 1 in 4 Jewish Americans were the victim of antisemitism from October 2020 -- October 2021. 90% of Jewish people are concerned about the rise in antisemitism, with 22% feeling the need to hide their Jewish identity in public.""Freedom of religion is a fundamental right, one that our Jewish friends and neighbors are not able to fully embrace. I will be dedicating my Sunday worship today to praying for safety for those of the Jewish faith. Antisemitism has no place in America or anywhere else,"" said Carter.Source"
defense,"June 20, 2022",Carter Keeps Savannah's Combat Readiness Training Center Off Chopping Block,Rep. Buddy Carter,"The House Appropriations Defense Subcommittee released a report denying the Biden Administration's FY2023 budget request to close the Savannah Combat Readiness Training Center (CRTC).This comes after months of advocacy from Rep. Earl L. ""Buddy"" Carter (R-GA), who disputed the Air Force's assessment that the center was underutilized.""This is a major win for the First District, our military service members, and national security. The fight is not over, but this proves what Georgians already knew: the Savannah CRTC is an indispensable piece of the Air Force's fighter pilot training,"" said Carter.While the report signals broad support for keeping the center open, the package still requires a full House Appropriations Committee vote before advancing to the House and Senate for final passage.""Our world-class military service members deserve world-class resources and training. They get that at the Savannah CRTC,"" said Carter.Source"
defense,"April 5, 2022",ICYMI: Is the U.S. Military Ready for What May Come?,Rep. Buddy Carter,"President Biden's proposed budget is hamstringing our defense readiness at a time of extreme international unrest (""America's Declining Military,"" Review & Outlook, March 30). Despite analysis that the Air Force is the least prepared it has ever been, this administration plans to shut down the Combat Readiness Training Center (CRTC) in Savannah, Ga.A $24 million airplane hangar is near completion at the Savannah Air Dominance Center to support Air Force pilot training. Just last week, $1.2 million in new technology was installed that isn't available anywhere else in the country.That money came from single moms, firefighters, teachers and military service members. But we are throwing it out the window for administrative convenience. This is exactly the type of wasteful spending that frustrates taxpayers.Our military was caught off guard by Russia's invasion of Ukraine. China is on the brink of invading Taiwan, and the time may come when U.S. troops are needed to secure peace abroad. We all hope it won't happen, but we must be ready if it does. Right now, we aren't.The Savannah CRTC is the most efficient, heavily utilized CRTC center in the country. It has trained every single F-22 pilot over the past two years.As a senator, Mr. Biden famously said, ""Show me your budget and I'll tell you what you value."" President Biden, show us that you support our military's defense readiness by keeping the Savannah CRTC open.Source"
defense,"March 30, 2022",Carter Opposes Closure of Savannah Combat Readiness Training Center,Rep. Buddy Carter,"President Biden's FY 2023 budget will close the Savannah Combat Readiness Training Center (CRTC), resulting in lost jobs and military training capabilities during a time of international unrest.Rep. Earl L. ""Buddy"" Carter (R-GA) spoke today in opposition of this move:""Biden said show me your budget and I'll tell you what you value; clearly, he doesn't value our defense. Coastal Georgia has every branch of the military. Savannah has the most efficient CRTC in the country. Savannah makes you ready for everything,"" said Carter.In March 2019, the Department of Defense allocated $24 million to the Savannah CRTC to build a new airplane hangar, which is currently nearing the end of completion.""The Biden Budget is throwing away a $24 million investment, that still has a crane on it, like it's pocket change. Meanwhile, taxpayers on the hook to pay for it.""With all due respect for President Biden, our military was caught off guard by the Russian invasion of Ukraine. Instead of learning from that, he is hamstringing our defense readiness and killing jobs. I will continue advocating for the Savannah CRTC. This is the beginning, not the end,"" said Carter.Source"
energy,"June 14, 2022",Carter Introduces Bill to Strengthen U.S. Nuclear Industry,Rep. Buddy Carter,"Rep. Earl L. ""Buddy"" Carter (R-GA) today introduced the bipartisan Global Nuclear Energy Assessment and Cooperation Act, alongside Rep. Scott Peters (D-CA). This legislation will bolster the United States' nuclear energy sector while inhibiting our adversaries' nuclear capabilities, including both China and the Russian Federation.""Nuclear power and American innovation are cornerstones of a clean, reliable energy future,"" said Rep. Carter. ""The Global Nuclear Energy Assessment and Cooperation Act will not only bolster our nuclear capabilities, but it will also counter Russian and Chinese expansion around the world. Additionally, it increases international cooperation to expand access to technologies developed by American inventors. It's time for Congress to take up this important legislation and I thank Rep. Peters for his support.""""Through the Global Nuclear Energy Assessment and Cooperation Act, the U.S. continues solidifying its clean energy leadership here at home and abroad,"" said Rep. Peters. ""The concrete steps outlined in this legislation, including the training of foreign nuclear energy experts and the establishment of a U.S. International Nuclear Reactor Export and Innovation Branch, will ensure we remain the world's leading developer of nuclear energy. I thank Rep. Carter for his leadership and collaboration in this space.""The Global Nuclear Energy Assessment and Cooperation Act will:- Promote better international cooperation and assistance relating to nuclear reactors;- Help build nuclear regulatory organizations or legal frameworks in other nations;- Counter strategic competitors like Russia and China;-  Prohibit the import of fuels from Russia, China, and other adversaries; and,- Build up the Nuclear Regulatory Commission's international efforts by facilitating the issuing of licenses to import or export nuclear reactors.Source"
energy,"April 6, 2022",Watch: Carter Holds Biden Accountable for High Gas Prices in First District,Rep. Buddy Carter,"During today's Energy and Commerce Subcommittee hearing on the Biden Administration's high oil and gas prices, Rep. Earl L. ""Buddy"" Carter (R-GA) brought the receipts:""What I have behind me, ladies and gentlemen, is a chart of receipts that I've asked constituents in my District to send in to us.""What you'll see here, first of all, there's an $80 to fill up a tank, $80 receipt to fill up a tank in Brunswick, Georgia. $135 in Waycross, Georgia. One constituent pointed out that they spent $334 just last month on gas.""And behind each of these receipts is a story.""Sam from Ellabell - he's having to cancel his Veteran's Affairs appointment because he can't afford to get there.""Kayla from Ware County summarized the pressure facing the working class Americans by saying, and I quote, 'I can't afford to go to work, but I also cannot afford not to go to work,' unquote.""We are forcing our seniors, our single parents, and our veterans to choose between groceries and gas. Between a regular paycheck and regular fuel.""It all comes down to the Biden Administration's refusal to recognize reality and instead wage a war on fossil fuels.""Source"
energy,"March 8, 2022","Biden Bans Russian Oil Following Pressure From Carter, House Republicans",Rep. Buddy Carter,"Following weeks of pressure from House Republican leadership, the Biden Administration is set to ban Russian oil imports today.Rep. Earl L. ""Buddy"" Carter (R-GA), who called for these sanctions even before Russia invaded Ukraine, gave the following statement:""This is a necessary move that should have happened months ago. While I am glad that the Biden Administration is holding Putin accountable for his war crimes, I am disturbed by reports that they are shopping for oil in Iran, Venezuela, and Saudi Arabia. All of these countries are ruled by a dictator. We need to be producing oil here, not lining the pockets of world leaders who stand for everything our country is against. Now is the time to unleash not only American energy independence, but American energy dominance.""Source"
energy,"March 3, 2022",Carter Holds Russia Accountable With America First Energy Policies,Rep. Buddy Carter,"The U.S. must stop purchasing oil from Russia and increase domestic oil production by restarting the Keystone XL Pipeline.Rep. Earl L. ""Buddy"" Carter (R-GA) introduced the Ending Dependence on Russian Energy Act today to accomplish those goals, which will hold Russia accountable for their horrific invasion of our ally, Ukraine, and reassert America's energy dominance.""Under President Biden, we are buying an additional $22 million worth of oil per day from Russia, funding Putin's illegal military actions in Ukraine. On top of that, President Biden canceled the Keystone XL pipeline and refuses to open up public lands for drilling. We cannot send aid to Ukraine while continuing to financially support Putin's dictatorial regime,"" said Carter.Source"
finance_and_banking,"Aug. 24, 2022",Carter's statement on taxpayer-funded student loan forgiveness,Rep. Buddy Carter,"Following President Biden's announcement that he is using taxpayer dollars to pay off up to $20,000 in student loans per borrower, Rep. Earl L. ""Buddy"" Carter (R-GA) delivered the following statement:""Woke universities don't need $300 billion in taxpayer dollars, especially when they continue to raise tuition even as the value of a four-year degree declines. Workers are being crushed by inflation, and instead of helping the lowest 10% of income earners, Biden is throwing taxpayer dollars at the highest 10%. This is one of the worst dollar-for-dollar investments we could possibly make in our country,"" said Carter.He also emphasized that when Washington Democrats say ""free,"" they mean ""taxpayer-funded.""""There is no such thing as a free lunch. We need to address the root causes of the rising cost of tuition, not subsidize the wealthy's education on middle America's dime,"" said Carter.Source"
government_budget_and_spending,"Sept. 30, 2022",Carter: Democrats are mugging the American people,Rep. Buddy Carter,"The House today passed another Continuing Resolution in lieu of a budget, sending a stop-gap funding measure to President Biden's desk that will expire on December 16th.Rep. Earl L. ""Buddy"" Carter (R-GA) proudly voted no on this short-sighted and irresponsible legislation.""It's time to restore fiscal responsibility in Washington. Congress's primary roles are to provide for a strong national defense and fund the government. Right now, we are failing at both. When I was a small business owner, I had families relying on me for their paychecks. If I didn't spend responsibly, they paid the price. Millions of taxpayers and their children are relying on us to be responsible stewards of their hard-earned dollars and, instead, Congress is turning its backs on them.""When Republicans retake the majority and we fire Pelosi, we'll say what Washington Democrats won't: the buck stops with us. Responsible, balanced, and conservative budgeting that strengthens future generations instead of robbing them will be our top priority. Let's fix this broken system before it collapses,"" said Rep. Carter.Source"
government_budget_and_spending,"June 20, 2022",Carter Keeps Savannah's Combat Readiness Training Center Off Chopping Block,Rep. Buddy Carter,"The House Appropriations Defense Subcommittee released a report denying the Biden Administration's FY2023 budget request to close the Savannah Combat Readiness Training Center (CRTC).This comes after months of advocacy from Rep. Earl L. ""Buddy"" Carter (R-GA), who disputed the Air Force's assessment that the center was underutilized.""This is a major win for the First District, our military service members, and national security. The fight is not over, but this proves what Georgians already knew: the Savannah CRTC is an indispensable piece of the Air Force's fighter pilot training,"" said Carter.While the report signals broad support for keeping the center open, the package still requires a full House Appropriations Committee vote before advancing to the House and Senate for final passage.""Our world-class military service members deserve world-class resources and training. They get that at the Savannah CRTC,"" said Carter.Source"
government_budget_and_spending,"May 27, 2022","""Do You Think We're Stupid?': Carter Grills CBO Director on Dems' Deficit Claims",Rep. Buddy Carter,"Congressional Budget Office (CBO) Director Phillip Swagel testified before the House Budget Committee yesterday. Democrats tried using the hearing to defend the Biden Administration's poor fiscal and economic policies, but Republicans saw right through it.Rep. Earl L. ""Buddy"" Carter (R-GA), who sits on the Committee, shared the facts. In case you missed it, here are the highlights:ON THE DEFICIT ""REDUCTION'""Here we have the 2021 deficit, the second highest in American history, was $517 billion over the CBO's estimate; yet, the Biden Administration is trying to tout this as a deficit reduction.""I mean, honestly and sincerely, do you think we're stupid?""""The 2.78 trillion deficit, that's almost three times the trillion dollar ten year average deficit, at yet they're saying it's a deficit reduction. It just baffles me that someone could possibly even think or say that.""ON THE RISING COST OF, WELL, EVERYTHING""We all know that inflation has gone up every month, every month since this president has been in office.""When Joe Biden went into office, the inflation rate was 1.7%. Now, here we are at 8.3%, 8.5%. We don't have a revenue problem, what we've got is a spending problem.""ON INTEREST RATE SPIKES""Last time we experienced this kind of inflation, the effective interest rate on the debt was 10.8%.""""We had a .5% increase in the interest rate by the federal reserve, which resulted in $29 billion in interest, just like that. And don't think the interest rate isn't going to go up again.""""How much is this going to cost us?""Source"
government_budget_and_spending,"May 4, 2022",Biden's Budget is intergenerational theft,Rep. Buddy Carter,"When small business owners make irresponsible budget decisions, they face the consequences. But if the federal government fails to balance its budget, it is the taxpayers who face the consequences. This phenomenon is playing out right before our eyes.President Biden's FY2023 budget calls for $73 trillion in spending, a 66% increase from the previous decade, including $16 trillion in new public debt. These staggering numbers come after several rounds of COVID-19 relief packages spiked federal spending to its highest sustained level in American history.This budget is far from balanced and will sit atop our great-grandchildren's shoulders, who are at-risk of growing up in a world where the U.S. dollar is no longer the world's currency.We must cut up the credit cards and end the waste, fraud, and abuse that is prevalent on every level of government.Unfortunately, we have a Commander-in-Chief who does not recognize those economic realities. His famous refrain, that he won't raise taxes on anyone making less than $400,000 a year, is misleading at its best and a dangerous mistruth at its worst. Even if his proposed $58 trillion in tax increases did not touch a single middle-class American's wallet, he is ignoring perhaps the biggest drain on the average taxpayer's bank account: inflation.Currently, inflation is at 8.5%, a forty-year high and more than 250% higher than the White House predicted in its FY22 budget. If that statistic alone is not sufficient evidence that this Administration does not comprehend the full scope of their fiscal failings, this proposed budget will add an additional $12,000 inflation tax for American families in 2023.For the single mom trying to make ends meet, it doesn't matter if that extra money is paid at the pump, the grocery store, or the tax office. It's unaffordable, and it is the direct result of this Administration's policies.Inflation is taxation, and the working class is footing the bill.This Administration tells those living on a fixed income to ""lower your expectations"" but refuses to hold themselves to the same standard. Perhaps this is because they still believe inflation is a ""high-class problem"" or ""transitory."" More likely, it's because they see how low Biden's approval ratings have fallen and are making expensive promises to buoy it.The American people see right through this Hail Mary.If a trucker can figure out how to pay for $4.27/gallon gas, a retired veteran can make room for 9.0% higher electricity, and a schoolteacher can navigate an additional $296 a month for basic household expenses, then this Administration and Congressional Democrats can figure out how to pay their bills, too.Source"
government_budget_and_spending,"March 29, 2022",Rep. Buddy Carter: Inflation is Making it Harder for People to Pay for Basic Expenses,Rep. Buddy Carter,"Rep. Earl L. ""Buddy"" Carter (R-GA) delivered opening remarks in today's Subcommittee on Environment and Climate Change hearing on safe drinking water and the need for government spending to be accountable.Excerpts and highlights from his prepared remarks:OUT-OF-CONTROL SPENDING""From day one, I urged for there to be transparency on the massive amounts of money this Congress has been providing to the Executive Branch.""Record government spending is fueling inflation and it is out of control.""From the gas pump to the grocery store, it's making it harder for people to pay for basic expenses to get by.""We just learned that funds from the Democrats' quote ""American Rescue Plan,' have been spent on things like a hotel, a ballpark, and ski slopes.""This is the kind of waste we warned about when Democrats acted alone to spend $2 trillion.""Where's the accountability we've been asking for?""Whether it is over this $2 trillion in inflationary spending or over the Senate Infrastructure law, there must be proper oversight over how we spend people's hard-earned taxpayer dollars.""American families who are struggling to afford gas, cars, food, new clothes, and heating their homes deserve certainty that their duly-elected representatives are leading to ensure funds aren't wasted or abused.""We should all be asking if the federal government wants to spend more money, can the American people afford it?""EPA""Today, is an important opportunity for this subcommittee to review and conduct oversight over the Safe Drinking Water Act provisions in the Senate Infrastructure Law and I appreciate the Chairman scheduling it.""That being said, we are missing an important witness. The Environmental Protection Agency (EPA).""The EPA is responsible for implementing the law we are discussing today.""I hope, Mr. Chairman, that you will work with us to invite EPA to testify about its implementation of the $35 billion in funding for safe drinking water programs.""SAFE DRINKING WATER""So, let me be clear: my stated concerns with the drinking water provisions in the Senate Infrastructure law are about transparency and accountability.""Without question, I want our communities to have safe drinking water. I was a mayor at one time. I get it, I understand how important it is. Making that water safe though costs money.""Some communities, because it requires a monetary investment, again, I get and I understand, I was the mayor of a growing city, because it requires a monetary investment, they need help from the Federal government.""But simply throwing money at drinking water challenges, using a federal, one-size-fits-all approach, is no way to solve the problems many communities face.""My concerns start with the large amounts of spending, but also include whether EPA is using this bill as an excuse to overtake drinking water program management, spending flexibility, and utility operations.""These are all areas that traditionally fall to local governments and the states. A federal takeover would be unprecedented and troubling.""ENSURING ACCOUNTABILITY""My concerns with the safe drinking water provisions in the Senate Infrastructure law go further.""First, what are the impacts of the law's mandates on required spending?""Promoting purchasing power for communities should be our highest aim.  If we swallow up this goal with requirements that strain the ability to complete necessary projects, we do both taxpayers and those serving communities a disservice.""Second, how will this additional new funding and EPA's guidance affect existing State drinking water revolving funds? And will any of the changes relate only to the Senate Infrastructure funding or will they have long-term impacts to project prioritization or the State Revolving Fund?""Third, will this law improve cybersecurity at drinking water plants or does it just increase the burdens on utilities and strain their resources?""Fourth, there are questions about the lead service line replacement provisions.  For example, do EPA and the states know where the lead service lines are, and will the agency ensure that millionaires do not benefit under this program?""Finally, there are concerns about rural communities' role in this funding.  Will rural communities have access to funding and technical assistance, or could they fall just outside of the definition of disadvantaged communities?""The Senate Infrastructure Law has both substantial authorizing and appropriations provisions, so we have a lot to cover today.""Again, I hope in a future hearing the EPA is here to formally answer questions about its use of $35 billion in additional funding.""This is important to ensure accountability and understand any changes that may be needed in the law.""Source"
