topic,date,title,politician,full_text
civil_liberties_and_rights,"July 19, 2022",Congresswoman Escobar Statement on Her Arrest Defending Abortion Access,Rep. Veronica Escobar,"Today, Congresswoman Veronica Escobar (TX-16) issued the following statement after her arrest defending abortion access and reproductive freedom in front of the Supreme Court:""Protesting injustice in our country is as old as our democracy itself; it is a cornerstone of our history, a principle of our nation, and a faithful mechanism for the will of the people to be heard. That is why, in the face of unprecedented attacks on abortion access and reproductive justice, like the draconian laws and anti-woman agenda we are seeing from the Texas state legislature, Governor Abbott, and the Supreme Court, I joined several of my colleagues in front of the highest court in the land to make good trouble.My arrest today for civil disobedience was a small act in the centuries-long battle to ensure every woman has the freedom to make personal decisions with those they love and trust without politicians trying to control them. We stand on the shoulders of giants whose struggle against injustices everywhere lights the way forward: the fight didn't start here, and it's far from over.""Source"
criminal_justice,"July 19, 2022",Congresswoman Escobar Statement on Her Arrest Defending Abortion Access,Rep. Veronica Escobar,"Today, Congresswoman Veronica Escobar (TX-16) issued the following statement after her arrest defending abortion access and reproductive freedom in front of the Supreme Court:""Protesting injustice in our country is as old as our democracy itself; it is a cornerstone of our history, a principle of our nation, and a faithful mechanism for the will of the people to be heard. That is why, in the face of unprecedented attacks on abortion access and reproductive justice, like the draconian laws and anti-woman agenda we are seeing from the Texas state legislature, Governor Abbott, and the Supreme Court, I joined several of my colleagues in front of the highest court in the land to make good trouble.My arrest today for civil disobedience was a small act in the centuries-long battle to ensure every woman has the freedom to make personal decisions with those they love and trust without politicians trying to control them. We stand on the shoulders of giants whose struggle against injustices everywhere lights the way forward: the fight didn't start here, and it's far from over.""Source"
criminal_justice,"July 19, 2022",Congresswoman Escobar Statement on Her Arrest Defending Abortion Access,Rep. Veronica Escobar,"Today, Congresswoman Veronica Escobar (TX-16) issued the following statement after her arrest defending abortion access and reproductive freedom in front of the Supreme Court:""Protesting injustice in our country is as old as our democracy itself; it is a cornerstone of our history, a principle of our nation, and a faithful mechanism for the will of the people to be heard. That is why, in the face of unprecedented attacks on abortion access and reproductive justice, like the draconian laws and anti-woman agenda we are seeing from the Texas state legislature, Governor Abbott, and the Supreme Court, I joined several of my colleagues in front of the highest court in the land to make good trouble.My arrest today for civil disobedience was a small act in the centuries-long battle to ensure every woman has the freedom to make personal decisions with those they love and trust without politicians trying to control them. We stand on the shoulders of giants whose struggle against injustices everywhere lights the way forward: the fight didn't start here, and it's far from over.""Source"
finance_and_banking,"Aug. 24, 2022",Congresswoman Escobar Statement on Biden-Harris Administration's Student Loan Relief,Rep. Veronica Escobar,"Congresswoman Veronica Escobar (TX-16) issued the following statement on President Biden's executive order canceling $20,000 of federal student loan debt for Pell Grant recipients and $10,000 of federal debt for other borrowers:""Today, President Biden kept his promise to provide targeted student debt relief to working- and middle-class families. This powerful step, which will continue to grow the economy from the bottom up and the middle out, supports hard-working people, puts money back in their pockets, and changes the lives of as many as 43 million Americans.""I applaud the President for this long overdue action that lifts up working people and will help thousands of El Pasoans, who have been held back from reaching their full potential for too long. Education is the greater equalizer and targeted student debt forgiveness, as seen today, demonstrates the President's commitment to fighting for working families and providing equal opportunities for all.""The Biden-Harris Administration announced today it will:Provide up to $20,000 in debt cancellation to Pell Grant recipients and up to $10,000 in debt cancellation to non-Pell Grant recipients. Borrowers who earn less than $125,000 per year or households earning less than $250,000 are eligible for debt cancellation.Extend the federal student loan pause a final time through December 31, 2022 to provide borrowers a smooth transition back to repayment.Make the student loan system more manageable for current and future borrowers by cutting monthly payments in half for undergraduate loans and holding schools accountable when they hike up prices.These actions will help borrowers who need it most -- with nearly 90% of relief dollars going to borrowers earning less than $75,000 per year.Source"
government_budget_and_spending,"July 20, 2022",Congresswoman Escobar Votes for Package of Appropriations Bills for FY2023,Rep. Veronica Escobar,"Today, Congresswoman Veronica Escobar (TX-16) voted for the passage of H.R. 8294, the Fiscal Year 2023 Six-Bill Appropriations Minibus. The minibus includes appropriations bills from Transportation, Housing and Urban Development; Agriculture, Rural Development, FDA; Energy and Water Development; Financial Services and General Government; Interior-Environment; and Military Construction and Veterans Affairs. This appropriations package makes a $563 billion investment in communities across the United States. Congresswoman Escobar championed twelve amendments and eleven Community Project Funding (CPF) requests that were included in the legislation.""I'm proud to vote for a comprehensive funding package that fights inflation and contains wins for El Paso, such as $15 million in construction funding for a new fire station at Fort Bliss and codifying gaming rights for the Tiguas,"" said Congresswoman Escobar. ""I'm excited to begin the process to secure funding for our projects. These funding investments are transformative and taken together, this package supports families by lowering the cost of living, creating good-paying jobs, and supporting small businesses.""Congresswoman Escobar's Community Project Funding requests include:$1,750,000 to Construct a Solar Covered Parking Facility at El Paso International AirportThis project designs and constructs a solar-covered parking facility located directly in front of the terminal in short-term parking. The 2.5-acre system is expected to generate 1.5MW of solar which will offset the 2.1MW consumed by the Terminal annually.$1,000,000 to Build a 34-acre foot Desilting Basin for Stormwater InfrastructureThis project constructs a 34-acre-foot desilting basin strategically placed to detain peak flows and sediment affecting the RV Channel (located south of the project site). The U.S. Army Corps of Engineers, in conjunction with El Paso Water, would construct a desilting basin that will detain peak flows and sediment affecting the RV Channel, street crossings, residential, commercial, and agricultural land. This project will also prevent erosion and collapse of downstream structures some of which have already been reconstructed due to failure caused by the accumulation of sediment and will protect the existing structures from future damage.$100,000 to Conduct an Appraisal Study for Franklin Canal InfrastructureThis project would have the Bureau of Reclamation, in conjunction with El Paso County Water District No. 1, conduct an appraisal of a 1-mile section of the Franklin Canal in Central El Paso, Texas.$1,925,000 to Construct a New Police Station, Courthouse, and Emergency Community Shelter Facility for the Town of AnthonyThis project constructs a new police station, courthouse, and emergency community shelter facility. Currently, the police department and courthouse are housed in the same building as the town hall and other public services and do not have an emergency shelter. The current facility is too small to sustain all these essential services and building a new facility for the police department, courthouse, and an emergency community shelter complex will allow Anthony to keep up with the community's growth, safety, and tourism.$500,000 to Launch a Business Retention and Expansion Effort Program for El Paso CountyThis project launches a business retention and expansion effort for businesses along El Paso County's historic Mission Trail, which stretches from the eastern edge of the City of El Paso, includes the City of Socorro, the San Elizario Historic District, and the Town of Tornillo. The program would provide training and counseling for entrepreneurs as well as skills development for employees to help bolster the tourism industry in El Paso County. Entrepreneurs targeted by the program would include small business owners situated along the Mission Trail corridor including heritage tourism and ecotourism operators.$1,300,000 to Create an Animal Wellness Clinic for El Paso CountyThe funding renovates an existing property into an animal wellness clinic that will offer high-volume spay and neuter programs, as well as vaccinations and microchips to track responsible ownership. In El Paso County there are few organizations that offer low to no-cost versions of these procedures and this project would directly address this issue.$4,000,000 to Build a Senior Meal and Community Kitchen in El Paso CountyThis project, which was requested by El Paso County and will be constructed with El Pasoans Fighting Hunger Food Bank, builds a full-scale community kitchen using an existing kitchen concept at the main food bank with the capacity to prepare, serve and deliver 10,000+ meals daily to elderly, disabled homebound, and youth populations as well as meet any emergent meal needs of the community during natural disasters or public health emergencies such as a pandemic. Once completed, the community kitchen along with other food bank services will serve as a teaching facility providing training and workforce development in culinary skills, warehousing, forklift operation, CDL driving and other vocational trades in coordination with the County of El Paso's Reentry/Transitional Center.$4,000,000 to Expand Water and Sewer Systems for the Village of VintonThis project provides for the expansion of a looped water and sewer system with a wholesale supply of treated potable water and treatment of wastewater for the local business sector. The proposed system includes approximately 21,600 linear feet of 8-to-12-inch waterline, one master meter, 44 fire hydrants, and approximately 65 first-time commercial service connections. On the wastewater side, the system would include 13,980 linear feet of 8-inch sewer line and the decommissioning of 59 onsite sewage facilities. The implementation of adequate water and sewer infrastructure will address public safety and health concerns that include fire flow and environmental health.$750,000 to Fund a Planning Study to Improve Land Border Crossings and Pedestrian Connectivity through the Texas A&M Transportation Institute in El PasoThis project is for a planning study to improve land border crossing transit and pedestrian connectivity to business districts in the El Paso region. Land border crossings are a critical economic activity link for U.S. retail businesses and residents in their immediate surroundings and in the lower income neighborhoods they often connect to, as well as for businesses located elsewhere in the community. This study will complement existing community efforts by identifying specific improvements needed to connect transit and pedestrian traffic between the land border crossings with the highest pedestrian traffic and the business, medical and residential districts in their surroundings as well as other major points of attraction throughout the El Paso region.$2,442,706 to Construct a New Casa de Los Abuelitos Facility through the Opportunity Center for the HomelessThis project constructs a new Abuelitos facility as a permanent home for El Paso's elderly and frail homeless male population. The facility will be comprised of both transitional (shelter) and permanent beds and will specifically target homeless men who are harder to serve, those who are frail, in need of additional support services, and most at risk in a normal shelter setting. Utilizing a vacant lot at 150 Brown Street, this proposal involves the development of a new housing facility with 31 beds that will be designed to address the needs of a more elderly and frail population that will include ADA-compliant showers, restrooms, etc. The facility will also include a kitchen/dining area, office space, laundry room, and other essential components.$1,735,000 to Fund a Design and Environmental Study of a Transit-Oriented Development for the Town of Horizon CityThis project would be used for the initial design and environmental study of a Transit-Oriented Development in Horizon City. The Transit Oriented Development is intended to provide opportunities for Horizon City residents to live, work and play in a compact area. By creating this development, Horizon City intends to also strengthen its resiliency by diversifying its tax base and revenues. The transit plaza will serve as a hub for transit routes that will provide access to residents in the TOD area, as well as Horizon City as a whole, to educational facilities in east El Paso County and at the University of Texas at El Paso campus and the Rio Grande campus of El Paso Community College.Congresswoman Escobar's amendments in H.R. 8294:Division A -- Transportation, Housing and Urban Development* Encourages the Department of Transportation to conduct a study on the potential benefits of public transit like railway between binational communities like El Paso, TX and Ciudad Juarez.* Urges the Department of Housing and Urban Development to establish a Colonia Ombudsman Office. This office would be responsible for helping connect Colonias to federal funding sources and keep an accurate accounting of infrastructure needs in these communities.* Increases funding for the National Infrastructure Investments account by $2,000,000 to ensure RAISE Grant funding is available for infrastructure projects at or immediately surrounding land ports of entry including ports between El Paso and Ciudad Juarez and Staton Street in El Paso.* Encourages the Office of Fair Housing and Equal Opportunity to emphasize the importance in eliminating housing discrimination and promoting economic opportunity in economically disadvantaged communities including El Paso and surrounding communities.Division B -- Agriculture, Rural Development, and FDA* Stresses upon the Department of Agriculture the need for the Rural Energy for America Program to provide guaranteed loans and grant funding for renewable energy systems to make energy-efficient improvements.Division C -- Energy and Water Development* Impresses upon the Department of Energy the need to support economic opportunities for tribal communities by using the Tribal Energy Loan Guarantee program to fund energy development projects.Division D -- Financial Services and General Government* Allocates $2 million to Veterans Business Outreach Center program for further expansion into communities where there is not yet a center such as El Paso.* Increases the Economic Mobility Corps Program by $2 million to continue to provide financial literacy programs to individuals with disabilities and populations in high-poverty areas.Division E -- Interior and Environment* Highlights the importance of research, surveys, and species and habitat management for funding awarded through the State and Tribal Wildlife Grant Program.Division F -- Military Construction and Veterans Affairs* Expresses to the Department of Defense the need for more investments in large Mobilization Force Generation Installations, such as Fort Bliss, to maintain and improve the Department's capability to rapidly and efficiently mobilize forces and resources, conduct training operations, and meet other readiness needs.* Makes clear to the Department of Veterans Affairs the need to include a Sterile Processing Service unit in their budget for the new El Paso VA health center.* Encourages the Department of Veterans Affairs to include food security screening questions in the Solid Start program to ensure new veterans are being connected to appropriate nutrition resources.Source"
government_budget_and_spending,"July 14, 2022",Congresswoman Escobar Votes for FY23 National Defense Authorization Act,Rep. Veronica Escobar,"Today, Congresswoman Veronica Escobar (TX-16), Vice-Chair of the House Armed Services Subcommittee on Military Personnel, voted for the passage of H.R. 7900, the National Defense Authorization Act (NDAA) for Fiscal Year 2023, in the House of Representatives.""This year's NDAA strengthens our national security, prioritizes our servicemembers, and modernizes key facets of our Armed Forces,"" said Congresswoman Escobar. ""As a member of the House Armed Services Committee and the sole representative for Fort Bliss in Congress, I was proud to have crafted and voted for this robust package that secures a well-deserved pay raise for our brave men and women in uniform, advances protections against harassment in the military, inspires innovation at all levels of our Armed Forces, and so much more.""Thanks to the leadership of Congresswoman Escobar and her colleagues, the FY23 NDAA:Improves Quality of Life for our Fort Bliss Servicemembers and Their FamiliesEnsuring our servicemembers are cared for is a top priority for Congresswoman Escobar. Through the NDAA, a 4.6% pay raise was secured for servicemembers and civilians. Additionally, her bill, H.R. 7930, the Military Spouse Entrepreneur Act, which reimburses business costs for military spouse entrepreneurs when their servicemembers are required to move posts, was included in the package.Designates the El Paso Healing Garden a National MemorialTo honor the lives lost during the August 3rd, 2019 domestic terror attack in El Paso, Congresswoman Escobar championed a provision which designates the Healing Garden located at Ascarate Park in El Paso as the El Paso Community Healing Garden National Memorial. This amendment is in tandem with her bill H.R. 4380, which passed the House in March 2022.Invests in Fort Bliss InfrastructureCongresswoman Escobar successfully secured $15 million in construction funding for a new firehouse station at Fort Bliss. The new station would serve the William Beaumont Army Medical Center area. Additionally, Congresswoman Escobar ensured language was included in the FY23 NDAA that amended the Defense Community Infrastructure Program (DCIP), which authorizes the Department of Defense to award grants to local and state governments for community infrastructure supportive of military installations. Her amendment would allow critical infrastructure assets located on land leased from the Department of Defense, like the Kay Bailey Hutchinson Desalination Plant, to be eligible for these funds.Supports Our Brave Men and Women in UniformCongresswoman Escobar included an amendment requiring complaints of harassment or prohibited discrimination made by a member of the Armed Forces to be completed within 180 days. Her amendment also allows for members to seek review or appeal in a U.S. court if they wished to after the 180 days are exhausted. The NDAA also eliminates TRICARE contraceptive costs for a year at a time when reproductive healthcare is under attack in states like Texas.Codifies Tiguas Gaming RightsLast year, Congresswoman Escobar introduced her bill, H.R. 2208, the Ysleta del Sur Pueblo and Alabama-Coushatta Tribes of Texas Equal and Fair Opportunity Act, to grant gaming rights to the Tiguas. This bill was included as an amendment in the NDAA, making their rights one step closer to being codified into law and granting this community its right to sovereignty, as favorably ruled on by the U.S. Supreme Court.Provides for our ColoniasThere has traditionally been little funding set aside just for the needs of Colonias and oftentimes localities have had to tackle Colonia issues on their own. The FY23 NDAA includes language authored by Congresswoman Escobar which reauthorizes the Wastewater Assistance to Colonias program, increases funding for the program, and lowers the local cost-share for localities that receive funding.Grows Ties Between the Services and UTEPTo keep up with the high demand for qualified aviators, Congresswoman Escobar championed a provision in the NDAA to have the Secretary of the Air Force provide a briefing to the House Committee on Armed Services on how the Air Force can engage with Minority-Serving Institutions like University of Texas at El Paso on developing innovative programs aimed at recruiting and training future pilots. Cost and culture have often been barriers to entry into the Air Education and Training Command for women and minorities. Congresswoman Escobar expects the briefing to bring solutions to the barriers these underutilized and talented groups face. Congresswoman Escobar also advanced an amendment ensuring internships and fellowships in the recommendations to be submitted to Congress on the modification or expansion of workforce development programs of the Department of Defense that will be used to increase the proportion of the workforce hired from minority-serving institutions like UTEP.Includes Stakeholders in Castner Range's ProtectionCongresswoman Escobar amended a 2013 NDAA land conveyance and transfer authority, that originally authorized the Secretary of the Army to transfer Castner Range, without consideration, to the Texas Parks and Wildlife Division, to include an authority to also potentially transfer Castner to the Department of the Interior to be designated as a national monument.Modernizes Our Military to Tackle the Climate CrisisThe FY23 NDAA secures $138.6 billion in research and development initiatives to keep our Armed Services innovative and competitive. Additionally, Congresswoman Escobar authored language to establish a pilot program for the Army to install microgrids at military installations and field electric vehicle fleets. This program would be in accordance with the strategic goals of the Department of Defense and the Army Installation Energy and Water Strategic Plan. Finally, she secured two amendments directing the Secretary of Defense to conduct a study of military housing resilience and energy efficiency as well as an assessment of deficiencies at Military Health System facilities to ensure they comport to health, safety, and energy codes.Prioritizes Civilian Support PersonnelThose who work in service of our country should be paid a livable wage. The FY23 NDAA includes a provision providing inflation bonuses for civilians with incomes under $45k/year and codifies a $15 minimum wage for employees working on federal service and construction contracts.Bolsters Small BusinessesCongresswoman Escobar believes small businesses are the backbone of our economy and our communities. As such, working to ensure competitiveness within federal contracts should remain a priority. She included an amendment that requires a study to be conducted by the General Services Administration to track how counterfeit items on the e-commerce platforms impact small businesses.Source"
government_budget_and_spending,"June 23, 2022",Congresswoman Escobar Votes to Advance the FY23 NDAA,Rep. Veronica Escobar,"Congresswoman Veronica Escobar (TX-16) Vice-Chair of the House Armed Services Subcommittee on Military Personnel, and her House Armed Services Committee (HASC) colleagues advanced out of committee H.R. 7900, the National Defense Authorization Act (NDAA) for Fiscal Year 2023.""This comprehensive FY23 NDAA is the result of thoughtful, crucial work to invest in our nation's defense,"" said Congresswoman Escobar. ""El Paso and Fort Bliss were at the forefront of my proposals. I am proud to join my colleagues in creating important legislation for our country that not only addresses the threats of today but keeps in mind the challenges of tomorrow. I look forward to the final passage of this broad, encompassing bill.""Below is an overview of some of the key FY23 NDAA provisions authored and championed by Congresswoman Escobar:Codify Tiguas Gaming RightsLast year Congresswoman Escobar introduced her bill, H.R. 2208, the Ysleta del Sur Pueblo and Alabama-Coushatta Tribes of Texas Equal and Fair Opportunity Act, to grant gaming rights to the Tiguas. This bill was included as an amendment, making their rights one step closer to being codified into law and granting this community its right to sovereignty.Secure Funding for Ft. BlissCongresswoman Escobar successfully secured $15 million in first responder funding for a new firehouse at Fort Bliss included in the President's budget. The new station would serve the William Beaumont Army Medical Center area.Address Community Infrastructure Supportive of Military InstallationsCongresswoman Escobar ensured that language was changed in the Defense Community Infrastructure Program, which authorizes the Department of Defense to award grants to local and state governments for community infrastructure supportive of military installations. This amended language would allow critical infrastructure supporting military value to be eligible for funds, as not all assets on lands leased by the Department of Defense can currently be awarded grants.Ease Reimbursement Costs for Military Spouse EntrepreneursCongresswoman Escobar's bill H.R. 7930, the Military Spouse Entrepreneur Reimbursement Act, was included in this year's NDAA. When servicemembers are required to move posts, their spouses face the challenge of how to move their business and livelihood. Congresswoman Escobar's bill eases reimbursement costs for military spouse entrepreneurs by expanding the reimbursement program to include a wider variety of eligible business costs.Promote the U.S. Space Force's University Partnership ProgramCongresswoman Escobar successfully advocated for increased funding for the U.S. Space Force's University Partnership Program. Having begun in 2021, this program has several universities connect with the Space Force for the purpose of recruiting students, leadership development, research, and sponsoring projects.Increase Funding for the Military Munitions Response ProgramCongresswoman Escobar secured $25 million in funding for the Military Munitions Response Program (MMRP) at Formerly Used Defense Sites (FUDS), which addresses the risks of the presence of military munitions. These sites have been underfunded for decades. This funding will ensure FUDS, like Castner Range, across the country are cleaned and the surrounding communities are protected.Include Stakeholders in Castner Range's ProtectionCongresswoman Escobar amended a 2013 NDAA land conveyance and transfer authority, that originally authorized the Secretary of the Army to transfer Castner Range, without consideration, to the Texas Parks and Wildlife Division, to include an authority to also potentially transfer Castner to the to the Department of the Interior.Establish a Pilot Program for Electric Vehicles in the ArmyCongresswoman Escobar is committed to addressing the climate crisis and ensuring a clean energy future. Congresswoman Escobar supported language to establish a pilot program for the Army to install a microgrid at military installations and field electric vehicle fleets. This program would be in accordance with the strategic goals of the Department of Defense and the Army Installation Energy and Water Strategic Plan.Ensure the National Guard is Mission-readyTo ensure the National Guard is mission-ready, Congresswoman Escobar supported a directive instructing the Secretary of Defense to submit a report to the House Committee on Armed Services detailing how the Department of Defense evaluates the readiness and retention of our National Guard.Create Opportunities for Women and Minority Groups to Join the Air ForceTo keep up with the high demand for qualified aviators, Congresswoman Escobar championed a provision in the NDAA to have the Secretary of the Air Force to provide a briefing to the House Committee on Armed Services on how the Air Force can engage with Minority Serving Institutions on developing innovative programs aimed at recruiting and training future pilots. Cost and culture have often been barriers to entry into the Air Education and Training Command for women and minorities. Congresswoman Escobar expects the briefing to bring solutions to the barriers these underutilized but talented groups face.Source"
government_budget_and_spending,"March 10, 2022","Congresswoman Escobar Votes to Pass Bipartisan Omnibus Appropriations Bill, Secures Over $11.5M in TX-16 Community Funding Projects",Rep. Veronica Escobar,"Congresswoman Veronica Escobar (TX-16) voted to pass the $1.5 trillion Bipartisan Omnibus Appropriations Bill. The bill makes several investments on behalf of America's hardworking families and responds to the crisis in Ukraine by allocating $13.6 billion to support the Ukrainian people and defense forces. Funding in this bill incorporates many of the critical priorities for El Paso that Congresswoman Escobar worked hard to include. The legislation will also reauthorize the Violence Against Women Act and includes the nine Community Funding Projects introduced and championed by Congresswoman Escobar that will invest $11,584,000 million directly into El Paso.Community Funding Projects serve as the first step in more federal funding directly reaching communities across the United States. The nine FY 22 Community Funding Projects that Congresswoman Escobar secured will deliver critical resources and secure long-term success for our community.""As we continue to recover from the pandemic, it is crucial that Congress continues to invest in the American people,"" Congresswoman Escobar said.  ""I fought hard for the inclusion of these community projects to address El Paso's priorities to rebuild our infrastructure in a way that is reflective of 21st century needs, improve our healthcare system, provide for our youth, and ensure we continuously strive to improve the quality of life for all El Pasoans.""In addition to the Community Funding Projects for El Paso, the Congresswoman secured significant investments and policy improvements for the borderland, to include:* A $900,000 increase for the U.S. Mexico Border Health Commission to address staffing needs and daily operations, which will allow the Commission to address border health challenges both in the U.S. and Mexico;* Inserted language that encourages the Commission to engage with their Mexican counterparts to develop a binational COVID-19 vaccine deployment strategy for U.S. and Mexican communities;* $10 million for the Space Force University Partnership Program, a critical program to the University of Texas at El Paso (UTEP);* $2 million for additive manufacturing training efforts to develop courses in this rapidly evolving technology for our servicemembers, with some of these prototype courses being developed at UTEP, and;* $1.5 million increased funds for the Central America Regional Program, critical to addressing root causes of migration by combating crime, corruption, impunity, advancing human rights and holding our partner governments accountable in the region.The Bipartisan Omnibus Appropriations Bill, which includes the Community Funding Projects, now goes to the Senate for consideration, with the expectation that it will quickly be sent to President Biden's desk for an official signature.The Community Funding Projects awarded to TX-16 include:$1.2M -- UMC Robotics ExpansionRequested by: El Paso County Hospital District / University Medical Center of El Paso. This funding will be used to purchase a Di Vinci Single Port (SP) robot at the University Medical Center of El Paso to improve minimally invasive service offerings for the El Paso community. The SP robot will allow University Medical Center to expand its capacity to provide high-level medical care to the region, including uninsured individuals. Finally, the SP robot will provide a valuable tool to treat urological cancer, a treatment not currently available in El Paso.$925,000 -- La Fe FQHC Technology UpgradeRequested by: Centro de Salud Familiar La Fe, Inc. This funding will be used to upgrade La Fe's service delivery model by enhancing and interconnecting its Electronic Health Records (HER) system to be capable of comprehensive coordination of care. By interconnecting La Fe's medical, dental, pharmacy, laboratory, and other health care services, La Fe's eight FQHC's and four community outreach facilities would be able to serve the border's most vulnerable populations and isolated colonias.$2.8M- Cotton Valley Connect by Digital El PasoRequested by: County of El Paso. The funding will be used to provide reliable access to public broadband services, via wireless mesh service, to an estimated 3,256 students across two school districts through the community.  Access to reliable and quality internet service has proven necessary to navigate remote learning during a pandemic and will remain a critical utility and service line for the regional economy moving forward.$1M -- Casitas Community ProjectRequested by: El Paso Center for Children, Inc. This funding will be used to purchase / acquire land and build a 15-unit tiny home community for young adults ages 18-24 who are experiencing homelessness.$1M -- Paso del Norte TrailRequested by: City of El Paso. This funding will be used to create a model infrastructure project that prioritizes connectivity for pedestrians and cyclists, provides safe recreation space, and creates a community amenity to drive ecotourism while promoting sustainable development.$1.1M -- Connecting Communities: Upper Valley First-Time Water & Wastewater ProjectsRequested by: County of El Paso. This funding will be used to provide for the design and environmental assessment for a cluster of first-time water and water waste projects throughout the Upper Valley to facilitate 412 residents with access to critical infrastructure to promote health and safety of the community.$525,000 -- El Paso Police Department Body-Worn Camera ProgramRequested by: City of El Paso. This funding will be used to establish a body-worn camera program for the El Paso Policy Department. This project will provide better transparency, increased civility, quicker resolution and training opportunities.$2.015M -- The Crisis Intervention TeamRequested by: County of El Paso. This funding will be used to fund a Crisis Intervention Team, (CIT) for the County of El Paso. The Crisis Intervention Team is a new partnership between the El Paso County Sheriff's Office (SO) and Emergency Health Network (EHN), the official Local Mental Health Authority. The SO and EHN will explore options for providing safer and more effective responses to dynamic law enforcement incidents involving persons in suspected mental health crisis and situations involving persons with a diagnosed or suspected mental illness and / or intellectual disability. By addressing and focusing on the root cause, the SO CIT can help persons seeking assistance find the proper resources.$964,000 -- El Paso Makes: Department of Defense Contract Support for El Paso's ManufacturersRequested by: National Center for Defense Manufacturing and Machining. This funding will be used to support NCDMM in working in partnership with UTEP's Aerospace Center and W.M Keck Center for 3D Innovation and the El Paso Chamber to assist local manufacturing businesses in identifying and developing proposals to address DoD opportunities and develop practices and contracting vehicles that can be utilized to rapidly accept DoD contracts. The funding will help to develop a regional innovation ecosystem by harnessing UTEP's national research preeminence to create high quality jobs for this region.Source"
civil_liberties_and_rights,"March 8, 2022","Letter to Hon. Charles E. Schumer, Senate Majority Leader, Hon. Mitch McConnell, Senate Minority Leader-On International Women's Day, Democratic Women's Caucus Co-Chair Rep. Lawrence Joins Bipartisan Letter Urging Senate Leadership to Vote on the ERA","Rep. Veronica Escobar, ...","Dear Majority Leader Schumer and Minority Leader McConnell,In just a few weeks, on March 22, we will mark the 50th anniversary of congressional passage of the Equal Rights Amendment(ERA). In anticipation of this anniversary, and as Members of Congress committed to constitutional equality, we write to request immediate action by the Senate to affirm the ERA as the 28th Amendment to the U.S. Constitution. March is Women's History Month--the perfect time for this historic action.The ERA has a long history of bipartisan support. Just last March, H.J. Res. 17, which would eliminate the time limit included in the Amendment's preamble, passed the House of Representatives in a bipartisan vote. As you are no doubt aware, the Senate companion bill, S.J. Res. 1, also enjoys bipartisan support. Bipartisan and bicameral congressional action on the ERA will once again make clear our commitment to constitutional equality.Just over two years ago, the ERA was ratified by the state of Virginia--the 38th and final state needed to meet the constitutional requirements for ratification.1 On January 27, 2022, the second anniversary of that historic vote and the date the ERA went into effect, President Biden made a statement in support of the ERA and called on Congress ""to act immediately to pass a resolution recognizing ratification of the ERA.""2We urge you to heed the President's call for action and schedule a vote on the Senate floor for S.J. Res. 1 in March. Equality cannot wait any longer.Sincerely,Source"
