topic,date,title,politician,full_text
finance_and_banking,"Dec. 1, 2022","Letter to Susan Collins, President & CEO of the Federal Reserve of Boston - McHenry, Emmer Lead Inquiry into Boston Fed-Led CBDC Effort","Rep. James Hill, ...",Only available in PDF format; please use source to view documentSource
finance_and_banking,"Oct. 17, 2022","Letter to Janet Yellen, Secretary of the Department of the Treasury - McHenry, Hill Urge Yellen to Support Financing for Nuclear Energy Projects at Global Financial Institutions","Rep. James Hill, ...",Only available in PDF format; please use source to view documentSource
defense,"March 9, 2022","RELEASE: REP. HILL VOTES TO STRENGTHEN C-130S, BOLSTER NATIONAL DEFENSE, AND SUPPORT ALLIES AROUND THE GLOBE",Rep. James Hill,"Rep. French Hill (AR-02) issued the following statement after voting yes on the Security Division of the Consolidated Appropriations Act for FY 2022 and no on the non-Security Division of the Consolidated Appropriations Act.""Once again, House Democrats left funding the federal government to the last minute -- severely impairing not only the ability of federal agencies to plan and adapt but the key role of Congress as the holder of the power of the purse. I voted for the security portion of this bill because, at the end of the day, it's Congress' duty to provide for the common defense, and the bill included not only increased funding for C-130 aircraft upgrades at Little Rock Air Force Base but also a 2.7% pay raise for our brave women and men in uniform.  It also included critical funding for our allies including Israel for their continued defense and, importantly, Ukraine whose leaders and people are bravely standing up against Putin's illegal and barbaric war.""However, I could not in good conscience support the non-security portion of the bill because it reflects more of the same of Democrats' spending spree over the last year that has fueled inflation. Congress needs to get back to regular order when funding the government because the American taxpayer is not served by the Democrats' midnight specials that include all manner of unnecessary programs.""Source"
energy,"Oct. 18, 2022","HILL, MCHENRY URGE YELLEN TO SUPPORT FINANCING FOR NUCLEAR ENERGY PROJECTS AT GLOBAL FINANCIAL INSTITUTIONS",Rep. James Hill,"Following last week's Annual Meetings of the International Monetary Fund and the World Bank Group, Rep. French Hill (AR-02) and House Financial Services Committee Republican Leader Patrick McHenry (NC-10), sent a letter to Treasury Secretary Janet Yellen urging her to support and advocate for nuclear energy investments at the European Bank for Reconstruction and Development (EBRD) and other international financial institutions (IFIs).To read the full letter, click HERE.Citing Russia's weaponization of its oil and gas sectors amid the war in Ukraine, the members write, ""The world must look to a diverse mix of energy sources to manage the energy transition for decades to come and relying exclusively on renewables is not a sustainable energy policy, especially for developing countries. Nuclear energy will be essential for countries to meet their energy needs.""They continued, ""[C]urrent policies prevent the Bank [EBRD] from providing funding for the construction of new nuclear power plants. This is a mistakeThe EBRD should follow the example of the U.S. Development Finance Corporation, which relaxed its own nuclear investment ban in 2020 with bipartisan support from Congress. In the absence of multilateral financing for nuclear projects, China and Russia are filling the void, particularly in developing countries.""The members conclude, ""Supporting nuclear energy investments at the EBRDand other IFIs would demonstrate U.S. leadership on climate and energy issues globally, counter Russian and Chinese influence as bilateral creditors for nuclear projects, and allow developing countries to sustainably build their energy capacity and resourcesThe U.S. is in a position to advocate for a change to the Bank's current nuclear investment ban as it is the largest shareholder of the EBRD.""Source"
finance_and_banking,"Nov. 18, 2022",REP. FRENCH HILL REINTRODUCES LEGISLATION TO BOLSTER U.S. LEADERSHIP AT INTERNATIONAL FINANCIAL INSTITUTIONS,Rep. James Hill,"Earlier this week, Rep. French Hill (AR-02) introduced H.R. 9292, which would grant the Treasury Secretary the authority to waive counterproductive voting mandates at the International Financial Institutions (IFI) on a case-by-case basis, reaffirming U.S. leadership on the global stage.""U.S. Representatives to the IFIs are subject to Congressional mandates that dictate which projects or policies the United States can support. Certain outdated mandates can be counterproductive to U.S. interests at the IFIs. This legislation would provide the U.S. with targeted flexibility to pursue our strategic interests and enhance international cooperation,"" said Rep. Hill.Further information:Mr. Hill introduced an earlier version of this proposal in the 116th Congress, which can be found HERE.The U.S. leads the governance of the International Financial Institutions, which include the World Bank, International Monetary Fund, and regional development banks. Over the past five decades, Congress has increased its oversight and direction of the IFIs through voice-and-vote legislative mandates that dictate which projects and policies the United States can endorse. The mandates can sometimes be outdated, incongruous, or in conflict with other U.S. priorities, and can inhibit the IFIs' effectiveness.For example, if the World Bank votes to approve a lending project to expand clean water access in Africa, the United States might have to abstain or vote against it due to outdated legislative directives that may no longer advance our national interest or cooperation with our allies. This can thus end up isolating America in a way that prevents us from negotiating better projects and stronger results.H.R. 9292 legislation would provide the Treasury Secretary pilot authority for 3 years to waive voice-and-vote mandates at the IFI on a case-by-case basis, allowing the United States to better pursue broader goals and enhance international cooperation. The Treasury Secretary will be required to report to Congress semiannually with a written list of waived voice-and-vote mandates, including a description justification, and determination for each. It also requires Treasury to review the existing legislative mandates and submit to Congress within 12 months of enactment recommendations to revise or waive certain voice-and-vote mandates.This legislation would apply to the following IFIs: The International Monetary Fund, International Bank Reconstruction and Development, European Bank for Reconstruction and Development, International Development Association, International Finance Corporation, Multilateral Investment Guarantee Agency, Asian Development Bank, African Development Bank, African Development Fund, Inter-American Development Bank, Inter-American Investment Corporation, and the Bank for Economic Cooperation and Development in the Middle East and North Africa.Source"
finance_and_banking,"Sept. 21, 2022","REP. HILL, SEN. HAGERTY INTRODUCE CFPB/FEDERAL RESERVE REFORM BILL",Rep. James Hill,"Rep. French Hill (AR-02) introduced H.R.8918, the Federal Reserve Loss Transparency Act, in the U.S. House of Representatives. Senator Bill Hagerty (R-TN) has introduced a similar bill, S. 4889, in the U.S. Senate.""This legislation is about restoring transparency and good governance at the Consumer Financial Protection Bureau (CFPB) and the Federal Reserve (the Fed). At a time when the central bank is carrying hundreds of billions of dollars in unrealized losses on its assets that could swing to an operating loss soon, it is grossly irresponsible for the Fed to be funding the Bureau's radical and highly politicized agenda. This underscores why the CFPB should be funded through congressional appropriations like most federal agencies,"" said Rep. Hill. ""We believe the central bank should follow sound accounting practices like all other American businesses do. That is why our legislation will require the Fed to follow U.S. generally accepted accounting principles, instead of allowing our central bank to set its own accounting standards.""""I'm pleased to introduce this legislation with Representative Hill that provides much-needed transparency and accountability at the Federal Reserve and CFPB,"" said Senator Hagerty. ""The public's trust in our nation's central bank is of paramount importance, and accounting gimmicks and backdoor transfers do nothing but erode that trust. The fact that the Federal Reserve can continue to send hundreds of millions of dollars to the CFPB--outside of the appropriations process--even when the Federal Reserve incurs significant losses should unnerve all Americans. This couldn't happen in the real world, and shouldn't be allowed to happen at the Fed.""The New York Fed publicly acknowledged they could run an operating loss if rates continue to rise in their May projections to the Fed's balance sheet.The unrecognized mark-to-market gains and losses on various categories of domestic securities on Fed's balance sheet. ** Source: Federal Reserve annual reportFurther Background:The Hill-Hagerty bill will prohibit the Fed from transferring money to the CFPB if the Fed incurs a loss on its balance sheet holdings. Unlike most federal agencies, the CFPB is not funded through appropriations by Congress, but rather from the Federal Reserve's earnings.The bill also requires the Fed to calculate its net earnings in accordance with U.S. generally accepted accounting principles (GAAP). Under the Fed's accounting rules, it does not recognize mark-to-market gains or losses on its securities portfolio when it calculates earnings, so the central bank can obscure its realized losses by recording a fake ""deferred asset"" on its balance sheet. Minutes of the Federal Reserve's July Federal Open Market Committee indicate that staff projections suggest the Fed's net income ""would likely turn negative in coming months.""Source"
finance_and_banking,"Feb. 16, 2022","RELEASE: REPS. HILL, LUETKEMEYER, AND WILLIAMS INTRODUCE BILL TO PROTECT SMALL BANKS AND LENDERS",Rep. James Hill,"Rep. French Hill (AR-02), along with Rep. Blaine Luetkemeyer (MO-03) and Rep. Roger Williams (TX-25), introduced H.R. 6732, the Small LENDER Act, to protect small banks and lenders from costly and excessive compliance standards. H.R. 6732 was introduced as part of a three-bill package with Reps. Luetkemeyer and Williams.""Access to capital for small businesses is the lifeblood of our local communities, and smaller lenders often lead the way in investing in the neighborhoods they serve. However, the Consumer Financial Protection Bureau's (CFPB) proposed regulation would actually hurt small businesses by making the cost of credit more expensive and imposing significant compliance costs that fall disproportionately on smaller companies. That's why we are proud to introduce this bill to provide regulatory relief to community banks and other small business lenders,"" said Hill, Luetkemeyer, and Williams.""In the absence of Congress repealing Section 1071 of Dodd-Frank, our bill makes necessary changes to exempt smaller banks and other lenders from having to comply with the CFPB small business data collection regulation,"" added Hill, Luetkemeyer, and Williams.H.R. 6732 would codify ""financial institution"" as one that originates at least 500 covered transactions in each of the last two years, as opposed to the 25-transaction threshold proposed in the CFPB's notice of proposed rulemaking (NPRM). The bill also codifies ""small business"" as one with gross annual revenues of $1 million or less in the last year instead of $5 million or less as defined in the NPRM. Finally, the bill extends the effective compliance date with the final rule to be three years after publication in the Federal Register plus a two-year grace period, as opposed to the 18-month implementation period in the NPRM.Source"
finance_and_banking,"Jan. 20, 2022",RELEASE: REP. HILL STATEMENT ON THE RELEASE OF CBDC REPORT,Rep. James Hill,"Rep. French Hill (AR-02) today released the following statement after the Federal Reserve Board of Governors released its long-anticipated paper on a potential U.S. central bank digital currency, or CBDC:""While I am pleased to read the Federal Reserve's new report, I am disappointed it was released months behind schedule. It is important for the Federal Reserve to not delay its important work on CBDCs any further. America must not fall behind.  I urge the Federal Reserve Bank of Boston to expeditiously release its own report with the Massachusetts Institute of Technology (MIT) on the technological considerations of a CBDC, including the code that could be potentially used.""In considering a design for a possible CBDC, the Federal Reserve must take a thoughtful approach that considers its impact on consumers, businesses, our economy, and the primacy of the U.S. dollar. That's why I introduced the Central Bank Digital Currency Study Act, which would require the Federal Reserve, in consultation with other federal financial regulators, to conduct a study and report to Congress.""I look forward to working with my colleagues to ensure the U.S. dollar remains the world's reserve currency and that any U.S. CBDC assures that adequate privacy and security protections are in place, and that private sector innovation leads the way.""Source"
government_budget_and_spending,"May 13, 2022","REPS HILL, SHERMAN INTRODUCE BIPARTISAN BILL TO SUPPORT TAIWAN",Rep. James Hill,"RELEASE: REPS HILL, SHERMAN INTRODUCE BIPARTISAN BILL TO SUPPORT TAIWANShare on Facebook Share on Twitter Print this Page Share by EmailWASHINGTON, D.C. , May 13, 2022 | Dan Schneider (202-981-3451)Rep. French Hill (AR-02) and Rep. Brad Sherman (CA-30) recently introduced H.R. 7704, the Taiwan Conflict Deterrence Act, to proactively deter further Chinese aggression against Taiwan:""Russia's brutal and illegal invasion of Ukraine should serve as a wakeup call to the world. As members of Congress, we should do everything in our power now to send a message that similar behavior will not be tolerated in the future,"" said Rep. Hill. ""This bill would help deter Chinese aggression against Taiwan by requiring the Treasury Secretary to publish and freeze the financial assets of senior Chinese Communist Party (CCP) officials and their relatives held at domestic and foreign banks should China threaten Taiwan. I thank my friend, Rep. Sherman, for joining me in introducing this bipartisan bill.""""As a member of the Congressional Taiwan Caucus, I have long been a champion of supporting Taiwan. Taiwan is not just an important trading partner, but a democratic ally of the U.S. and a place where our values are displayed in the Asia-pacific region. Like the bi-partisan Taiwan Diplomatic Review Act which I lead with Rep. Steve Chabot, this bill reaffirms the United States' firm and unwavering support for Taiwan. The Taiwan Conflict Deterrence Act will hold Chinese Communist Party leaders accountable financially by reporting their illicit and corrupt funds in financial institutions. I was pleased to join my friend and colleague Rep. Hill in this effort,"" said Rep. Sherman.For the text of the bill, click HERE.Further Background:Requires the Treasury Secretary to publish in a report the illicit and corrupt assets of senior Chinese Communist Party officials no later than 90 days after China threatens Taiwan (triggered by POTUS notification under the Taiwan Relations Act, whereby the President is directed to inform Congress of any threat to the security or the social or economic system of Taiwan). This information includes:The estimated total funds held in financial institutions that are under direct or indirect control by a covered individual and a description of such funds; andA list of any financial institution that maintains an account with the funds described above or provide significant financial services to a covered individual.Permits the Treasury Secretary to prohibit these officials and immediate family members from benefitting from such funds at U.S. financial institutions.Requires the Treasury Secretary to brief Congress no later than 30 days after publishing the report, including with a description of how the funds were acquired and any illicit or corrupt means employed to acquire or use the funds.Provides for certain exemptions and waivers as appropriate for national security reasons.Requires that the report be published in unclassified form (may contain classified annex) and made available to the public.Source"
government_budget_and_spending,"May 11, 2022",REP. HILL VOTES TO SUPPORT U.S. TROOPS IN EASTERN EUROPE AND PROVIDE AID TO UKRAINE,Rep. James Hill,"Rep. French Hill (AR-02) issued the following statement after the House of Representatives passed H.R. 7691, the Additional Ukraine Supplemental Appropriations Act:""America will always have the back of our allies. Period. By helping Ukrainians beat back a tyrannical Russia, American aid demonstrates to our allies around the world and the Ukrainian people that we will not tolerate one country illegally encroaching on another country's sovereignty.""Let me be clear: if Ukraine falls, Putin will not stop his march across Europe and authoritarian countries like China will see that as a greenlight to threaten the use of military force against peaceful nations like Taiwan. Ultimately, unchecked aggression like this will come back home to America in the form of lost job opportunities and threats to economic and national security""This bill supports our military and our leadership around the world by providing vital funding to replenish and provide authorities under the Defense Production Act to ensure we're getting weapons and materials to the Ukrainians in a timely manner, but also so we can quickly resupply our own domestic stocks. Most importantly, it includes important funding for our troops serving in the region.""Through my coordination with the U.S. mission to the UN, and after traveling to the region with Republican Leader McCarthy, I noticed a disturbing lack of clarity and coordination as to how U.S. humanitarian aid ultimately reached its intended destination. I was happy to see provisions in this bill to ensure U.S. aid go through local and international non-governmental organizations and rely less on going through the UN.""Source"
government_budget_and_spending,"April 21, 2022",REP. HILL JOINS HUDSON INSTITUTE TO DISCUSS GLOBAL FINANCIAL ASSISTANCE FOR UKRAINE,Rep. James Hill,"Yesterday, Rep. French Hill (AR-02) joined Hudson Institute Distinguished Fellow Ken Weinstein for a virtual conversation titled ""How Can the World Bank and IMF Assist Ukraine?""Over 30 years ago, President George H.W. Bush tasked Rep. Hill with leading the design of U.S. technical assistance to the emerging economies of Eastern and Central Europe in the areas of banking and securities following the fall of the Berlin Wall.Source"
government_budget_and_spending,"March 28, 2022",REP. HILL STATEMENT ON PRESIDENT BIDEN'S PROPOSED BUDGET FOR FY 2023,Rep. James Hill,"Rep. Hill (AR-02) issued the following statement today, following the release of President Biden's proposed budget for Fiscal Year 2023:""In the midst of economic uncertainty and inflation at a 40-year high, President Biden proposed a budget for 2023 that doubles down on what he and the Democrats know best: when out of ideas, just spend. Further wasteful spending is not the solution to the economic crisis facing our nation today. It's time to get our fiscal house in order, and I urge President Biden and Democrats in Congress to work with Republicans to create a budget favoring the American people and focused on fighting inflation, lowering gas and grocery prices, and getting our citizens fully back to work.""Source"
government_budget_and_spending,"March 16, 2022",RELEASE: REP. HILL STATEMENT ON PRESIDENT ZELENSKY'S ADDRESS TO CONGRESS,Rep. James Hill,"Rep. French Hill (AR-02) issued the following statement after Ukrainian President Volodymyr Zelensky's Congressional Address:""President Zelensky's message this morning was heard loud and clear by the Members of Congress present in the Capitol. To President Zelensky and the Ukrainians bravely defending their homeland, we see you and we hear you.  I reiterate my support for the sovereign nation of Ukraine and her people and urge President Biden and the administration to expedite distribution of necessary resources, including weapons, to Ukraine. Continued aid to the Ukrainian people must be swift, and Russia must be held accountable for its brutal and illegal invasion.""Source"
government_budget_and_spending,"March 9, 2022","RELEASE: REP. HILL VOTES TO STRENGTHEN C-130S, BOLSTER NATIONAL DEFENSE, AND SUPPORT ALLIES AROUND THE GLOBE",Rep. James Hill,"Rep. French Hill (AR-02) issued the following statement after voting yes on the Security Division of the Consolidated Appropriations Act for FY 2022 and no on the non-Security Division of the Consolidated Appropriations Act.""Once again, House Democrats left funding the federal government to the last minute -- severely impairing not only the ability of federal agencies to plan and adapt but the key role of Congress as the holder of the power of the purse. I voted for the security portion of this bill because, at the end of the day, it's Congress' duty to provide for the common defense, and the bill included not only increased funding for C-130 aircraft upgrades at Little Rock Air Force Base but also a 2.7% pay raise for our brave women and men in uniform.  It also included critical funding for our allies including Israel for their continued defense and, importantly, Ukraine whose leaders and people are bravely standing up against Putin's illegal and barbaric war.""However, I could not in good conscience support the non-security portion of the bill because it reflects more of the same of Democrats' spending spree over the last year that has fueled inflation. Congress needs to get back to regular order when funding the government because the American taxpayer is not served by the Democrats' midnight specials that include all manner of unnecessary programs.""Source"
