topic,date,title,politician,full_text
civil_liberties_and_rights,"June 16, 2022",The fight for LGBTQIA+ equality is not over,Rep. Suzanne Bonamici,"The LGBTQIA+ community has fought for equality for decades. They have been denied rights simply for being who they are and because of who they love.But even now, the LGBTQIA+ community still faces barriers and discrimination in our country. Twenty-nine states have minimal or no anti-discrimination laws for the LGBTQIA+ community.And right-wing politicians are ramping up their hateful and bigoted attacks on the LGBTQIA+ community, especially targeting trans youth. It's unconscionable to attack young people for simply being who they are.Hateful politicians have introduced nearly 400 bills attacking the LGBTQIA+ community in the last year alone. We have a responsibility to stand up to this hatred and bigotry and do everything we can to stop these state laws from moving forward.The patchwork of state laws is one reason why I'm a proud supporter of the Equality Act, federal legislation that will give everyone the freedom to be their authentic self and is treated equally under the law no matter what state they call home. And it's why I'm leading the fight to provide essential services to our LGBTQIA+ elders.We need to get it done.Source"
criminal_justice,"June 16, 2022",The fight for LGBTQIA+ equality is not over,Rep. Suzanne Bonamici,"The LGBTQIA+ community has fought for equality for decades. They have been denied rights simply for being who they are and because of who they love.But even now, the LGBTQIA+ community still faces barriers and discrimination in our country. Twenty-nine states have minimal or no anti-discrimination laws for the LGBTQIA+ community.And right-wing politicians are ramping up their hateful and bigoted attacks on the LGBTQIA+ community, especially targeting trans youth. It's unconscionable to attack young people for simply being who they are.Hateful politicians have introduced nearly 400 bills attacking the LGBTQIA+ community in the last year alone. We have a responsibility to stand up to this hatred and bigotry and do everything we can to stop these state laws from moving forward.The patchwork of state laws is one reason why I'm a proud supporter of the Equality Act, federal legislation that will give everyone the freedom to be their authentic self and is treated equally under the law no matter what state they call home. And it's why I'm leading the fight to provide essential services to our LGBTQIA+ elders.We need to get it done.Source"
energy,"May 20, 2022",It's the oil companies,Rep. Suzanne Bonamici,"Oregon families are still getting hit hard at the gas pump.Many people are asking who is to blame for the rising energy prices. There's no doubt that the war in Ukraine and the disruption in the global supply chain have affected prices.But there's something more suspicious at work regarding high gas prices: oil companies are price-gouging Americans.According to CNN, oil companies are under increased pressure from their shareholders to invest in stock buybacks and dividends.By doing so, the cost of oil goes up, and the oil companies increase the value for their shareholders and make their rich investors even richer.And who pays the price? American families.Yesterday I voted to hold oil companies accountable and help prevent price gouging. The Consumer Fuel Price Gouging Prevention Act will increase oversight for these companies and stop artificially high prices.In addition to this important legislation, I'm fighting every day in Congress to transition America to clean and renewable energy sources made here at home.We can't depend on the whims of the global energy market, nor can we rely on greedy oil company CEOs to do the right thing. The time for clean energy is NOW.Source"
energy,"May 19, 2022",Bonamici Helps House Pass Bill to Crack Down on Gas Price Gouging,Rep. Suzanne Bonamici,"Today Congresswoman Suzanne Bonamici (OR-01) helped the House pass legislation to crack down on gas price gouging and excessive price increases by oil companies.""While prices at the pump have been soaring over recent months, oil and gas companies have been raking in record profits and sending large dividends to their shareholders,"" said Congresswoman Suzanne Bonamici. ""I'm glad the House passed legislation to prevent price gouging at the pump. As long as we remain dependent on fossil fuels, we will be at the mercy of the oil and gas industry. We must transition to renewable energy for the sake of our economy and our planet.""The four largest oil companies have made $27 billion in profits during the first quarter of 2022, as gas prices continue to rise in Oregon and across the country. The Consumer Fuel Price Gouging Prevention Act would grant the president the power to issue an emergency energy proclamation outlawing the sale of consumer fuels -- fuel for cars and airplanes as well as home heating oil and liquid propane -- at artificially high prices during the emergency period. It would also increase oversight and accountability by strengthening the FTC's authority over the energy market.Source"
energy,"Feb. 7, 2022",Bonamici Helps Deliver $87.7 Million to Oregon Families to Assist with Home Energy Costs,Rep. Suzanne Bonamici,"Congresswoman Suzanne Bonamici (D-OR) announced the delivery of $87.7 million to Oregon through the Low-Income Home Energy Assistance Program (LIHEAP) through the American Rescue Plan and the state's annual funding allocation. LIHEAP provides grants to state agencies to help low-income families manage costs associated with home energy bills, energy crises, and minor energy-related home repairs.""Making sure Oregonians can stay safe in their homes must be a priority during the ongoing pandemic,"" said Congresswoman Bonamici. ""Since 2020, I have been calling for increased LIHEAP funding so no one has to decide between paying their energy bills or buying food and medication. This injection of federal funds will more than double Oregon's typical annual funding and allow more households to receive support with their heating and utility bills.""""One of the hardest parts of our jobs at CAT is when we hear from someone who needs help but there are no more funds available. That is too often the case with heating assistance,"" said Dan Brown, Executive Director of Community Action Team, Inc in Clatsop, Columbia, and Tillamook counties. ""We appreciate Congresswoman Bonamici's advocacy for additional LIHEAP funding. With these new resources, we will be able to help many more seniors and families stay warm this winter.""More than 90 percent of households receiving LIHEAP include at least one person with a disability, a child under 18, a veteran, or a senior citizen. A new report from the White House outlines how Congresswoman Bonamici and her colleagues delivered more than double the typical annual investment to help Oregon families afford energy costs. As Oregonians continue to experience the effects of the COVID pandemic and omicron surge, this critical assistance will help families, seniors, and other vulnerable Oregonians afford the costs of staying warm this winter.Families who need assistance should contact the Oregon Energy and Weatherization Office.Source"
energy,"Jan. 25, 2022",US Department of Energy Announces $25 Million for Cutting-Edge Wave Energy Research,Rep. Suzanne Bonamici,"The U.S. Department of Energy (DOE) today announced $25 million in funding to support increased research, development, and demonstration of technologies that harness wave power to create electricity. The funding supports eight projects that will make up the first round of open-water testing at the PacWave South test site off the Oregon coast. These awards will strengthen wave energy technologies to accelerate their commercial viability and deploy them at scale to help decarbonize the grid and reach President Biden's goal of net-zero carbon emissions by 2050.""Harnessing the unrelenting power of the ocean is a clean, innovative, and sustainable way to curtail carbon pollution - benefitting American businesses and families, especially coastal communities hit hardest by the impacts of climate change,"" said U.S. Secretary of Energy Jennifer M. Granholm. ""Diversifying and expanding our clean energy sources will usher in a new era of energy independence that makes the grid more resilient, curbs the climate crisis, and saves Americans money on their energy bills.""""PacWave in Oregon is at the forefront of wave energy, thanks in large part to the visionary researchers at Oregon State University. This federal investment of $25 million will allow innovative technologies from across the country, including one from Portland State University, to be tested right here in Oregon, bringing us closer to realizing the potential of this tremendous resource. I've long been a champion for wave energy because it can play an important part in our transition to a clean energy economy. The award Secretary Granholm announced today is a milestone in the effort to make wave energy a reality,"" said U.S. Representative Suzanne Bonamici (OR-01).Waves are created when wind blows over the surface of open water in the ocean, and this movement results in a substantial amount of natural energy. Wave energy converters, which capture and convert waves into carbon-free electricity, require testing in realistic conditions to be deployed at scale. Obstacles to testing in the open ocean include permitting challenges and a scarcity of available test sites. In 2016, DOE partnered with Oregon State University to build the PacWave South test facility, which will be the nation's first accredited, grid-connected, pre-permitted, open-water wave energy test facility.The selected projects are part of DOE's Water Power Technologies Office (WPTO) funding opportunity, ""Advancing Wave Energy Technologies through Open Water Testing at PacWave."" This funding opportunity is part of WPTO's efforts to support wave energy technologies through research, development, and eventual deployment.The eight projects focus on:Testing wave energy converter designs for use in geographically remote areas or on small, local energy grids.CalWave Power Technologies Inc. (Oakland, CA) (Award amount: $7,500,000)Columbia Power Technologies Inc. (Charlottesville, VA) (Award amount: $4,182,275)Developing wave energy converter designs that can be either connected to or disconnected from the electricity grid.Dehlsen Associates, LLC (Santa Barbara, CA) (Award amount: $1,800,000)Oscilla Power Inc. (Seattle, WA) (Award amount: $1,800,000)Performing research and development at PacWave related to environmental monitoring technologies, instrumentation systems that operators use to control wave energy converters, and other technologies.Integral Consulting (Seattle, WA) (Award amount: $379,329)Littoral Power Systems, Inc. (New Bedford, MA) (Award amount: $3,976,401)Portland State University (Portland, OR) (Award amount: $4,507,330)University of Washington (Seattle, WA) (Award amount: $1,299,689)""Wave energy is an essential piece of the strategy to combat the climate crisis, and I'm gratified that Oregon State University, Portland State University and our state will play a central role in developing this energy source to its full potential,"" said U.S. Senator Ron Wyden (OR). ""I look forward very much to what the innovative minds at both OSU and PSU as well as elsewhere develop with these projects that put our country on the path to a clean energy future.""""Thanks to this funding from the Department of Energy, these nine projects will be diving in to advance our clean energy economy,"" said U.S. Senator Ed Markey (MA). ""These federal grants will provide the necessary investments to responsibly and more efficiently harness power from U.S. waters, extending all the way from New Bedford, Massachusetts to the Pacific Northwest. Let's ride these waves to our clean energy future.""""To meet our climate goals, we must support American innovation,"" said U.S. Senator Alex Padilla (CA). ""This funding for institutions across California to research and advance wave energy technology has the potential to be an important part of our carbon-free future. I am proud to support research that will help pioneer American-made technology, create jobs and deliver clean, affordable energy.""""I am happy to see the Department of Energy's recognition and continued support for the Central Coast's own Dehlsen Associates for their work to capture wave energy,"" said U.S. Representative Salud Carbajal (CA-24). ""Wave energy promises to be an important component of our clean energy future and I'm proud to represent businesses like Dehlsen Associates, which has a long history of innovative solutions to the renewable energy challenges we face.""More information on these projects is available on the WPTO website.Source"
criminal_justice,"Jan. 27, 2022",Rep. Wild Leads Call for Action Against Philippines Human Rights Violations,"Rep. Suzanne Bonamici, ...","This week, Representative Susan Wild (PA-07) led a a bipartisan group of her colleagues in sending a letter to Secretary of State Anthony Blinken and Secretery of Treasury Janet Yellen, urging them to seek targeted sanctions against members of the Duterte regime with documented records of grave human rights violations in the Philippines. Reports of widespread harassment and assassinations have been observed by human rights groups, and the International Criminal Court (ICC) has now begun a probe into possible crimes against humanity during Philippine President Rodrigo Duterte's infamous so-called ""war on drugs""--a pretext for an estimated 30,000 killings by security forces during the Duterte presidency.""Those behind these corrosive violations should no longer operate with impunity. In our stand for democracy, the United States cannot overlook the crisis in the Philippines, and we must take tangible action if we are to truly stand for human rights and the flourishing of freedom around the world,"" the lawmakers wrote. ""To this end, we urge the imposition of sanctions on individuals who are behind these major human rights violations, particularly via the use of the Global Magnitsky Act.""In July, Rep. Wild reintroduced the Philippine Human Rights Act, legislation to reinforce American​ commitment to international human rights by suspending security assistance to the Philippines until violence against dissidents ceases and accountability against the perpetrators commences.​This letter also arrives alongside horrific reports detailing the rape of a 15-year-old girl, Belle, by the 59th Infantry Brigade of the Philippine Army (IBPA) under the leadership of Lt. General Antonio Parlade, who is among the individuals listed in the letter as responsible for human rights violations committed by the Philippine security forces under the Duterte regime. Rep Wild stands with Belle and her family, who filed charges against General Parlade and other officials this past week.Rep. Wild was joined in send​ing the letter by Reps. Brian Fitzpatrick (PA-01), Dean Phillips (MN-03), Suzanne Bonamici (OR-01), Dina Titus (NV-01), Eleanor Holmes Norton (DC), James McGovern (MA-03), Steve Cohen (TN-09), Alexandria Ocasio-Cortez (NY-14), Jan Schakowsky (IL-09), Betty McCollum (MN-04), Ted Lieu (CA-33), Andy Levin (MI-09), Anna Eshoo (CA-18), Angie Craig (MN-02), Earl Blumenauer (OR-03), Chellie Pingree (ME-01), Pramila Jayapal (WA-07), Barbara Lee (CA-13), Jim Costa (CA-16), Ro Khanna (CA-17), Danny Davis (IL-07), Mark Pocan (WI-02), Gerald Connolly (VA-11).Source"
entitlements_and_safety_net,"March 15, 2022","Young, Bonamici Introduce Resolution to Honor Caregivers, Reduce Hunger","Rep. Suzanne Bonamici, ...","Today, Representatives Don Young (R-AK) and Suzanne Bonamici (D-OR) introduced a bipartisan resolution that will honor caregivers and their efforts to reduce hunger by recognizing National Child and Adult Care Food Program (CACFP) Week, which started Sunday.CACFP provides millions of children and adults in childcare, afterschool and summer meal programs, emergency shelters, and adult care homes with healthy meals and snacks each year. According to USDA, the program serves more than 4.2 million children and 138,000 adults daily.""Every year, National Child and Adult Care Food Program (CACFP) Week allows us to celebrate the great progress we have made in fighting hunger and providing compassionate care to some of the most vulnerable in our communities,"" said Congressman Don Young. ""This week is also a needed reminder of the work that remains to ensure CACFP is reaching those who need it most. I am committed to this program's success, and am honored to lead this bipartisan resolution with my friend, Congresswoman Bonamici.""""CACFP is one of the most powerful tools we have in our work to end hunger,"" said Congresswoman Suzanne Bonamici. ""No one in the United States should suffer from food insecurity. CACFP can help reach more children and adults who are in need of healthy meals and snacks. I'm committed to bolstering this important program and I'm pleased to lead this bipartisan resolution with Rep. Young.""The resolution was endorsed by: Food Research and Action Center (FRAC), The National CACFP Sponsors Association, American Heart Association, Children's Institute, American Federation of State, County and Municipal Employees (AFSCME), The CACFP Roundtable, Academy of Nutrition and Dietetics, National Women's Law Center (NWLC), The Center for Law and Social Policy (CLASP), National Farm to School Network, American Academy of Pediatrics, KinderCare Learning Companies, The National CACFP Forum, Center for Science and Public Interest (CSPI), Save the Children, Oregon Food Bank, and First Focus Campaign for Children.""We are grateful to Congresswoman Bonamici and Congressman Young for co-leading the House Resolution recognizing National CACFP Week,"" said Lisa Mack, Executive Director of the National CACFP Sponsors Association. ""We appreciate the support from all Congressional Representatives for the thousands of CACFP operators who work tirelessly to provide nutritious meals to millions of children and adults nationwide. We are especially proud of how the CACFP community has responded to the challenges brought about by the ongoing pandemic and how they have continued to serve meals and ensure access to food for our nation's most vulnerable populations. During National CACFP Week, we are honored to celebrate them. They are true heroes.""Bonamici and Young were also joined by original cosponsors Reps. André Carson, Ed Case, Michael F.Q. San Nicolas, Albio Sires, and Dina Titus.The full text of the resolution can be found here.Source"
entitlements_and_safety_net,"Jan. 27, 2022","Bonamici, Stefanik Advocate for Container Size Flexibility for Families, Dairy Farmers","Rep. Suzanne Bonamici, ...","Congresswomen Suzanne Bonamici (D-OR) and Elise Stefanik (R-NY) today led a bipartisan letter requesting the United States Department of Agriculture (USDA) Secretary provide container size flexibility in the WIC program to improve families' food choices and access to certain foods, including dairy items such as yogurt.Under current guidelines for the Special Supplemental Nutritional Program for Women, Infants, and Children (WIC), restrictions on sizes for eligible foods can prevent participants from accessing popular or nutritious options. This has become increasingly more difficult as recent supply chain issues have created less certainty for consumers at the grocery store, which the lawmakers pointed out in the letter.""WIC is a lifeline for many families, providing infants and children with the nutritious meals they need to grow and thrive,"" said Congresswoman Suzanne Bonamici. ""The current size restrictions some states choose for products like yogurt create an unnecessary barrier to healthy foods. I'm pleased to join Congresswoman Stefanik in urging the USDA to follow the recommendations of the National Academies, encourage states to provide flexibility for families, and increase access to more nutritious foods.""""I am working to expand access to healthy and nutritious choices for our families,"" said Congresswoman Elise Stefanik. ""Our proposed rule change would also be good news for our North Country dairy farmers, who work hard to provide nutritious milk, yogurt, and cheese for families across the nation. I want to thank Congresswoman Bonamici for joining me to address this.""This letter comes in advance of the USDA issuing a Notice of Proposed Rulemaking for revisions to the supplemental food package for the Special Supplemental Nutrition Program for WIC.""Building a modern WIC shopping experience for the program's 6.2 million participants requires a broader range of healthy food options available on the shelf. WIC shoppers, like any other consumer, should not be limited to specific containers or package sizes when nutritionally comparable alternatives are stocked and within reach,"" said Brian Dittmeier, senior director of public policy for the National WIC Association. ""We thank Congresswomen Stefanik and Bonamici for elevating the practical challenges faced by WIC families and lifting up a straightforward solution to improve the WIC retail experience and advance nutrition security for America's next generation. Five years ago, the National Academies of Sciences urged a series of science-based reforms that would resolve package size challenges, especially for yogurt and whole-wheat breads, and expand access to nutritious foods for WIC shoppers. It is time for USDA to deliver and revise the WIC food packages.""""IDFA is grateful to Reps. Stefanik and Bonamici for seeking to increase consumption of WIC-approved dairy products by urging USDA to include the yogurt sizes and varieties that both meet the needs of WIC families and are widely available in stores. Unfortunately, 90% of Americans do not meet the levels of dairy consumption recommended by the Dietary Guidelines, and that deficiency is especially problematic for mothers, infants and toddlers who rely on the essential nutrients that dairy products provide for cognitive development, heart health, bone health and numerous other health goals. In 2015, the WIC food package added yogurt as a dairy option but that benefit often goes unused due to many states not allowing more commonly sold single-serve containers, which have more varieties and more convenient to dispense to children. We urge USDA to take up these and other commonsense reforms in their upcoming WIC food package update,"" said Michael Dykes, D.V.M., President and CEO, International Dairy Foods Association.Read the full letter here.Source"
government_budget_and_spending,"March 15, 2022","Young, Bonamici Introduce Resolution to Honor Caregivers, Reduce Hunger","Rep. Suzanne Bonamici, ...","Today, Representatives Don Young (R-AK) and Suzanne Bonamici (D-OR) introduced a bipartisan resolution that will honor caregivers and their efforts to reduce hunger by recognizing National Child and Adult Care Food Program (CACFP) Week, which started Sunday.CACFP provides millions of children and adults in childcare, afterschool and summer meal programs, emergency shelters, and adult care homes with healthy meals and snacks each year. According to USDA, the program serves more than 4.2 million children and 138,000 adults daily.""Every year, National Child and Adult Care Food Program (CACFP) Week allows us to celebrate the great progress we have made in fighting hunger and providing compassionate care to some of the most vulnerable in our communities,"" said Congressman Don Young. ""This week is also a needed reminder of the work that remains to ensure CACFP is reaching those who need it most. I am committed to this program's success, and am honored to lead this bipartisan resolution with my friend, Congresswoman Bonamici.""""CACFP is one of the most powerful tools we have in our work to end hunger,"" said Congresswoman Suzanne Bonamici. ""No one in the United States should suffer from food insecurity. CACFP can help reach more children and adults who are in need of healthy meals and snacks. I'm committed to bolstering this important program and I'm pleased to lead this bipartisan resolution with Rep. Young.""The resolution was endorsed by: Food Research and Action Center (FRAC), The National CACFP Sponsors Association, American Heart Association, Children's Institute, American Federation of State, County and Municipal Employees (AFSCME), The CACFP Roundtable, Academy of Nutrition and Dietetics, National Women's Law Center (NWLC), The Center for Law and Social Policy (CLASP), National Farm to School Network, American Academy of Pediatrics, KinderCare Learning Companies, The National CACFP Forum, Center for Science and Public Interest (CSPI), Save the Children, Oregon Food Bank, and First Focus Campaign for Children.""We are grateful to Congresswoman Bonamici and Congressman Young for co-leading the House Resolution recognizing National CACFP Week,"" said Lisa Mack, Executive Director of the National CACFP Sponsors Association. ""We appreciate the support from all Congressional Representatives for the thousands of CACFP operators who work tirelessly to provide nutritious meals to millions of children and adults nationwide. We are especially proud of how the CACFP community has responded to the challenges brought about by the ongoing pandemic and how they have continued to serve meals and ensure access to food for our nation's most vulnerable populations. During National CACFP Week, we are honored to celebrate them. They are true heroes.""Bonamici and Young were also joined by original cosponsors Reps. André Carson, Ed Case, Michael F.Q. San Nicolas, Albio Sires, and Dina Titus.The full text of the resolution can be found here.Source"
