topic,date,title,politician,full_text
civil_liberties_and_rights,"Jan. 25, 2022",Religious Freedom Over Mandates Act,Rep. Ralph Norman,"As if overreaching government vaccine mandates aren't bad enough, it is highly inappropriate for federal dollars to be used to collect information about someone's religious beliefs. The only way to prevent this information from being abused is to prevent its collection in the first place.Just moments ago, I introduced legislation in the House of Representatives that would prohibit federal funds from being used ""to establish, operate, maintain, or support any system of records"" for individuals who seek a religious exemption from a federal COVID-19 vaccine requirement.This means federal dollars could not be used to maintain any records of an individual's request for a faith-based exemption, such as his/her religion, religious beliefs, or religious justification for the exemption. This would also preclude the government from using taxpayer dollars to create a religious registry based on COVID-19 vaccine exemption requests.Many thanks to Congresswoman Ashley Hinson for co-sponsoring this legislation, which has also received the support of FreedomWorks and Heritage Action for America.Source"
criminal_justice,"Jan. 25, 2022",Religious Freedom Over Mandates Act,Rep. Ralph Norman,"As if overreaching government vaccine mandates aren't bad enough, it is highly inappropriate for federal dollars to be used to collect information about someone's religious beliefs. The only way to prevent this information from being abused is to prevent its collection in the first place.Just moments ago, I introduced legislation in the House of Representatives that would prohibit federal funds from being used ""to establish, operate, maintain, or support any system of records"" for individuals who seek a religious exemption from a federal COVID-19 vaccine requirement.This means federal dollars could not be used to maintain any records of an individual's request for a faith-based exemption, such as his/her religion, religious beliefs, or religious justification for the exemption. This would also preclude the government from using taxpayer dollars to create a religious registry based on COVID-19 vaccine exemption requests.Many thanks to Congresswoman Ashley Hinson for co-sponsoring this legislation, which has also received the support of FreedomWorks and Heritage Action for America.Source"
energy,"July 26, 2022","Letter to Joseph R. Biden, President of the United States - Rep. Ralph Norman Leads Letter Probing Sale of Crude Oil From Strategic Petroleum Reserves to Company With Financial Ties to Hunter Biden",Rep. Ralph Norman,Only available in PDF format; please use source to view documentSource
energy,"March 8, 2022",Should Have Happened Long Before Now,Rep. Ralph Norman,"It took entirely too long, but the President FINALLY decided to sanction Russian oil earlier today. Unfortunately, he's still dragging his feet on unleashing America's own energy production capabilities. It's just feckless leadership from top to bottom.Let's talk about the oil sanctions first. Most Democrats and Republicans in Congress have been yelling at Biden to get in gear and ban Russian oil. Every day, our country has been purchasing tens of millions of dollars' worth of Russian oil, and a lot of that money has been used to fund their genocidal war in Ukraine.Mr. Biden resisted for as long as he possibly couldThe President didn't want to sanction Russian oil because he doesn't want the optics Americans paying even more at the pump than we already are under his watch. However, he didn't really have a choice once it became clear that a bipartisan Congress was going to act with or without him. (Possibly with a veto-proof majority, depending on how that legislation is written.) So President Biden finally relented and announced sanctions on Russian oil today.Good, but it should have happened long before now. There's still another major step missing though.Replacing Russian oil with oil from Iran -- or other hostile nations -- is not in our best interest! It's critical for President Biden to roll back every policy he's implemented to hamstring America's own energy production. That includes Keystone, exploration on foreign lands, and other onerous regulations.The time to do that is now, not after he has no other choiceSource"
energy,"March 7, 2022",It's Past Time to Sanction Russian Oil,Rep. Ralph Norman,"You'd be hard pressed to find this level of bipartisanship on any other issue right now. The United States needs to sanction Russian oil. Almost everyone is united on this point. Heck, even Nancy Pelosi is on board now.But President Biden has staunchly resisted this step so far. (This may be changing. More on that below.)Here's the issue: a sizeable portion of the Russian economy is driven by their export of oil and natural gas to other countries. Every day, the United States is shoveling TENS OF MILLIONS OF DOLLARS to Russia for their oil, and a lot of that money is being siphoned off for Russia's military.So as long as we're buying Russian energy, we're helping fund their genocidal war in Ukraine. It's unconscionable.While I'm pleased with other sanctions against Russia that Biden has implemented, I am angry that he's slow-walked this critical measure. Part of his reasoning, of course, is that stopping the flow of Russian oil into the U.S. could increase energy prices here at home, even more than they've already gone up.As you know, inflation under Biden's watch is now at a 40-year high, and energy prices are through the roof thanks, in part, to his hostility towards American's energy production. (I've covered this extensively in previous posts.) So from a political standpoint, Mr. Biden is worried about the optics of Americans paying even more at the pump that we already are.I get his predicament, but America should NOT help fund Vladimir Putin's invasion of Ukraine through the purchase of Russian oil!!Reports over the weekend indicate the White House may FINALLY be entertaining sanctions on Russian oil imports into the United States. Detail matter, of course, so we'll have to see if this turns out to be anything meaningful.Simultaneously, it is critical for Biden to IMMEDIATELY reverse course on his policies that that have hampered American's own energy production. The U.S. should not be relying on hostile (or potentially hostile) foreign nations for our energy needs.Source"
energy,"Feb. 28, 2022","""American Oil from American Soil""",Rep. Ralph Norman,"""American oil from American soil."" A critical lesson we must re-learn -- particularly given Russia's hostile invasion of Ukraine -- is that America should NOT be relying on despot dictators for the energy we need.Think of ""crude oil"" as what comes out of the ground. And think of ""finished products"" as what's made from crude oil -- things like gasoline, diesel, heating oil, lubricating oils, etc.In terms of crude oil and finished products, America had essentially been energy independent under the Trump administration. We produced more than we consumed, which allowed us to be a net exporter of crude and finished products.In fairness, even though we reached this milestone under Trump, we actually started trending in this direction under the Obama Administration. Even Mr. Obama understood the importance of American energy production. Nobody opposes the pursuit of renewables and clean energy, obviously, but those are a long way off from being able to fully support America's energy needs. Obama understood the value of an ""all of the above"" energy strategy -- which includes fossil fuels.Biden changed all that.His hostility towards American oil and gas production have been obvious. He's canceled our Keystone XL pipeline, which would have transported more oil every day from Canada to our Gulf Coast refineries than we import from Russia. He's suspended oil and gas leases in parts of Alaska. He's blocked new oil exploration on federal lands. And he's REPEATEDLY reminded this nation of his desire to ""end fossil fuels"" through higher taxes and regulations.This mentality needs to change, and we need to re-invest in American energy production. Russia and Vladimir Putin have made this abundantly clear.Source"
energy,"Feb. 26, 2022",Incredible Courage and Determination,Rep. Ralph Norman,"Right now, Ukrainians are fighting like hell for their lives, their families, and their country. God bless those people and their president, who are showing incredible courage and determination.I'm livid over the fact our nation, the United States, is NOT doing what it can or should to help Ukraine. I'm not saying U.S. troops should be engaged in this war, but an evil tyrant, Vladimir Putin, has been emboldened to invade Ukraine because he senses weakness and lack of resolve -- worldwide -- from those with leverage to stop him.As for us, I'm concerned the sanctions President Biden has imposed on Russia for this invasion are woefully inadequate. He's trying to target their banks, their rich elites, and sales of various technologies to Russia. Those are appropriate, to be sure, but it's NOT ENOUGH!You don't stop a dragon by nipping at its heels. If we're not going to send weapons, then at the very least we ought to be looking at sanctions that target Russia's energy exports -- that's their largest economic driver, by far. Every single day, the United States purchases more than $50 million in Russian oil. That's over $1.5 billion EVERY MONTH we're sending to Russia which, in part, is financing their brutal invasion of Ukraine.Obviously, there would be global economic side effects to targeting Russian's energy exports. But what's the alternative?! Continue to send billions to Russia to finance a mad man's invasion of an innocent nation? How many people will die? Which nations would be Russia's next targets after Ukraine? What message does this lack of resolve send other potentially hostile nations? Like China concerning Taiwan, and Iran with their pursuit of nuclear weapons.At some point you have to stand up and say, ""This is not about money. It's about doing the right thing.""Simultaneously, it is critical for the United States to immediately roll back EVERYTHING Biden has done attacking our own energy production here at home. This includes the Keystone XL pipeline, which Biden revoked the permits for. It includes allowing for energy exploration on federal lands, which he revoked approval for. It includes opening up new oil & gas fields here, which he has tried to roadblock. It includes allowing federal agencies to subsidize fossil fuel endeavors, where appropriate, which he has prohibited. The list goes on.It's time to reverse course on these awful policies, which have only made the United States more reliant of countries like Russia for the energy we need.Source"
entitlements_and_safety_net,"Feb. 14, 2022",Co-Sponsoring Legislation to Exempt Social Security from Income Taxes,Rep. Ralph Norman,"SENIORS: I believe your Social Security benefits should be exempt from federal income taxes, even if you have additional earnings. And I'm co-sponsoring legislation to that effect.Social Security is funded from your paycheck. That deduction is essentially a tax, since it's mandated by the government and taken directly out of your paycheck, whether you want to participate or not. You typically have no say-so in the matter.The issue is that many seniors are subject to income taxes on their Social Security benefits, especially if they have some other income in addition to their Social Security, like wages from another job or self-employment, interest income, dividends, etc.Last week, I co-sponsored legislation in the House that will completely eliminate income taxes on Social Security benefits. (This is H.R. 6590.) The bottom line is that if the government's going to tax you to fund Social Security, then regardless of your individual circumstances, you shouldn't be subject to further taxation when you receive that benefit.Source"
government_budget_and_spending,"Feb. 14, 2022",Co-Sponsoring Legislation to Exempt Social Security from Income Taxes,Rep. Ralph Norman,"SENIORS: I believe your Social Security benefits should be exempt from federal income taxes, even if you have additional earnings. And I'm co-sponsoring legislation to that effect.Social Security is funded from your paycheck. That deduction is essentially a tax, since it's mandated by the government and taken directly out of your paycheck, whether you want to participate or not. You typically have no say-so in the matter.The issue is that many seniors are subject to income taxes on their Social Security benefits, especially if they have some other income in addition to their Social Security, like wages from another job or self-employment, interest income, dividends, etc.Last week, I co-sponsored legislation in the House that will completely eliminate income taxes on Social Security benefits. (This is H.R. 6590.) The bottom line is that if the government's going to tax you to fund Social Security, then regardless of your individual circumstances, you shouldn't be subject to further taxation when you receive that benefit.Source"
civil_liberties_and_rights,"May 3, 2022",Rep. Boebert Introduces Bill to Terminate the Department of Homeland Security's Disinformation Governance Board,"Rep. Ralph Norman, ...","Today, Rep. Lauren Boebert led 61 of her colleagues in introducing the Protecting Free Speech Act to terminate the Department of Homeland Security's Disinformation Governance Board, also known as the ""Ministry of Truth"", and prohibit any federal funds from being used to establish or carry out the activities of any other entity that is substantially similar.Congresswoman Lauren Boebert (CO-03) stated, ""The Department of Homeland Security should not be in the business of censoring free speech on Twitter and Facebook. Following in the steps of Mao and Stalin, Biden's unconstitutional, dystopian ""Department of Propaganda"" is trampling on the First Amendment and trying to control what people can and can't say. Instead of treating Orwell's book 1984 as a warning, the Left appears to be using it as an outline for their agenda. These efforts are un-American and a direct attack on our freedoms. We the People will not be silent.""House Republican Whip Steve Scalise (LA-01) said, ""The Biden Administration's Soviet-style ""Ministry of Truth' is an Orwellian attempt by Washington Democrats to punish anyone who disagrees with their big government socialist agenda by deeming opposing views as disinformation. This isn't Democrats' first attempt to limit free speech. For years, Democrats at the highest levels of power pushed the fake Russia collusion hoax to discredit President Trump and his supporters. It was the Biden Administration who labeled concerned parents at school board meetings as ""domestic terrorists,' and it was President Biden who caved to teachers union bosses, and kept kids out of the classroom, instead of following the science. I applaud Congresswoman Boebert for leading the charge to prevent taxpayer money from funding President Biden's radical misinformation board, which would stifle the First Amendment and free speech.""House Republican Conference Chairwoman Elise Stefanik (NY-21) stated, ""I will always stand up for Americans' First Amendment right to free speech. As the Biden administration takes one more step towards Communism by creating a Disinformation Governance Board, I am proud to cosponsor legislation to terminate this obstruction to Americans' free speech and prevent taxpayer dollars from funding any future attack on this Constitutional right.""U.S. Congressman Jody Hice (GA-10) said, ""Mayorkas and the DHS are weaponizing taxpayer dollars against the American people instead of using their resources to protect the country. The government should have no power to limit individuals' Constitutional right to free speech. No government agency should have a say in determining what is and isn't disinformation.""U.S. Congressman Dan Bishop (NC-09) stated, ""A federal 'Disinformation Board' has no place in America. Least of all run by the same people who deny there's a border crisis or peddled the lie that Hunter Biden's laptop was 'Russian disinformation.' What this is about is political retribution. President Biden has already targeted parents as domestic enemies, now he wants to target everyone else who disagrees with him. This 'Ministry of Truth' should be defunded immediately, proud to join Rep. Boebert in this effort.""U.S. Congressman Warren Davidson (OH-08) said, ""We live in America--a country founded on freedom and values of public discourse. We, the people, have the moral compass to determine what freedom looks like in this country. It is not the responsibility or right of any government entity to determine what is considered ""disinformation"" and control the narrative of truth. I am proud to join Rep. Boebert in the fight to preserve this freedom. We must not let an administration so power-hungry threaten the values that make us great.""U.S. Congressman Chip Roy (TX-21) stated, ""DHS has no business policing speech and acting as an arbiter of truth -- especially when the secretary is actively spreading the outright, demonstrable lie that he has operational control of the southern border. Not one dime of taxpayer money should go to this unconstitutional farce.""U.S. Congressman Ralph Norman (SC-05) said, ""Democrats' fixation on ""disinformation"" has shifted from gimmicky messaging intended to discredit their critics to a bona fide arm of federal bureaucracy set to censor information damaging to their political movement. Secretary Mayorkas cannot seem to handle our border crisis, why trust him to allow the truth about Hunter Biden be reported with interference?""U.S. Congressman Madison Cawthorn (NC-11) stated, ""The Biden Administration has embraced an Orwellian mentality to stifle dissent in the wake of their failing narrative. They want to redefine truth because they can't handle the truth. Joe Biden's assault on the foundational First Amendment principles our nation was founded on are outrageously disturbing. I'm proud to join Congresswoman Boebert in defending free speech and gutting Joe Biden's ""Ministry of Truth.'""U.S. Congressman Matt Gaetz (FL-01) said, ""The Biden Administration been on a corrupt crusade to censor the free speech of their adversaries. Their latest attempt at institutionalizing censorship is the creation of the DHS ""Disinformation Governance Board,' an Orwellian scheme to make Biden's Ministry of Truth a reality. I'm joining Rep. Lauren Boebert's Protecting Free Speech Act as an original co-sponsor to prevent future propaganda arms, sanctioned by the U.S. government, from being created.""U.S. Congressman Louie Gohmert (TX-01) stated, ""Biden's Orwellian Ministry of Truth is an assault on our most basic Founding principles and must be stopped. Freedom and liberty cannot survive in our country if we have a biased, political ""disinformation governance board"" deciding what is true in society. To make matters worse, the individual appointed as executive director of the board has continually spread misinformation and propaganda herself. Once again, it appears the only thing Orwell got wrong was the year.""U.S. Congressman Byron Donalds (FL-19) said, ""The Biden administration creating the Disinformation Governance Board and empowering a taxpayer funded agency to silence Americans into submission is an Orwellian-style attack on our constitutional republic,"" said Rep. Donalds. ""The Democrats' calculated attempt to control the conception of truth and police free speech cannot continue. I firmly support Rep. Boebert's Protecting Free Speech Act to protect the principles of individual liberty in which the United States was founded upon.""U.S. Congressman Paul Gosar (AZ-04) stated, ""All Americans should be deeply troubled by Mr. Biden's decision to create the Disinformation Governance Board.  The creation of this ""Truth Ministry"" is a well-known communist practice of having the regime ""tell"" the people what the ""truth"" is.  In reality, it is propaganda for the regime and the real truth will be labeled a lie or be deemed subversive.  We saw this with two years of COVID lies.  We saw this with the Hunter Biden laptop lies.  We saw this with the Russia collusion hoax.  We see this with inflation, with Joe Biden and the Democrats blaming everyone but themselves.  And we continue to see it with the 2020 election lies.   We used to live in a free society where differing opinions were allowed.  This latest effort is to stop all dissent.""U.S. Congressman Greg Steube (FL-17) said, ""It's very simple: The Department of Homeland Security is tasked with securing our homeland. As this administration continues to allow illegal immigration to overwhelm our communities, it is evident they are failing at their sole duty. Yet they seemingly have the time, resources, and manpower to create a Disinformation Board. I'm glad to cosponsor critical legislation that will terminate DHS's Disinformation Board and put a stop to this administration's dangerous attempts to limit free speech.""U.S. Congresswoman Maria Elvira Salazar (FL-27) stated, ""I represent Miami, home to one of the largest exile communities in the country. Many of my constituents -- Cubans, Nicaraguans, Venezuelans, etc. -- fled abusive governments that censor and silence the speech of those who dare to speak their mind. This move by the Biden Administration is straight out of the tyrant's playbook. Let me be clear: the federal government should never be allowed to determine what is and is not true.""U.S. Congressman Darrell Issa (CA-50) said, ""President Biden's proposed Disinformation Governance Board has no business telling anyone what is disinformation and what isn't. And it's no coincidence the White House launched its Minister of Truth immediately after Elon Musk bought Twitter and backed free speech. Congress must now take this decisive action.""CPAC Chairman Matt Schlapp said, ""It is alarming that a President would believe his administration can determine what is truth. The whole purpose of representational democracy is for people to work out their differences through the political process for the betterment of all. It is dangerous to use government to dictate ""truth."" Empowering a law enforcement arm of government with this power is what dictators do. CPAC stands with Representative Boebert and fellow conservatives in Congress who are calling on this new censorship department to be terminated before it even gets off the ground. All Americans, not just conservatives, who believe in the First Amendment, should stand with Rep. Boebert and call for an end to overt government censorship.""FreedomWorks President Adam Brandon stated, ""The Disinformation Governance Board board is yet another thinly veiled attempt from the Left to suppress free speech. ""Disinformation' is merely the catch-all term they've adopted to label speech with which they don't agree. Rep. Lauren Boebert's Protecting Free Speech Act would terminate the Biden Administration's ""Ministry of Truth' and defend Americans' First Amendment rights.""Heritage Action Vice President Garrett Bess said, ""Once again, the Biden Administration is ignoring the safety and security of the American people. Rather than focusing on stopping illegal immigration, drug and human trafficking, and cartel operations, President Biden and Secretary Mayorkas are creating an Orwellian-style Disinformation Governance Board to go after anyone who may disagree with their policies. Fortunately, Congresswoman Boebert has taken action to root out this farce by introducing legislation to terminate the board and prohibit funding from going towards similar flawed efforts.""Americans for Limited Government President Richard Manning stated, ""Representative Boebert is taking a step in the right direction in her legislation to defund the Disinformation Governance Board.  The scary truth is that the Department of Homeland Security is working within a law which is an unconstitutional violation of the right to free speech, both in creating this Board and in directing the Board to collaborate with social media companies to shut down dissent. We are fortunate that Representative Boebert has the political will to fight for the individual liberties on which America was founded.""Background:On April 21st, former President Obama gave a speech at Stanford University stating that Social Media censors don't go far enough, calling for further government intervention in order to ""diminish disinformation"".On April 25th, Elon Musk bought Twitter and promised to end the censorship and restore free speech on this social media platform.On April 27th, Secretary of the Department of Homeland Security (DHS), Alejandro Mayorkas, testified before Congress that DHS created a ""Disinformation Governance Board"" to combat misinformation ahead of the 2022 midterms.Secretary Mayorkas refused to give many details about the new entity but stated that the Executive Director would be Nina Jankowicz, a Russia hoax espousing radical who is on video singing and asking who she needs to have sex with to become famous and powerful.When asked about the Department on Fox News Sunday, Secretary Mayorkas refused to answer whether or not the Steele Dossier would be considered disinformation. In contrast, Jankowicz previously referred to the Hunter Biden laptop as a ""Trump campaign product"" used for disinformation. Nina Jankowicz also dismissed scientists who claimed COVID-19 could have emerged from a Wuhan lab as disinformation. Finally, Jankowicz recently stated that she ""shudders to think about"" the additional free speech that will occur on Twitter now that Elon Musk has purchased the platform.61 Members of Congress joined Congresswoman Boebert in introducing her Protecting Free Speech Act including: Minority Whip Steve Scalise, Conference Chair Elise Stefanik, House Freedom Caucus Chairman Scott Perry, RSC Chairman Jim Banks, Rick W. Allen, Andy Biggs, Dan Bishop, Ken Buck, Ted Budd, Kat Cammack, Madison Cawthorn, Warren Davidson, Jeff Duncan, Byron Donalds, Tom Emmer, Michelle Fischbach, Chuck Fleischmann, Scott Franklin, Matt Gaetz, Louie Gohmert, Lance Gooden, Paul Gosar, Diana Harshbarger, Vicky Hartzler, Kevin Hern, Jody Hice, Clay Higgins, Darrell Issa, Mike Johnson, Jim Jordan, Mike Kelly, Doug Lamborn, Debbie Lesko, Billy Long, Tracy Mann, Thomas Massie, Lisa McClain, David McKinley, Carol D. Miller, Mary Miller, John Moolenaar, Alex Mooney, Barry Moore, Greg Murphy, Troy Nehls, Ralph Norman, Jay Obernolte, August Pfluger, Bill Posey, Guy Reschenthaler, Chip Roy, María Elvira Salazar, Mike Simpson, Jason Smith, Victoria Spartz, Greg Steube, Chris Stewart, Tom Tiffany, Jeff Van Drew, Jackie Walorski, and Lee ZeldinOrganizations supporting Congresswoman Boebert's bill include: the American Conservative Union, Americans for Limited Government, Citizens for Renewing America, Club for Growth, FreedomWorks, Heritage Action and the Tea Party Patriots Action.The full text of Rep. Boebert's Protecting Free Speech Act is available here.Source"
criminal_justice,"May 3, 2022",Rep. Boebert Introduces Bill to Terminate the Department of Homeland Security's Disinformation Governance Board,"Rep. Ralph Norman, ...","Today, Rep. Lauren Boebert led 61 of her colleagues in introducing the Protecting Free Speech Act to terminate the Department of Homeland Security's Disinformation Governance Board, also known as the ""Ministry of Truth"", and prohibit any federal funds from being used to establish or carry out the activities of any other entity that is substantially similar.Congresswoman Lauren Boebert (CO-03) stated, ""The Department of Homeland Security should not be in the business of censoring free speech on Twitter and Facebook. Following in the steps of Mao and Stalin, Biden's unconstitutional, dystopian ""Department of Propaganda"" is trampling on the First Amendment and trying to control what people can and can't say. Instead of treating Orwell's book 1984 as a warning, the Left appears to be using it as an outline for their agenda. These efforts are un-American and a direct attack on our freedoms. We the People will not be silent.""House Republican Whip Steve Scalise (LA-01) said, ""The Biden Administration's Soviet-style ""Ministry of Truth' is an Orwellian attempt by Washington Democrats to punish anyone who disagrees with their big government socialist agenda by deeming opposing views as disinformation. This isn't Democrats' first attempt to limit free speech. For years, Democrats at the highest levels of power pushed the fake Russia collusion hoax to discredit President Trump and his supporters. It was the Biden Administration who labeled concerned parents at school board meetings as ""domestic terrorists,' and it was President Biden who caved to teachers union bosses, and kept kids out of the classroom, instead of following the science. I applaud Congresswoman Boebert for leading the charge to prevent taxpayer money from funding President Biden's radical misinformation board, which would stifle the First Amendment and free speech.""House Republican Conference Chairwoman Elise Stefanik (NY-21) stated, ""I will always stand up for Americans' First Amendment right to free speech. As the Biden administration takes one more step towards Communism by creating a Disinformation Governance Board, I am proud to cosponsor legislation to terminate this obstruction to Americans' free speech and prevent taxpayer dollars from funding any future attack on this Constitutional right.""U.S. Congressman Jody Hice (GA-10) said, ""Mayorkas and the DHS are weaponizing taxpayer dollars against the American people instead of using their resources to protect the country. The government should have no power to limit individuals' Constitutional right to free speech. No government agency should have a say in determining what is and isn't disinformation.""U.S. Congressman Dan Bishop (NC-09) stated, ""A federal 'Disinformation Board' has no place in America. Least of all run by the same people who deny there's a border crisis or peddled the lie that Hunter Biden's laptop was 'Russian disinformation.' What this is about is political retribution. President Biden has already targeted parents as domestic enemies, now he wants to target everyone else who disagrees with him. This 'Ministry of Truth' should be defunded immediately, proud to join Rep. Boebert in this effort.""U.S. Congressman Warren Davidson (OH-08) said, ""We live in America--a country founded on freedom and values of public discourse. We, the people, have the moral compass to determine what freedom looks like in this country. It is not the responsibility or right of any government entity to determine what is considered ""disinformation"" and control the narrative of truth. I am proud to join Rep. Boebert in the fight to preserve this freedom. We must not let an administration so power-hungry threaten the values that make us great.""U.S. Congressman Chip Roy (TX-21) stated, ""DHS has no business policing speech and acting as an arbiter of truth -- especially when the secretary is actively spreading the outright, demonstrable lie that he has operational control of the southern border. Not one dime of taxpayer money should go to this unconstitutional farce.""U.S. Congressman Ralph Norman (SC-05) said, ""Democrats' fixation on ""disinformation"" has shifted from gimmicky messaging intended to discredit their critics to a bona fide arm of federal bureaucracy set to censor information damaging to their political movement. Secretary Mayorkas cannot seem to handle our border crisis, why trust him to allow the truth about Hunter Biden be reported with interference?""U.S. Congressman Madison Cawthorn (NC-11) stated, ""The Biden Administration has embraced an Orwellian mentality to stifle dissent in the wake of their failing narrative. They want to redefine truth because they can't handle the truth. Joe Biden's assault on the foundational First Amendment principles our nation was founded on are outrageously disturbing. I'm proud to join Congresswoman Boebert in defending free speech and gutting Joe Biden's ""Ministry of Truth.'""U.S. Congressman Matt Gaetz (FL-01) said, ""The Biden Administration been on a corrupt crusade to censor the free speech of their adversaries. Their latest attempt at institutionalizing censorship is the creation of the DHS ""Disinformation Governance Board,' an Orwellian scheme to make Biden's Ministry of Truth a reality. I'm joining Rep. Lauren Boebert's Protecting Free Speech Act as an original co-sponsor to prevent future propaganda arms, sanctioned by the U.S. government, from being created.""U.S. Congressman Louie Gohmert (TX-01) stated, ""Biden's Orwellian Ministry of Truth is an assault on our most basic Founding principles and must be stopped. Freedom and liberty cannot survive in our country if we have a biased, political ""disinformation governance board"" deciding what is true in society. To make matters worse, the individual appointed as executive director of the board has continually spread misinformation and propaganda herself. Once again, it appears the only thing Orwell got wrong was the year.""U.S. Congressman Byron Donalds (FL-19) said, ""The Biden administration creating the Disinformation Governance Board and empowering a taxpayer funded agency to silence Americans into submission is an Orwellian-style attack on our constitutional republic,"" said Rep. Donalds. ""The Democrats' calculated attempt to control the conception of truth and police free speech cannot continue. I firmly support Rep. Boebert's Protecting Free Speech Act to protect the principles of individual liberty in which the United States was founded upon.""U.S. Congressman Paul Gosar (AZ-04) stated, ""All Americans should be deeply troubled by Mr. Biden's decision to create the Disinformation Governance Board.  The creation of this ""Truth Ministry"" is a well-known communist practice of having the regime ""tell"" the people what the ""truth"" is.  In reality, it is propaganda for the regime and the real truth will be labeled a lie or be deemed subversive.  We saw this with two years of COVID lies.  We saw this with the Hunter Biden laptop lies.  We saw this with the Russia collusion hoax.  We see this with inflation, with Joe Biden and the Democrats blaming everyone but themselves.  And we continue to see it with the 2020 election lies.   We used to live in a free society where differing opinions were allowed.  This latest effort is to stop all dissent.""U.S. Congressman Greg Steube (FL-17) said, ""It's very simple: The Department of Homeland Security is tasked with securing our homeland. As this administration continues to allow illegal immigration to overwhelm our communities, it is evident they are failing at their sole duty. Yet they seemingly have the time, resources, and manpower to create a Disinformation Board. I'm glad to cosponsor critical legislation that will terminate DHS's Disinformation Board and put a stop to this administration's dangerous attempts to limit free speech.""U.S. Congresswoman Maria Elvira Salazar (FL-27) stated, ""I represent Miami, home to one of the largest exile communities in the country. Many of my constituents -- Cubans, Nicaraguans, Venezuelans, etc. -- fled abusive governments that censor and silence the speech of those who dare to speak their mind. This move by the Biden Administration is straight out of the tyrant's playbook. Let me be clear: the federal government should never be allowed to determine what is and is not true.""U.S. Congressman Darrell Issa (CA-50) said, ""President Biden's proposed Disinformation Governance Board has no business telling anyone what is disinformation and what isn't. And it's no coincidence the White House launched its Minister of Truth immediately after Elon Musk bought Twitter and backed free speech. Congress must now take this decisive action.""CPAC Chairman Matt Schlapp said, ""It is alarming that a President would believe his administration can determine what is truth. The whole purpose of representational democracy is for people to work out their differences through the political process for the betterment of all. It is dangerous to use government to dictate ""truth."" Empowering a law enforcement arm of government with this power is what dictators do. CPAC stands with Representative Boebert and fellow conservatives in Congress who are calling on this new censorship department to be terminated before it even gets off the ground. All Americans, not just conservatives, who believe in the First Amendment, should stand with Rep. Boebert and call for an end to overt government censorship.""FreedomWorks President Adam Brandon stated, ""The Disinformation Governance Board board is yet another thinly veiled attempt from the Left to suppress free speech. ""Disinformation' is merely the catch-all term they've adopted to label speech with which they don't agree. Rep. Lauren Boebert's Protecting Free Speech Act would terminate the Biden Administration's ""Ministry of Truth' and defend Americans' First Amendment rights.""Heritage Action Vice President Garrett Bess said, ""Once again, the Biden Administration is ignoring the safety and security of the American people. Rather than focusing on stopping illegal immigration, drug and human trafficking, and cartel operations, President Biden and Secretary Mayorkas are creating an Orwellian-style Disinformation Governance Board to go after anyone who may disagree with their policies. Fortunately, Congresswoman Boebert has taken action to root out this farce by introducing legislation to terminate the board and prohibit funding from going towards similar flawed efforts.""Americans for Limited Government President Richard Manning stated, ""Representative Boebert is taking a step in the right direction in her legislation to defund the Disinformation Governance Board.  The scary truth is that the Department of Homeland Security is working within a law which is an unconstitutional violation of the right to free speech, both in creating this Board and in directing the Board to collaborate with social media companies to shut down dissent. We are fortunate that Representative Boebert has the political will to fight for the individual liberties on which America was founded.""Background:On April 21st, former President Obama gave a speech at Stanford University stating that Social Media censors don't go far enough, calling for further government intervention in order to ""diminish disinformation"".On April 25th, Elon Musk bought Twitter and promised to end the censorship and restore free speech on this social media platform.On April 27th, Secretary of the Department of Homeland Security (DHS), Alejandro Mayorkas, testified before Congress that DHS created a ""Disinformation Governance Board"" to combat misinformation ahead of the 2022 midterms.Secretary Mayorkas refused to give many details about the new entity but stated that the Executive Director would be Nina Jankowicz, a Russia hoax espousing radical who is on video singing and asking who she needs to have sex with to become famous and powerful.When asked about the Department on Fox News Sunday, Secretary Mayorkas refused to answer whether or not the Steele Dossier would be considered disinformation. In contrast, Jankowicz previously referred to the Hunter Biden laptop as a ""Trump campaign product"" used for disinformation. Nina Jankowicz also dismissed scientists who claimed COVID-19 could have emerged from a Wuhan lab as disinformation. Finally, Jankowicz recently stated that she ""shudders to think about"" the additional free speech that will occur on Twitter now that Elon Musk has purchased the platform.61 Members of Congress joined Congresswoman Boebert in introducing her Protecting Free Speech Act including: Minority Whip Steve Scalise, Conference Chair Elise Stefanik, House Freedom Caucus Chairman Scott Perry, RSC Chairman Jim Banks, Rick W. Allen, Andy Biggs, Dan Bishop, Ken Buck, Ted Budd, Kat Cammack, Madison Cawthorn, Warren Davidson, Jeff Duncan, Byron Donalds, Tom Emmer, Michelle Fischbach, Chuck Fleischmann, Scott Franklin, Matt Gaetz, Louie Gohmert, Lance Gooden, Paul Gosar, Diana Harshbarger, Vicky Hartzler, Kevin Hern, Jody Hice, Clay Higgins, Darrell Issa, Mike Johnson, Jim Jordan, Mike Kelly, Doug Lamborn, Debbie Lesko, Billy Long, Tracy Mann, Thomas Massie, Lisa McClain, David McKinley, Carol D. Miller, Mary Miller, John Moolenaar, Alex Mooney, Barry Moore, Greg Murphy, Troy Nehls, Ralph Norman, Jay Obernolte, August Pfluger, Bill Posey, Guy Reschenthaler, Chip Roy, María Elvira Salazar, Mike Simpson, Jason Smith, Victoria Spartz, Greg Steube, Chris Stewart, Tom Tiffany, Jeff Van Drew, Jackie Walorski, and Lee ZeldinOrganizations supporting Congresswoman Boebert's bill include: the American Conservative Union, Americans for Limited Government, Citizens for Renewing America, Club for Growth, FreedomWorks, Heritage Action and the Tea Party Patriots Action.The full text of Rep. Boebert's Protecting Free Speech Act is available here.Source"
criminal_justice,"Jan. 3, 2022","Letter to Michael Carvajal, Director of the Federal Bureau of Prisons - Higgins, Greene Demand Humane Treatment for January 6 Prisoners","Rep. Ralph Norman, ...","Director Carvajal,Sir, as Director of the Federal Bureau of Prisons, it is your personal responsibility toensure that the Constitutional rights to basic humanitarian care of federally incarceratedAmericans are protected. Regardless of the charges faced, every incarcerated human being is tobe treated humanely and with due consideration of their rights. Evidence of 8th Amendmentviolations and denial of basic medical needs has been brought to the attention of Congress. We,the undersigned, are officially advising you, Director Carvajal, that you are to immediatelyaddress the abhorrent persecution of American citizens being held in pre-trial detention underyour watch. We demand that you use your authority to investigate this abuse, or we will use ourauthority to investigate your failure. You have a choice to make Sir. This letter is fairadvisement. You swore an oath to uphold the Constitution. We expect you to stand by that oathand protect the basic human rights of the incarcerated citizens under your care.Many instances of physical and psychological abuse, denial of medical care, 24-hoursolitary confinement, denial of basic personal hygiene, denial of access to legal counsel,destruction of records, and general abuse of rights and mandated standards for prisoners havebeen brought to our attention. Constitutionalist Republicans in Congress will not stand idly byand allow these atrocities to continue. We promise you, good Sir, those responsible within BOPwill be held to account. Despite the collaborative effort of some members of Congress and theExecutive branch to suppress facts and interfere with our individual investigations, we have,collectively, already harvested a tremendous amount of condemning evidence of abuse andpersecution within BOP. Thus, we are somberly prayerful that you will recognize thesignificance of this official letter, and act to correct the grievances that you must, by anyreasonable man's assessment, be knowledgeable of. Failure to act within the parameters of yourauthority will be interpreted as your personal complicity with the ongoing abuse of Americancitizens incarcerated within BOP facilities.These instances of violations of your legal responsibility to protect the incarceratedpopulation under your care include an accusation of gradual, continuous poisoning adocumented accusation of longstanding torture where one prisoner has been f orced to ingestfoods that cause him incredible internal pain, slowly killing him. The gluten-free diet parametersthat have been prescribed by his physician to alleviate a medically diagnosed condition, celiacdisease, has been repeatedly denied by BOP wardens under your command. To protect theprivacy rights of this particular pre-trial detainee, we have attached a confidential file with thisletter. We expect action from your office to provide immediate medical care for the referencedAmerican citizen. If he dies from the poisoning you are allowing, you will face criminal referralbefore the sun sets on his grave.Very serious accusations are being made by the families of federally incarceratedAmerican citizens under your care. Failure to follow the laws of our nation which dictate the wayyour facilities should treat incarcerated United States citizens will indeed result in legal andcriminal liability. The Republican majority 118thCongress is nigh, and the reimplementation ofresponsible and vigorous Congressional oversight of important issues such as this will return toour nation's Capital.Director Carvajal, good Sir, we have no doubt that in response to this letter, you willclaim to be a man of honor and resolve. Demonstrate then, your commitment to the coreprinciples you've sworn to uphold. Use your authority to stand for legal and Constitutionalleadership. Aggressively address the violations we now officially and publicly bring to yourattention. Failure to do so will bring dire consequence upon you, your office, your chain ofcommand, and the entire Bureau of Prisons.Respectfully, as members of Congress united to stand for the rights of all Americans, weareSource"
finance_and_banking,"March 16, 2022","Letter to Allison Clements, Commissioner of the Federal Energy Regulatory Commission - Comer, Norman Express Concerns Over FERC Commissioner's Failure to Disclose Financial Interests","Rep. Ralph Norman, ...",Only available in PDF format; please use source to view documentSource
government_budget_and_spending,"March 21, 2022",Rep. Lauren Boebert Introduces Balanced Budget Amendment to the U.S. Constitution,"Rep. Ralph Norman, ...","Today, Congresswoman Lauren Boebert (CO-03) introduced a Balanced Budget Amendment to the U.S. Constitution to eliminate waste and rein in federal spending.Congresswoman Boebert said, ""Everyday Americans are faced with tough decisions on how to balance their checkbooks. Unfortunately, the government shows no such restraint, pummeling all of us with record-setting spending and runaway inflation. Nancy Pelosi and the Biden regime continue to spend like drunken sailors, and their spending addiction has fueled the highest inflation increase in more than 40 years. They have already passed bills into law to spend more than $4.5 trillion and are trying to spend at least another $5 trillion this year alone. Every few months, it seems like Congress comes up with another manufactured spending crisis so they can spend more of your hard-earned money. With annual deficits exceeding a trillion dollars and total debt surpassing $30 trillion, now is the time to take action to rein in wasteful government spending. We need a Balanced Budget Amendment to get our fiscal house in order and help tame inflation, not $1.5 trillion bills that are more than 2,700 pages that Members have less than 22 hours to read.""Rep. Norman stated, ""Runaway spending will be the demise of this country if we don't deal with it now. We've eclipsed $30 trillion of debt this year and will double that before we know it at the rate we are used to spending. There is no excuse not to pass a balanced budget amendment.""Background:The national debt exceeds $30 trillion. According to the Congressional Budget Office (CBO), that national debt held by the public ($23 trillion) has already exceeded the size of the entire economy. Our debt is fueled by endless deficit spending. In the first five months of this fiscal year, we borrowed an average of $3 billion a day.Congress has waived existing budget rules time after time and has proved unwilling to do alter its course. We need a Constitutional Amendment to force a Balanced Budget. Congress cannot waive the Constitution to fit its political whims. Congresswoman Boebert's Balanced Budget Amendment creates constitutional requirements for:Spending not to exceed revenue for a fiscal year;The debt limit not being increased;The president submitting a balanced budget to Congress;All tax increases being supported by two-thirds of both Houses of Congress.Rep. Boebert's Balanced Budget Amendment additionally contains an exception that these requirements can only be waived for a short period of time for emergency circumstances if two-thirds of both Houses approve.Co-sponsors of Congresswoman Boebert's Balanced Budget Amendment include Reps. Ralph Norman (SC-05), Jeff Duncan (SC-03), and Thomas Massie (KY-04).The full text of Rep. Boebert's Balanced Budget Amendment is available here.Source"
