topic,date,title,politician,full_text
energy,"Oct. 13, 2022","Letter to Jennifer Granholm, Secretary of Energy - Lucas and Weber Demand Transparency in Massive Spending Increase for Troubled Government Loan Program","Rep. Randy Weber, ...",Only available in PDF format; please use source to view documentSource
energy,"Oct. 13, 2022","Letter to Jennifer Granholm, Secretary of Energy - Lucas and Weber Demand Transparency in Massive Spending Increase for Troubled Government Loan Program","Rep. Randy Weber, ...",Only available in PDF format; please use source to view documentSource
energy,"March 22, 2022","Letter to Jennifer Granholm, Secretary of Energy - Lucas and Weber Request Info on DOE's Cybersecurity Work Given Increased Threats to U.S. Natural Gas Supplies","Rep. Randy Weber, ...",Only available in PDF format; please use source to view documentSource
energy,"Jan. 19, 2022","Letter to Hon. Jennifer Granholm, Secretary of Energy - Sen. Ted Cruz Leads Bipartisan Letter to Department of Energy in Support of Expanding Texas LNG Exports","Rep. Randy Weber, ...","U.S. Sen. Ted Cruz (R-Texas) this week sent a bipartisan, bicameral letter to U.S. Secretary of Energy Jennifer Granholm expressing strong support for Freeport LNG's expansion of export capacity at their liquefaction and export terminal in Brazoria County, Texas. The letter's co-signers include Rep. Henry Cuellar, Rep. Randy Weber, Rep. Filemon Vela, and Rep. Vicente Gonzalez.In the letter, the members state:""The value of natural gas to the Texas and U.S. economy cannot be overstated. LNG exports have and will continue to encourage investment in U.S. natural gas production, which in turn generates billions of dollars in new investments, benefiting local communities, producing tax revenues, and creating jobs Projects like Freeport LNG's export capacity-increase request greatly benefit the nation and the global energy community, and we ask that you move quickly to grant such request.""BACKGROUND:Freeport LNG Development, L.P. operates a liquefied natural gas (LNG) receiving and regasification terminal in Brazoria County, Texas. Freeport LNG began to develop the initial liquefaction project in 2010. The expansion proposal was a result of the increase in Texas and the country's gas resources, due to the shale gas boom in recent years. The permits to export LNG from the project to free trade agreement (FTA) countries and any other non-FTA countries were granted by the Department of Energy (DOE). The Federal Energy Regulatory Commission (FERC) granted its final approval for the project in July 2014.In May 2019, Freeport LNG received FERC and DOE approvals to add a fourth liquefaction train (Train 4). The Train 4 expansion will allow for the export of an additional 5 million tons of LNG per year (mtpa), increasing the total export capability of the facility to over 20 mtpa of LNG. Train 4 could be in commercial operations as early as 2025.Source"
energy,"Oct. 21, 2022",Rep. Weber Condemns President Biden for Draining Our Strategic Petroleum Reserve,Rep. Randy Weber,"Today, U.S. Rep. Randy Weber (R-TX) and 30 original cosponsors introduced a resolution condemning President Biden's irresponsible withdrawal of petroleum products from the Strategic Petroleum Reserve (SPR).The Energy Policy and Conservative Act of 1975 was enacted on December 22, 1975, creating the SPR to respond to the global oil crisis. There have only been three emergency drawdowns from the SPR in its history--during Operation Desert Storm in 1991, during the aftermath of Hurricane Katrina in 2005, and, in coordination with the International Energy Agency, responding to instability in the Middle East and North Africa in 2011. President Biden has drained more than a third of the U.S. SPR to help quell gas prices.""We are 639 days into Joe Biden's disastrous presidency, and it has been an all-out assault against American energy,"" said Rep. Randy Weber. ""One of the most alarming offensives is Biden's abuse of America's invaluable Strategic Petroleum Reserve (SPR). This resolution calls for President Biden to halt the sale of petroleum products from the SPR and to begin replenishing this critical emergency resource immediately. This is no longer about reducing gas prices for political gain; now he's recklessly gutting our energy defense.""""President Biden shouldn't open the spigot of our strategic petroleum reserves, meant for national emergencies, to hide his failed energy policies or to serve his political purposes,"" said Rep. Mayra Flores. ""Doing so, not only puts our national security at risk but also negatively impacts energy jobs across our state and country, and American energy production.""""Our Strategic Petroleum Reserve (SPR) is designed for weather emergencies or national security matters, not political expediency, or an upcoming midterm election,"" said Rep. Pat Fallon. ""Under President Trump, our SPR reached almost 700 million barrels of oil, now we are approaching levels not seen in nearly 40 years. With every draw down that Joe Biden makes; he puts our national security more at risk. His actions and radical energy agenda are unacceptable and a disservice to the American people. I am proud to join fellow Texan, Congressman Randy Weber in this effort.""""Starting on Day 1 of Joe Biden's presidency, he worked to destroy American's energy independence - causing prices at the pump to hit historic highs,"" said Rep. Drew Ferguson. ""Now, Biden is recklessly dumping our Strategic Petroleum Reserve (SPR) to try and control prices, after his negotiations with totalitarian leaders failed to get more oil on the market. Thankfully the push under Trump's administration for American energy independence led to very low prices and allowed the U.S. to fill up the SPR, but Biden is quickly draining our emergency supply putting American's national security at serious risk.""""Biden is shamelessly compromising U.S. energy security in a cynical, politically-motivated attempt to salvage Democrats' midterm hopes,"" said Rep. Chip Roy. ""Gas prices are sky high because the Biden administration is dead-set on advancing a radical energy agenda driven by left wing climate hysterics, no matter the cost to Americans. I know the American people recognize Biden's Strategic Petroleum Reserve releases for what they are: nothing more than an ineffective, dangerous political ploy.""""President Biden's decision to release millions of more barrels of oil from the Strategic Petroleum Reserve (SPR) is a politically motivated move that compromises our national security and is a shortsighted response to the ongoing energy crisis,"" said Rep. Roger Williams. ""This Administration's anti-energy agenda and refusal to invest in American oil and gas production have us led to this energy crisis and have crushed Texas families with skyrocketing energy costs. It is past time to reverse the damage of Biden's Green New Deal agenda and unleash American energy dominance.""""Since he took office, Biden's disastrous energy policies have weakened our energy independence,"" said Rep. Tony Gonzales. ""We should be unleashing American energy, not draining our oil reserves. This politically motivated decision is a reckless move that puts our national security at risk.""""Joe Biden has spent his presidency waging war on our oil and gas sector and draining our Strategic Petroleum Reserve dry,"" said Rep. Brian Babin. ""Americans are sick of his reckless and irresponsible actions. They want affordable solutions that lead to energy security.""""The Biden Administration is well on the way to scraping the bottom of the barrel of America's Strategic Petroleum Reserve,"" said Rep. Michael Burgess, M.D. ""Depleting our SPR, which is reserved for emergency global supply disruptions, is irresponsible and yet another political ruse to bail President Biden out from his self-inflicted energy crisis before November. The liquidation and drawdown of the SPR jeopardizes our national security. It's time for the President and his anti-American energy agenda to get out of the way so America can flip the switch and regain our energy independence.""""Under President Trump, we had energy independence. From his first day in office, Joe Biden has attacked our domestic energy production, begged other countries for oil, and has tapped into our strategic oil reserves to manipulate gas prices, said Rep. Mary Miller. ""Joe Biden and House Democrats continue to push political policies ahead of the midterm elections that put American jobs and American energy last.""Source"
energy,"Feb. 24, 2022",Rep. Weber Releases Statement on Russia's Invasion of Ukraine,Rep. Randy Weber,"Thursday, February 24, 2022. U.S. Rep. Randy Weber (TX-14) released a statement on Russia's invasion of Ukraine.""Democrats' war on energy and President Biden's strategy on relations with Russia have increased our oil prices and threatens to leave us energy dependent instead of independent.  This has emboldened Vladimir Putin to launch a full-scale armed conflict -- the likes of which we have not seen in Europe since WWII.""It is time for America to be the leader we have always been on the world stage and put an end to the policies that give Russia leverage. This includes: cancelling the Nord Stream 2 pipeline, reversing federal land drilling policy, prioritizing U.S. energy development, and coming together with our allies in the region to impose harsh sanctions.""If we fail to firmly stand with Ukraine and their people against this disgraceful attack, it won't be long before China, Iran, and North Korea will be emboldened as well.""Now is the time to be strong, stand by our allies in democracy and enact polices of long-term strength.  The world is watching.""Source"
government_budget_and_spending,"Oct. 5, 2022",Rep. Weber Joins Effort to Redirect Middle-class Audit Funding From IRS to Border Patrol,Rep. Randy Weber,"U.S. Rep. Weber (TX-14) announced that he is an original co-sponsor of the Diverting IRS Resources to the Exigent Crisis Through (DIRECT) Funds for Border Security Act. The legislation stops Biden's new IRS army from launching audits of middle-class families and instead invests those funds in additional Customs and Border Protection (CBP) agents to secure the Southern Border. This bill is led by Rep. Claudia Tenney (NY-22).As part of the partisan Inflation Reduction Act (IRA), the IRS received $45.6 billion for additional enforcement activities. Contrary to President Biden's claims, these additional audits will primarily target lower- and middle-income Americans. The IRA also failed to invest enough in the Taxpayer Advocate Service, a proven resource for enhancing the responsiveness and delivery of services to American taxpayers.  While Biden targets law-abiding American families to pay for his inflationary policy priorities, he continues to ignore the crisis on our Southern Border. Already in FY22 there have been over 2.1 million border encounters, the highest fiscal year total ever, with one month's worth of data still yet to be reported.  In less than two years, the Biden administration has already surpassed the total number of encounters during the entirety of President Barack Obama's 8 years in office.""Democrats would rather audit more hard-working Americans than prioritize the crisis at our southern border,"" said Rep. Weber. ""The American people want lower taxes, less government intrusion, and a safe and secure border. But under Joe Biden, we are getting the complete opposite. Instead, 87,000 new IRS agents will make the agency larger than the Pentagon, State Department, FBI, and Border Patrol combined. It's way past time for this administration to take a serious look at their failing border policies and reverse them. The DIRECT Funds for Border Security Act will provide CBP with the money needed to hire new agents to secure our border.""Specifically, the DIRECT Funds for Border Security Act would rescind all of the unobligated funds under the partisan Inflation Reduction Act for new IRS enforcement activities and reappropriate these funds for CBP to hire additional agents to secure the Southern Border.Source"
government_budget_and_spending,"Sept. 30, 2022","Rep. Weber Votes Against Democrats' ""Lame Duck"" Continuing Resolution",Rep. Randy Weber,"U.S. Rep. Randy Weber (TX-14) released the following statement after voting against H.R. 6833, a continuing resolution that empowers Democrats to pass a massive spending package in the upcoming lame duck session of Congress.""Here we are again with Democrats voting for a short-term spending bill because they continue to push their radical tax-and-spend agenda on the American people and neglect to perform the basic role of government,"" said Rep. Weber. ""It's time to put the shovel down and, at the very least, stop digging us further into debt, but the Democrats would rather inflict more financial burden on the American people--including our grandchildren and great-grandchildren. This bill sets the stage for a ""lame duck"" fight after the midterm elections on government out-of-control funding, giving the Democrats one final opportunity to pass their radical agenda. Not one more penny should go to the Biden administration until we address runaway inflation, the supply chain and energy crisis, the border crisis, or the opioid deaths associated with drugs like fentanyl pouring across our open southern border.""Source"
government_budget_and_spending,"Sept. 30, 2022","Rep. Weber Votes Against Democrats' ""Lame Duck"" Continuing Resolution",Rep. Randy Weber,"U.S. Rep. Randy Weber (TX-14) released the following statement after voting against H.R. 6833, a continuing resolution that empowers Democrats to pass a massive spending package in the upcoming lame duck session of Congress.""Here we are again with Democrats voting for a short-term spending bill because they continue to push their radical tax-and-spend agenda on the American people and neglect to perform the basic role of government,"" said Rep. Weber. ""It's time to put the shovel down and, at the very least, stop digging us further into debt, but the Democrats would rather inflict more financial burden on the American people--including our grandchildren and great-grandchildren. This bill sets the stage for a ""lame duck"" fight after the midterm elections on government out-of-control funding, giving the Democrats one final opportunity to pass their radical agenda. Not one more penny should go to the Biden administration until we address runaway inflation, the supply chain and energy crisis, the border crisis, or the opioid deaths associated with drugs like fentanyl pouring across our open southern border.""Source"
government_budget_and_spending,"Aug. 12, 2022",Rep. Weber Votes Against Democrats' Reckless Tax and Spending Spree,Rep. Randy Weber,"U.S. Rep. Randy Weber (TX-14) released a statement following his vote against the so-called Inflation Reduction Act.""While our country is in the middle of a recession and Americans are paying more for everyday goods, the Democrats have once again tried to spend their way out of the inflation caused by their own reckless spending,"" said Rep. Weber. ""Make no mistake: this quote-unquote Inflation Reduction Act will increase taxes on American businesses, add a new gas tax, hurt our energy companies, call for the hiring of thousands of additional IRS 'agents and auditors' to target all incomes - not just those over $400,000, and invest billions in the Left's radical Green New Deal. I voted against this monstrosity because the provisions of this bill will cause severe damage to our -- already broken -- economy and hurt Texas families. We must rein in out-of-control government spending immediately. Americans depend on it.""Source"
government_budget_and_spending,"July 14, 2022",Rep. Weber Votes for the National Defense Authorization Act,Rep. Randy Weber,"U.S. Rep. Randy Weber (TX-14) released the following statement after voting for the National Defense Authorization Act (NDAA) of 2023. The NDAA sets policy for our nation's defense and is critical for national security.""The National Defense Authorization Act (NDAA) is necessary to ensure that our military stays at the pinnacle of readiness by raising our service members' pay and providing them with the proper tools and resources to accomplish the mission,"" said Rep. Weber. ""I am proud to vote in favor of this bill, after my GOP colleagues and I fought to remove ""woke' provisions, like the unconstitutional ""Red Flag Laws,"" drafting our daughters, and the radical abortion riders. I will continue to support our armed forces in their noble effort to safeguard American citizens and our sacred allies.""The NDAA would:* Include a 4.6% pay raise for servicemembers and additional 2.4% pay bonus for enlisted personnel.* Authorize $16.5 billion for military construction and family housing, reversing President Biden's proposed cuts.* Authorize $500 million in additional housing allowances and $750 million to reduce food and other item costs at commissaries.* Establish a Servicemember Parents Bill of Rights to secure the rights of parents in their children's education at DOD schools.* Pushes back on the woke agenda by clarifying that lethality is the centerpiece of our national defense strategy and any activities that do not increase lethality are a distraction from DOD's mission.* Authorize 13 new ships and $250 million to expand and modernize our shipyards.* Fund the nuclear sea launched cruise missile (SLCM-N) that President Biden proposed to cancel and prohibits any reduction in the number of intercontinental ballistic missiles (ICBM).* Establish a National Hypersonic Initiative to accelerate development of hypersonic missiles.* Authorize over $7 billion for the Pacific Deterrence Initiative to counter China.* Require comprehensive reviews of assistance provided to Ukraine by the DOD Inspector General.* Create new incentives for servicemembers to report waste, fraud, and abuse, resulting in cost savings.* Save more than $11 billion through decommissioning and divestments of older, less capable ships and aircraft and other reforms to DOD operations.* Include a number of provisions strengthening the US-Taiwan relationship and reaffirming US support to the defense of Taiwan.* Extend the prohibition on a dishonorable discharge for servicemembers who refuse a COVID-19 vaccination.* Prohibit the implementation of the COVID vaccine mandate on DOD contractors until Congress receives a report on its impact on procurement timelines and readiness.* Fully funds the National Guard's operation and maintenance account to support a border deployment and clearly states that the border crisis is a national security issue.Source"
