topic,date,title,politician,full_text
energy,"Dec. 5, 2022",President Biden's Pro-CCP Energy Agenda Threatens our Economic and National Security,Rep. Cathy Rodgers,"House Energy and Commerce Republican Leader Cathy McMorris Rodgers (R-WA) issued the following statement in response to the Department of Commerce's recent determination that multiple solar companies with ties to China were able to circumvent U.S. tariffs.""The fact that President Biden preemptively provided a two-year exemption to companies that his own administration found evaded U.S. tariffs is deeply troubling. Since day one, President Biden has been giving China a pass. The administration has known all along that their radical rush-to-green agenda would make us dangerously dependent on China. Yet they continue to push policies that hurt Americans, hamstring our domestic energy industries--including wind and solar--and force us to rely on a country with one of the worst environmental and human rights records. It is time for President Biden to abandon his pro-CCP agenda and join Republicans in unleashing American energy production and innovation.""Source"
energy,"Oct. 31, 2022",Leader Rodgers: High Energy Costs are a Direct Result of Biden's War on American Energy,Rep. Cathy Rodgers,"House Energy and Commerce Republican Leader Cathy McMorris Rodgers (R-WA) released the following statement in response to President Biden again trying to shift blame away from his energy crisis that is making life unaffordable for American families.""Yet again, President Biden is trying to shift blame for high gas prices onto energy companies while threatening them with higher taxes--which would hurt American workers even more, further stifle production, and lead to higher energy prices. The reality is this administration has waged war on American energy since Biden's first day in office. It has made us less energy secure and resulted in everyday life being more expensive for people across the board--from the gas pump to the grocery store. Surging diesel and natural gas prices this winter will only add to the pain people are feeling. It's past time to reverse the high costs of Biden's forced energy transition by flipping the switch for more American energy production and infrastructure. Energy and Commerce Republicans remain committed to leading on solutions  to lower costs, reduce emissions, and strengthen our energy security.""Source"
energy,"Oct. 6, 2022",Rodgers Statement on Biden's Plans to Ease Sanctions on Venezuela,Rep. Cathy Rodgers,"Energy and Commerce Republican Leader Cathy McMorris Rodgers (R-WA) released the following statement regarding reports that President Joe Biden plans to lift sanctions on Venezuela rather than encouraging more American oil and gas production.""We are the world's leading producer of oil and gas, and our workers are eager to produce millions of additional barrels of oil per day to lower costs and ensure America's energy dominance. Instead, President Biden continues to turn to OPEC, Russia, Iran, China, and now Venezuela, who are all emboldened because he is shutting down American energy and ceding our global leadership to their corrupt regimes. Lifting sanctions to allow Venezuela's dictator to collect millions of dollars in revenues harkens back to President Biden's decision to waive sanctions on the Nord Stream 2 pipeline, which strengthened Putin and invited the attack on Ukraine.""We have abundant resources in America to be energy independent, secure, and to protect people quality of life. It is baffling that President Biden is making deliberate choices for America to follow Europe's dependency on foreign regimes like Russia for energy. People are being forced to ration, pay record-high prices, and prepare for a harsh winter of life-threatening energy shortages. This cannot become America's future.""Turning to Venezuela or any other dictator is not acceptable to freedom-loving Americans who are suffering already under Biden's energy and spending crises that are increasing their cost of living. It's time for the President of the United States to show some leadership, and get serious about flipping the switch for more American energy production.""Source"
energy,"Oct. 5, 2022",Leader Rodgers Statement on OPEC+ Cutting Production by 2 Million Barrels Per Day,Rep. Cathy Rodgers,"House Energy and Commerce Committee Republican Leader Cathy McMorris Rodgers (R-WA) released the following statement after OPEC+ announced it would cut oil production by 2 million barrels per day. This production cut comes after President Biden's visit to Saudi Arabia in July to ask for more oil production overseas.""President Biden's policies continue to drive the increases in gas prices that Americans will see after this production cut. His war on American energy has allowed OPEC and Russia to regain control of the global oil market. Instead of flipping the switch for more American energy production and making us energy independent again, his administration has repeatedly chosen to beg authoritarian regimes, release strategic reserves for political expediency, and surrender our energy leadership for a rush-to-green agenda. It's no longer just a war against American energy, the Biden administration is now waging a battle against American greatness. As a result, America is dangerously dependent on OPEC, Russia, and Chinese supply chains.""The hardworking people of this country are paying the price. Everything is more expensive here at home and our enemies are emboldened. President Biden must reverse course and take meaningful action to unleash American energy.""I am warning this administration to not use this as an excuse to ban American exports or further their radical energy transition. Doubling down on failed policies will only further harm our energy security and lead to more record-high prices across our entire economy.""Source"
energy,"Aug. 24, 2022",Leader Rodgers Statement on Washington's Attorney General Saying No to Energy Security,Rep. Cathy Rodgers,"House Energy and Commerce Committee Republican Leader Cathy McMorris Rodgers (R-WA) released the following statement on Washington state Attorney General Bob Ferguson's joint motion with California and Oregon to stop the Gas Transmission Northwest pipeline.""The Attorney General should not be attacking safe and reliable energy infrastructure in the Pacific Northwest. This anti-energy crusade will further weaken our economy and global energy security.""Russia's attack on Ukraine has further magnified the importance of North American energy for our allies. The lack of pipelines and LNG export facilities in the Pacific Northwest, because of these types of anti-American energy efforts, makes it almost impossible to use our clean resources to help our allies, as well as other countries in Asia and the Pacific meet their energy needs. Instead, it makes them more reliant on our adversaries.""Now is not the time to be shutting down and blocking critical energy infrastructure. I urge these attorneys general, including Attorney General Ferguson, to abandon this misguided effort. President Biden's own Department of Energy Secretary said that pipelines are the best way to transport energy. We should be building pipelines and expanding natural gas infrastructure across the country to lower costs, ensure reliable, affordable energy, lower emissions, and help our allies around the world.""Source"
energy,"July 20, 2022",Leader Rodgers Statement on Biden's Continued Failure to Address America's Energy and Inflation Crises,Rep. Cathy Rodgers,"Energy and Commerce Committee Republican Leader Cathy McMorris Rodgers (R-WA) released the following statement on President Biden's announcement concerning climate change.""The Biden Administration should work with Congress, not go around it. It was noteworthy when the Supreme Court ruled that the Obama administration acted outside its statutory authority in how it implemented the Clean Air Act. If the Biden administration is looking to take similar action with today's announcement by going around Congress, I have serious concerns.""Rather than issue threats to abuse his executive power, President Biden should abandon his war on American energy and get to work with Congress to fix the problems he's created including raging inflation, broken supply chains, and looming energy blackouts. His agenda on unreliable and unaffordable energy is making life difficult for the hardworking people of this country.""America has led the world to raise people's standard of living and reduce carbon emissions with a strategy that celebrates American energy abundance and technological innovation. That's why President Biden should be flipping the switch on our domestic energy production, not shutting it down.""Source"
energy,"June 22, 2022",Leader Rodgers Calls for President Biden to Abandon His War on American Energy,Rep. Cathy Rodgers,"Energy and Commerce Committee Republican Leader Cathy McMorris Rodgers (R-WA) delivered remarks in today's Energy Subcommittee legislative hearing on several bills and urged the committee to work to lower surging energy costs on American families.Excerpts and highlights from her prepared remarks:NEED TO ABANDON BIDEN'S WAR ON AMERICAN ENERGY""The need for President Biden to abandon his war on American energy is becoming more urgent by the day.""People can't afford to fill up their gas tanks.""Natural gas prices are surging, and because energy is foundational to every part of our lives, everything is more expensive, especially food.""We must flip the switch on American oil and gas production to make life affordable again.""This is clear to every American family as they confront record inflation and energy prices, declining electric reliability, blackout threats, and looming energy security threats from Russia's war on Ukraine.""It's clear to domestic energy producers, manufacturers, and innovators as they struggle to attract capital to build and overcome permitting challenges, regulatory uncertainty, and China-controlled supply chains.""To lower costs, President Biden must focus on removing the barriers to an American energy and economic resurgence.""Tapping the Strategic Petroleum Reserve hasn't worked.""A gas tax holiday will be ineffective and would undermine funding to infrastructure projects for road safety.""More government spending has fueled the inflation crisis.""And asking foreign dictators for more oil like in Saudi Arabia, further weakens our security and prosperity.""To secure our energy dominance and lower prices, the President must abandon this agenda that has led to his worsening energy crisis since Day 1.""He must embrace policies that encourage investments in durable American energy and fuel the supply of goods and services into our economy.""It means growing our tremendous energy systems, not dismantling them with radical, rush-to-green policies that stifle innovation, undermine security, and raise energy costs.""This should guide how we evaluate proposals concerning energy efficiency, energy infrastructure, and energy security.""NEEDING TO HEAR FROM THE DOE""Today's hearing considers six bills, on different policy topics; the common connection among them is the Department of Energy (DOE).""Unfortunately, DOE is not here, and we will not be able to question DOE officials on these bills and the programs they address.""I'm hopeful we'll have a chance soon. In the meantime, I welcome the opportunity for members to ask questions to stakeholders and other experts here today.""SECURING CRITICAL MINERAL SUPPLIES""I'm pleased to see included Fred Upton's H.R, 1599, Securing America's Critical Minerals Supply Act, which is part of our Securing Cleaner American Energy Agenda.""This bill establishes a Cabinet-level focus on identifying the critical energy resources necessary to the development and supply of energy in America.""This includes an assessment of supply chains across all energy systems in the United States -- a critical way to identify and reform policies that would otherwise drive dependency on China.""While much more must be done to strengthen energy security, establishing this function at DOE makes sense.""It updates the Department's historic role to assure reliable supplies of energy, to enable energy security.""WARNING OF NEW SPENDING AND MANDATES""Regarding the other bills before us today, H.R. 8053 expands coverage of DOE's work to secure critical defense electric infrastructure to all fifty states.""This sounds like a positive path forward; but the bill goes farther with additional contracting authorities for DOE and more needs to be understood on that front.""With this and some of the other bills, we have questions about implementation that we are pursuing today.""There are expansions of federal programs that seem unrelated to the needed reset of our energy policies.""For example, H.R. 7947 would create a new $450 million DOE program to prepare homes for weatherization, on top of existing programs.""Yet, the weatherization program was just reauthorized, on a bi-partisan basis, two years ago.""What is more, through the infrastructure law, Congress just appropriated $3.5 billion in additional spending on this program -- far above what we authorized in 2020.""So now it appears DOE can't spend the money appropriated and needs a new, duplicative program and more funding.""This deserves scrutiny. With record high inflation, should the federal government be paying to essentially flip houses on the taxpayer's dime?""We also are concerned with mandates in H.R. 7962. This bill addresses water heater energy efficiency standards, but also requires DOE to examine demand side management mandates.""This is far reaching and may place control of your water heater in the hands of utilities or other third parties.""There are huge implications to this that we must question.""Overall, I look forward to our witness testimony this morning.""Welcome to both Ben Lieberman -- a former Committee staffer -- and Lou Pugliaresi back to the Committee.""I look forward to your insights on what is needed to reset our economic and energy policy, and to ensure an energy and economic resurgence in America.""Source"
energy,"June 11, 2022",Leader Rodgers Criticizes Biden's Expensive Energy Policies,Rep. Cathy Rodgers,"Energy and Commerce Committee Republican Leader Cathy McMorris Rodgers (R-WA) blasted President Biden's disastrous energy policies that have now allowed gas prices to reach a national average of $5 a gallon for the first time ever.""The national average for a gallon of gas just hit $5 because of President Biden's war on American energy. This unaffordable pain at the pump is hurting everyone and making the inflation crisis worse across our entire economy.""The administration must act with urgency to lower costs and provide reliable energy, especially with the threat of summer blackouts coming. Imagine being that parent who can't afford their gas to drive hours to find baby formula. They are worried about being able to feed their baby, and then their lights and air conditioning won't come on. This is extremely dangerous and life threatening. However, it's a terrifying reality in America today because President Biden's energy crisis is hurting our way of life.""To lower costs and end this crisis, the administration must flip the switch for more American energy production with solutions like the American Energy Independence from Russia Act. How expensive will gas prices need to get for President Biden to say ""yes' to American leadership that unleashes our abundant energy resources and technological innovation? This is how we raise people's standard of living, ensure a more secure future for all, and provide relief the hardworking men and women of this country desperately need.""Source"
energy,"June 9, 2022","McMorris Rodgers Secures Wins to Protect Lower Snake River Dams, Advance Columbia River Treaty Negotiations",Rep. Cathy Rodgers,"Eastern Washington Congresswoman Cathy McMorris Rodgers (WA-05) helped pass the Water Resources Development Act (WRDA) of 2022 last night, which included critical language she requested to help protect the Lower Snake River dams and create an even playing field for Pacific Northwest Ratepayers as Columbia River Treaty negotiations proceed.""Salmon and dams can--and do--co-exist. Study after study has shown the critical benefits the Lower Snake River dams provide to our region: affordable and reliable hydropower, low-emissions transportation of goods, and irrigation for farmers in Washington who feed the world,"" said Rodgers. ""Of the 13 endangered salmon and steelhead species in the Columbia River Basin, only four travel the length of the Columbia River and through the Lower Snake River dams. It's time for all stakeholders to come together and recognize that recovering endangered salmon is going to take smart investments in habitat restoration, fish passage in blocked areas, better management of predators, and a clear understanding of what is happening to fish in the ocean. I'm hopeful the Columbia River Basin Trust can help put us on a better path.""""Ratepayers in Eastern Washington have subsidized the hydropower the United States sends to Canada for far too long,"" she continued. ""With the flood control provisions of the Columbia River Treaty set to expire in less than two years, it is critical that we position ourselves to mitigate flood risks with our own infrastructure. Ratepayers in Washington cannot continue to be held hostage, which is why it is so important to give the Army Corps the tools it needs to ensure we can meet our flood control needs without relying on Canada. I'm grateful to Chairman DeFazio for recognizing the urgency of this situation and working with me to develop this solution.""McMorris Rodgers secured the following wins in the House-passed version of the Water Resources Development Act of 2022:Establishing the Columbia River Basin Trust and Task Force, Protecting the Lower Snake River DamsThis provision establishes the Columbia River Basin Trust and Task Force, which is made up of stakeholders that have an interest in endangered salmon and the benefits of the Columbia River System.  After receiving a report from the Army Corps of Engineers on the river system, the task force would develop a restoration plan for the Columbia River Basin to help inform federal investments aimed at restoring endangered salmon, while preserving the critical power, navigation, and irrigation benefits of the dams across the system. This provision expressly prohibits the Army Corps from taking action to breach the Lower Snake River dams.Prioritizing Columbia River Treaty NegotiationsThis provision prioritizes Columbia River Treaty negotiations by evaluating how U.S. infrastructure can mitigate flood risks once the flood control provisions of the treaty expire. Specifically, it authorizes the Army Corps to study the feasibility of a project for flood risk management in the Columbia River Basin. It also authorizes funding should the U.S. require ""call when needed"" flood control from Canada.NOTE: Last June, Rodgers and DeFazio led a bipartisan, bicameral letter to President Biden urging his administration to prioritize the renegotiation of the Columbia River Treaty and to provide regular, substantive updates to Congress on the status of its modernization. In March 2022, Rodgers also urged the House Transportation and Infrastructure Committee to protect the Lower Snake River dams and prioritize the re-negotiation of the Columbia River Treaty as part of the Water Resources Development Act of 2022.The Water Resources Development Act is the biannual bill to address water resources infrastructure funding, as well as Army Corps of Engineers projects for navigation, flood damage reduction, and ecosystem restoration. It is now expected to go to the House floor for a vote.Source"
energy,"June 7, 2022","Leader Rodgers Questions Pro-China, Anti-American Energy Actions by the Biden Administration",Rep. Cathy Rodgers,"House Energy and Commerce Committee Republican Leader Cathy McMorris Rodgers (R-WA) released the following statement on President Biden's decision to exempt tariffs for solar panels from certain Asian countries, along with the administration's announced use of the Defense Production Act (DPA) to push its rush-to-green agenda, all of which will make the United States even more dependent upon Chinese supply chains.""President Biden is undermining the ongoing investigation by the Department of Commerce into allegations that Chinese solar companies are circumventing lawfully imposed trade penalties on Chinese solar panels. The Biden administration's announcement amounts to a two-year amnesty for the Chinese Communist Party for any violations of our trade laws relating to solar panel imports. This action will help China, and harm American solar panel manufacturers and American workers.""The Biden Administration's expansive use of emergency authorities under the DPA is less about strengthening national security and more about subsidizing an anti-American energy resource agenda, that will undermine the affordable, reliable energy we need for a secure future.""America needs to flip the switch on American energy and secure our energy resources. Rather than emboldening China and shutting down American resources, President Biden should be prioritizing America's vast energy and critical mineral resources to lower prices and secure our supply chains.""Source"
energy,"June 6, 2022","Letter to Jennifer Granholm, Secretary of Energy - Blackouts are Coming. Republicans Call for Biden's Plan as His Energy Crisis Heightens Safety Threat.",Rep. Cathy Rodgers,Only available in PDF format; please use source to view documentSource
energy,"June 6, 2022",Leader Rodgers Statement on the Decision of OPEC and Russia to Increase Oil Production,Rep. Cathy Rodgers,"House Energy and Commerce Committee Republican Leader Cathy McMorris Rodgers (R-WA) released the following statement on the Biden administration welcoming the decision of OPEC and Russia to increase their production of oil, ahead of an expected visit to Saudi Arabia by President Biden.""The Biden administration praising OPEC+, which includes Russia, is an insult to Americans who are still suffering from record high gas prices. If President Biden were serious about lowering prices for Americans and backing up sanctions on Russia, he would reverse his war on American energy and allow American workers to produce millions of additional barrels of oil per day, rather than relying on foreign dictators to call the shots.""We need to flip the switch here at home and pass legislation such as the American Energy Independence from Russia Act, which will unleash domestic energy production, build more pipelines, remove restrictions on LNG exports, and restart oil and gas leasing on federal lands and offshore waters.""Source"
energy,"May 17, 2022",Leader Rodgers Statement on President Biden Easing Energy Sanctions on Venezuela,Rep. Cathy Rodgers,"House Energy and Commerce Committee Republican Leader Cathy McMorris Rodgers (R-WA) released the following statement on the Biden administration easing energy sanctions on Venezuela.""I strongly oppose the Biden Administration's move to ease sanctions on Venezuela as its corrupt socialist government continues to undermine America's national security. We did not need to import oil from Russia, and we do not need to turn to Venezuela now. The United States is the world's leading producer of oil and gas, and American workers are eager to produce millions of additional barrels of oil per day.""We continue to call on Democrats to support the American Energy Independence from Russia Act. Many have recognized the need to increase American production. But actions speak louder than words. Unfortunately in the last week alone, Democrats blocked this bill for the sixth time, supported canceling oil leases in Alaska and the Gulf of Mexico, and lurched to a socialist price fixing scheme for gas that will make Biden's energy crisis worse. Just like in the 1970s, this will make us even more dangerously dependent on foreign oil produced by authoritarian countries like Venezuela, Russia, and Iran.""To win the future, it's time to unleash American energy. That's how we restore security, prosperity, and optimism to the hardworking people of this country again.""Source"
energy,"May 12, 2022","McMorris Rodgers Calls for Unleashing Hydropower, Protecting Dams",Rep. Cathy Rodgers,"Eastern Washington Congresswoman Cathy McMorris Rodgers (WA-05) called for the unleashing of hydropower's full potential in her remarks before the Energy Subcommittee today.Excerpts and highlight from her prepared remarks:HYDROPOWER IS VITAL FOR A SECURE ENERGY FUTURE""In the Pacific Northwest, we are blessed with abundant, affordable, and clean hydroelectric power. Hydropower has served our industrial backbone in Washington state for 80 years and now promises to serve an innovative future, ensuring a reliable, secure energy system for many decades to come.""I have heard from companies like Diamond Foundry and Sila, who are locating their facilities in Washington state -- and a big reason why is our affordable, reliable hydropower. This is all possible because unlike weather-dependent wind and solar sources, hydropower provides the firm and dispatchable energy that is vital for a reliable, resilient electric supply.""HYDROPOWER'S GREAT POTENTIAL""At present, hydropower generation accounts for over 6% of U.S. electricity generation, and almost 40% of the nation's renewable generation.""A Department of Energy report found that U.S. hydropower production could increase 50 percent above current levels by 2050 from upgrading existing hydropower facilities and adding generation capacity to non-powered dams.""Only 3 percent of the 90,000 dams in the United States produce electricity. There is great potential for new hydropower generation.""PROTECTING OUR DAMS""Yet we must confront challenges. For example, many federal dams in my state and around the country have been in service for decades, and while they can safely operate for many years to come, radical environmental activists are calling for dam removal.""Communities with critical energy resources, like the Lower Snake River Dams operated by the Army Corps of Engineers, face calls to dismantle these clean energy sources for the sake of agendas that fail to prioritize reliable delivery of power for people.""When these agendas undermine affordable, reliable delivery of energy and power, serious harms to public health and safety can follow.""UPDATING AND STRENGTHENING HYDROPOWER LICENSING""The first step involves continued Committee oversight and work to update the licensing and relicensing process overseen by the Federal Energy Regulatory Commission, under the Federal Power Act.""FERC regulates non-federal hydropower projects, which include about 2,500 dams and account for about one half the hydropower generation in the nation.""Previous work by Energy and Commerce led to the enactment of some bipartisan reforms into law in 2018. These included provisions to modernize hydropower development at existing nonpowered dams and to expedite licensing for pumped storage and other innovative technologies.""More work is needed. The licensing process for traditional hydropower continues to take considerable time and expense. A recent DOE report found it takes an average of 5 years to obtain an original license, 7.6 years for relicensing, and some complex projects can take more than a decade.""At the same time, the number of existing hydropower projects that will require Federal relicensing is set to double in the coming decade.""ADVANCING THE COMMITTEE'S BIPARTISAN RECORD OF REFORMS""In 2017, the House came together and passed my legislation to improve the process with strong bipartisan support. While we made good progress with the Senate, we didn't get it across the finish line.""We should conduct oversight of recent reforms and continue our work to strengthen licensing and remove unnecessary barriers to hydropower technologies. My updated Hydropower Clean Energy Future Act (H.R. 1588) provides the path to continued reforms and I look forward to working with my colleagues to advance this through Committee.""In the meantime, any discussion of licensing reform is a step in the right direction, so I welcome today's hearing to review the Uncommon Dialogue proposal and applaud the participants' desire to work on hydropower licensing reforms.""CONCERNS WITH THE UNCOMMON DIALOGUE""However, we should proceed carefully, deliberately. The Uncommon Dialogue proposal includes new requirements for climate modeling, expanded environmental reviews, embracing off-site environmental mitigation, and dam removal.""It includes changes in the statutory relationship, with far reaching implications, between the Department of the Interior and the Tribes concerning mandatory conditions for licensing. It includes new licensing terms which could have broad unintended impacts across all types of infrastructure permitting and spurn litigation.""We need to hear from FERC and the resource agencies, to understand the impacts of these proposals. We in Congress must be careful not to attempt to fix problems by layering on more bureaucracy or by encouraging more lawsuits.""Source"
energy,"May 12, 2022",Leader Rodgers Statement on Biden Administration Blocking American Energy Again With Cancelation of American Oil Leases,Rep. Cathy Rodgers,"House Energy and Commerce Committee Republican Leader Cathy McMorris Rodgers (R-WA) released the following statement on the Biden administration canceling oil leases in Alaska and the Gulf of Mexico.""President Biden is continuing his war on American energy by canceling these leases and making it harder for us to produce energy at home. Gasoline is already at record high prices, with the national average price at $4.42 a gallon. He must end this pain for Americans who are already hurting from his inflation crisis and seeing the cost of everything go up.""Democrats' attempt to shift blame from President Biden's energy crisis by calling it ""price gouging' or blaming it on Putin won't work. The American people see right through this excuse, especially when the administration continues to shut down American energy like canceling these leases in Alaska and the Gulf of Mexico.""Democrats should join Republicans in supporting the American Energy Independence from Russia Act, which they've blocked five times. We need this bill to pass so we can unleash domestic energy production, build more pipelines, remove restrictions on LNG exports, and restart oil and gas leasing on federal lands and offshore waters.""Source"
energy,"May 12, 2022",Leader Rodgers Calls for Hydropower to Be Properly Utilized,Rep. Cathy Rodgers,"Energy and Commerce Committee Republican Leader Cathy McMorris Rodgers (R-WA) delivered remarks in today's Energy Subcommittee hearing on hydropower.Excerpts and highlights from her prepared remarks:HYDROPOWER IS VITAL FOR A SECURE ENERGY FUTURE""In the Pacific Northwest, we are blessed with abundant, affordable, and clean hydroelectric power.""Hydropower has served our industrial backbone in Washington state for 80 years and now promises to serve an innovative future, ensuring a reliable, secure energy system for many decades to come.""I have heard from companies like Diamond Foundry and Sila, who are locating their facilities in Washington state -- and a big reason why is our affordable, reliable hydropower.""This is all possible because unlike weather-dependent wind and solar sources, hydropower provides the firm and dispatchable energy that is vital for a reliable, resilient electric supply.""HYDROPOWER'S GREAT POTENTIAL""At present, hydropower generation accounts for over 6% of U.S. electricity generation, and almost 40% of the nation's renewable generation.""A Department of Energy report found that U.S. hydropower production could increase 50 percent above current levels by 2050 from upgrading existing hydropower facilities and adding generation capacity to non-powered dams.""Only 3 percent of the 90,000 dams in the United States produce electricity.""There is great potential for new hydropower generation.""PROTECTING OUR DAMS""Yet we must confront challenges. For example, many federal dams in my state and around the country have been in service for decades, and while they can safely operate for many years to come, radical environmental activists are calling for dam removal.""Communities with critical energy resources, like the Lower Snake River Dams operated by the Army Corps of Engineers, face calls to dismantle these clean energy sources for the sake of agendas that fail to prioritize reliable delivery of power for people.""When these agendas undermine affordable, reliable delivery of energy and power, serious harms to public health and safety can follow.""UPDATING AND STRENGTHENING HYDROPOWER LICENSING""The first step involves continued Committee oversight and work to update the licensing and relicensing process overseen by the Federal Energy Regulatory Commission, under the Federal Power Act.""FERC regulates non-federal hydropower projects, which include about 2,500 dams and account for about one half the hydropower generation in the nation.""Previous work by Energy and Commerce led to the enactment of some bipartisan reforms into law in 2018.""These included provisions to modernize hydropower development at existing nonpowered dams and to expedite licensing for pumped storage and other innovative technologies.""More work is needed. The licensing process for traditional hydropower continues to take considerable time and expense.""A recent DOE report found it takes an average of 5 years to obtain an original license, 7.6 years for relicensing, and some complex projects can take more than a decade.""At the same time, the number of existing hydropower projects that will require Federal relicensing is set to double in the coming decade.""ADVANCING THE COMMITTEE'S BIPARTISAN RECORD OF REFORMS""In 2017, the House came together and passed my legislation to improve the process with strong bipartisan support. While we made good progress with the Senate, we didn't get it across the finish line.""We should conduct oversight of recent reforms and continue our work to strengthen licensing and remove unnecessary barriers to hydropower technologies.""My updated Hydropower Clean Energy Future Act (H.R. 1588) provides the path to continued reforms and I look forward to working with my colleagues to advance this through Committee.""In the meantime, any discussion of licensing reform is a step in the right direction, so I welcome today's hearing to review the Uncommon Dialogue proposal and applaud the participants' desire to work on hydropower licensing reforms.""CONCERNS WITH THE UNCOMMON DIALOGUE""However, we should proceed carefully, deliberately.""The Uncommon Dialogue proposal includes new requirements for climate modeling, expanded environmental reviews, embracing off-site environmental mitigation, and dam removal.""It includes changes in the statutory relationship, with far reaching implications, between the Department of the Interior and the Tribes concerning mandatory conditions for licensing.""It includes new licensing terms which could have broad unintended impacts across all types of infrastructure permitting and spurn litigation.""We need to hear from FERC and the resource agencies, to understand the impacts of these proposals.""We in Congress must be careful not to attempt to fix problems by layering on more bureaucracy or by encouraging more lawsuits.""Source"
energy,"May 10, 2022",Leader Rodgers Statement on Record High Gas Prices Hurting Americans,Rep. Cathy Rodgers,"House Energy and Commerce Committee Republican Leader Cathy McMorris Rodgers (R-WA) released the following statement on the record high gas prices facing Americans.""The American people cannot continue to bear the costs of President Biden's war on American energy. The average price of gasoline is now at $4.37 a gallon. This makes everything more expensive -- food, diapers, air fare, heating our homes, buying a car, and much more. The American people know this isn't price gouging or Putin's price hike. It's been the Biden price hike since the day he took office.""We must flip the switch on American energy production to reverse the damage of Biden's energy and inflation crisis. I urge President Biden to join Energy and Commerce Committee Republicans on our agenda to secure cleaner American energy by saying ""yes' to flipping the switch on domestic production of cleaner oil and natural gas. I also call on my Democratic colleagues in Congress to join us in passing the American Energy Independence from Russia Act, which they've blocked five times. This bill would unleash domestic energy production, approve the necessary pipelines, remove restrictions on LNG exports, and restart oil and gas leasing on federal lands and offshore waters.""Source"
energy,"April 28, 2022","Leader Rodgers Urges Sec. Granholm to Say ""Yes' to American Energy and Lower Costs",Rep. Cathy Rodgers,"Energy and Commerce Committee Republican Leader Cathy McMorris Rodgers (R-WA) delivered remarks in today's Energy Subcommittee hearing with Secretary of Energy Jennifer Granholm for the Department of Energy's Fiscal Year 2023 budget.Excerpts and highlights from her prepared remarks:PRESIDENT BIDEN'S ENERGY CRISIS""Energy is foundational to everything we do.""Because of President Biden's energy crisis, everything is more expensive -- gas, food, diapers, air fare, heating our homes, buying a car, and much more.""Inflation now costs Americans $5,000 a year on average.""Families across Eastern Washington are telling me groceries have doubled.""Gas prices are causing some of the greatest harm.""Gas is more than $4 dollars a gallon because of the administration's actions to undermine our energy independence.""My Democratic colleagues are doubling down on their blatant blame shifting for political cover by unveiling a bill to give the Federal Trade Commission more authority to go after price gouging.'""The American people know this isn't price gouging or Putin's price hike, it's a Biden price hike since the day he took office.""ABUNDANCE, NOT SCARCITY""We must flip the switch for more domestic energy production.""It is how we lower costs, ensure reliability, and strengthen our security and geopolitical power, too.""Russia's immoral and brutal war in Ukraine and Europe's energy crises prove all that is at stake.""Because of Europe's rush-to-green and reliance on Russian energy, citizens are being asked to cut consumption and turn their lights off.""Scarcity is Europe's answer.""This can't be America's future.""Our energy abundance is how we should lead, keep the lights on, lower costs, and fight Putin's war chest and counter Communist China.""Our path cannot be to weaken American leadership by receding from world energy markets and dismantling our tremendous energy systems. Yet, that's what we are seeing.""THE RUSH TO GREEN'S HARMFUL EFFECTS ON SECURITY""This administration's rush-to-green agenda has raised costs and emboldened our adversaries like Putin and the Chinese Communist Party.""President Biden canceled Keystone on Day 1 but greenlighted Putin's Nord Stream 2 pipeline.""His rush to electric vehicles makes us reliant on China.""He imposed a moratorium on energy development on federal lands, and slow-walked permits for much-needed energy infrastructure projects.""U.S. oil production has fallen by more than 1.5 million barrels per day since peaking at 13 million barrels per day in 2020.""Secretary Granholm said yesterday that, ""Perhaps renewable energy is the greatest peace plan this world will ever know.'""I cannot overstate how dangerous I believe this statement is for our energy security, our national security, our future as Americans.""Has this administration failed to learn anything from Europe?""WE CAN FLIP THE SWITCH TO LOWER COSTS""We need a course reversal.""President Biden must reverse his war on American energy.""We urge our Democratic colleagues to join us on our agenda to secure cleaner American energy.""We can say ""yes' to flipping the switch on domestic production of cleaner oil and natural gas.""We can say ""yes' to the American Energy Independence from Russia Act.""We can say ""yes' to advanced nuclear and new nuclear fuels, by fostering new domestic markets and supply, and by lifting regulations.""We can say ""yes' to innovation that will lead to abundant, affordable, and clean energy.""SECURING A NUCLEAR FUTURE""DOE was formed to advance the nuclear security missions of the Cold War and later organized to confront the energy security needs created by the 1970s energy crisis.""These missions still matter, more than ever but this administration has strayed from them in pursuit of appeasing the ideological Left and radical environmentalists.""DOE continues to maintain the nation's nuclear deterrent. It serves central roles in international nuclear security and powers the nuclear navy.""A well-managed DOE enterprise produces amazing benefits.""THE REALITY OF BIDEN'S WAR ON AMERICAN ENERGY""To close, I want to emphasize again why we need to flip the switch and boost our energy production.""Last year in your budget hearing, we warned about the consequences of the administration's war on American energy.""Today, these consequences are our reality.""Rising gas prices, an emboldened Russia, a reliance on Chinese supply chains, and weakened security.""The Biden administration must abandon this dangerous and radical agenda.""Secretary Granholm, you must restore the core mission on security -- both national and economic.""It's urgent.""Let's celebrate and utilize our energy abundance. Not shut it down.""Let's lead a new era of American leadership, not accept a decline on the backs of hardworking Americans by ceding our security to Russia and China.""Source"
energy,"April 27, 2022","Letter to Jennifer Granholm, Secretary of Energy - Rodgers & Upton Call on DOE Secretary Granholm to Secure America's Nuclear Energy",Rep. Cathy Rodgers,Only available in PDF format; please use source to view documentSource
energy,"April 12, 2022","Leader Rodgers: For Energy Security & Lower Prices, We Must Flip the Switch",Rep. Cathy Rodgers,"House Energy and Commerce Committee Republican Leader Cathy McMorris Rodgers (R-WA) released the following statement on the Biden administration issuing a national waiver for E15 gasoline to be used this summer.""While biofuels are an important part of our fuel mix, let's be clear-eyed about what this announcement is. It's another temporary attempt that distracts from the energy, inflation, and supply chain crises this administration's policies helped create. Just like the announcement to draw down our Strategic Petroleum Reserve until close to election day, it's not been the President's priority to lower gas prices in the long term.""Let's pull people back from this price cliff and work to pass long-term, bipartisan solutions that promote affordable energy, innovation, and a plentiful and diverse fuel supply for all of America. The answer is to flip the switch for more domestic production and energy infrastructure here at home. Let's say ""yes' to American energy to deliver the affordability and reliability that people need.""Source"
energy,"March 31, 2022",Leader Rodgers: SPR Release Will Not Alleviate the Pain at the Pump. We Must Flip the Switch ON American Energy.,Rep. Cathy Rodgers,"House Energy and Commerce Committee Republican Leader Cathy McMorris Rodgers (R-WA) released the following statement on President Biden's expected announcement to release oil from the Strategic Petroleum Reserve (SPR).""Under President Biden's leadership, America's domestic energy production has declined by more than 1.5 million barrels per day, due in part to the anti-fossil fuel regulatory agenda waged by the administration. Now that gas prices are surging out of control, President Biden is pulling an election-year move by releasing oil from our strategic stockpile.""President Biden should let American energy workers get back to work and unleash the vast reserves of oil and gas under our feet. America is the world's leading producer of oil and gas in the world, and we should act like it.""The administration needs to provide an energy security plan that includes how it plans to replace oil drawn down from the SPR. Does the administration just plan to begin buying Russian oil and asking dictators again? The answer is to flip the switch for more domestic production here in America. That's why I'm leading on the American Energy Independence from Russia Act, which would unleash America's oil and natural gas production. Let's say ""yes' to American energy to deliver the affordability and reliability that people need.""Source"
energy,"March 25, 2022",Leader Rodgers Statement on Biden Administration Announcement for LNG Partnership with Europe,Rep. Cathy Rodgers,"House Energy and Commerce Committee Republican Leader Cathy McMorris Rodgers (R-WA) released the following statement after the Biden administration announced a partnership with the European Union to increase American exports of liquified natural gas (LNG) to Europe.""I agree America must lead to reduce Europe's reliance on Russian natural gas. The administration must do more. Rather than maintain the existing regulatory environment, let's flip the switch on American domestic energy production and supply.""I continue to urge President Biden to lift the oil and natural gas drilling moratorium on federal lands and waters, approve permits for pipelines and LNG export facilities, and end the regulatory uncertainty that is keeping our vast energy resources in the ground.""Unleashing American energy production today will strengthen our geopolitical power and help our allies diversify away from Russian supplies. We must come together around strong American leadership so Vladimir Putin can never again hold the world hostage over energy.""Source"
energy,"March 24, 2022",Leader Rodgers Urges FERC to Flip the Switch to Unleash American Energy,Rep. Cathy Rodgers,"House Energy and Commerce Committee Republican Leader Cathy McMorris Rodgers (R-WA) released the following statement after the Federal Energy Regulatory Commission (FERC) meeting today where the Commission walked back its controversial natural gas policy statements.""FERC's decision to set aside its past statements is a step in the right direction. Over the last year at FERC there has been substantial regulatory uncertainty, which has prevented important energy infrastructure upgrades. As a result of FERC's inaction, more than a dozen natural gas pipeline projects and at least six LNG-related applications have been unnecessarily delayed. This has increased energy prices for American consumers and undermined our ability to help Europe reduce its reliance on Russian natural gas.""Chairman Glick should abandon his political agenda and work with his fellow commissioners to immediately approve all pending natural gas permits that have been unnecessarily delayed by this bureaucratic review process. Let's focus on flipping the switch for more American energy. Many of the pending applications are routine and require no additional review. Approving them will help create jobs, lower energy costs, and help our allies diversify away from Russian supplies to stop funding Putin's war chest.""Source"
energy,"March 9, 2022",Leader Rodgers Statement on Russian Import Ban and the Urgent Need to Boost American Energy,Rep. Cathy Rodgers,"House Energy and Commerce Committee Republican Leader Cathy McMorris Rodgers (R-WA) released the following statement today after the House of Representatives voted on an import ban on Russian oil that fails simultaneously to increase American oil and gas energy and exports. This followed Democrats again blocking her legislation, the American Energy Independence from Russia Act, which would flip the switch on domestic energy production and lower energy prices here at home.""America shouldn't be reliant on a single barrel of oil from Russia. That's why I support sanctions and banning Russian energy imports to shut down Vladimir Putin's war chest. I've been very clear that any bill to ban imports that doesn't flip the switch on American energy is incomplete. There's more work to do. America must lead by boosting our energy production to replace Russian oil. It is vital to help our allies in Europe, protect our economy, lower gas prices, and stabilize global markets. As long as President Biden and Congressional Democrats ignore this important piece, they will continue to own the increased prices Americans will keep facing at the pump.""Today, the People's House should have also taken unified action on the American Energy Independence from Russia Act to send a clear message that President Biden has the ability to unleash American oil and natural gas. He shouldn't be asking foreign murderous dictators and authoritarian regimes for more oil to bail us out. Unfortunately, Democrats again blocked this bill so they can continue to shift the blame onto Putin for how their radical anti-American energy agenda is raising gas prices on the American people.""Source"
energy,"March 8, 2022",Leader Rodgers Remarks on President's Expected Ban on Russian Oil,Rep. Cathy Rodgers,"Energy and Commerce Committee Republican Leader Cathy McMorris Rodgers (R-WA) delivered remarks in today's Energy Subcommittee hearing on how President Biden's energy policies have weakened America's national security, raised costs on families, and emboldened Russia.Excerpts and highlights from her prepared remarks:ON BANNING RUSSIAN OIL""With no end in sight, we have been watching the innocent bloodshed spilled in Ukraine.""Putin's evil attack on freedom-loving people is becoming more brutal and brazen by the day.""I want to first address President Biden's expected announcement to ban Russian energy imports. We should not be buying a single barrel of oil from Russia.""But I want to be very clear. Any import ban on Russian oil that fails to flip the switch on American energy is incomplete.""To lower energy costs here at home, Democrats must stop blocking the American Energy Independence from Russia Act.""ENERGY SECURITY IS NATIONAL SECURITY""This is a pivotal moment in our nation's history.""For a prosperous future, we must strengthen our security, not weaken it.""Republicans have been crystal clear on this--especially since Day 1 when President Biden canceled the Keystone XL pipeline.""President Biden needs to work with us to restore American energy dominance, lower prices, and use our abundant energy resources and technologies to help Ukraine and Europe fight back.""Our allies should not have to depend on energy from regimes that attack freedom, nor should Americans.""RELYING ON DICTATORS FOR ENERGY""We are facing the greatest military and economic crisis in Europe since World War II.""Putin is using his energy resources as a weapon against the West.""Europe's dependence on Russian oil and gas is the cautionary tale on how this crisis happened.""Instead of focusing on how American energy can be used to counter authoritarian countries, Democrats are doubling down on their war to shut down American energy.""These are the same policies that weakened Europe, raised energy prices to historic highs, and emboldened Putin to exploit their dependence on Russian energy.""Meanwhile, the Biden administration is going hat-in-hand to other dictatorships and human rights abusers begging them for more oil.""It is a disgrace.""Today, we should be focused on American energy security and how we can be aiding our allies by producing more oil and natural gas and increasing LNG exports.""Instead, the topic today is on forcing electric vehicles, which will increase our dependence on another authoritarian regime, China.""In many ways EVs promise to be a leading edge--to the extent they take hold in the market--to new innovations in vehicle technologies, including in autonomous vehicles.""However, the Democrats' government command and control approach to EVs is central to the radical left's agenda to dismantle America's tremendous energy systems.""These systems are foundational for our prosperity and the security the world needs today.""We cannot avert our eyes from the risks of handing our energy dominance to dictators.""EUROPE IS A WARNING SIGN, NOT A ROLE MODEL""We shouldn't be giving Putin what he wants.""When European countries dismantled their energy systems and curtailed fracking, it played right into Putin's hands.""When I visited Ukraine in 2015, NATO officials warned me and members of this committee that Putin was funding the anti-fracking campaigns of environmental NGOs.""We are now seeing the results of Putin's successful campaign to kill European energy.""This should be a wake-up call for every politician and policymaker.""There are similar reports about Russian influence among NGOs in America, and E&C Republicans will open an investigation this week to expose any attempt by Russia to use NGOs to weaken American energy.""It's a mistake to double down on dangerous policies that will increase energy costs, weaken our security, and make us even more beholden to authoritarian regimes. Today, it's Russia invading Ukraine and killing innocent people.""Tomorrow we could be facing a similar invasion of Taiwan by China who holds way more economic sway with the rest of the world.""SECURING OUR ENERGY FUTURE""It is not too late for us to reverse course.""We must come together and say ""No' to Putin and Communist China, and ""yes' to American energy.""We can say ""yes' to flipping the switch on domestic production of oil and cleaner American natural gas.""We can say ""yes' to advanced nuclear by removing burdensome and costly regulations.""We can say ""yes' to innovation for abundant, cheap, and clean energy for us and the rest of the free world.""With an all-the-above strategy, we can again say ""yes' to America's global leadership in reducing emissions and producing clean, affordable, and reliable energy for the world.""It's not too late. We still have time to learn from the Europe's mistakes.""This is an urgent time to wake up to the plain, clear lessons of the Putin's invasion in Ukraine.""We should embrace the path to a cleaner future by building on the success of our energy systems and energy supplies, not dismantling them.""I urge my friends in the Democratic party to abandon this dangerous rush to green and join us in unleashing American energy and prosperity.""Source"
finance_and_banking,"Oct. 7, 2022","Letter to Lloyd Austin, Secretary of Defense - McMorris Rodgers Urges Secretary of Defense to Raise Basic Allowance for Housing",Rep. Cathy Rodgers,Only available in PDF format; please use source to view documentSource
finance_and_banking,"Aug. 24, 2022",McMorris Rodgers Statement on President Biden's Student Loan Giveaway,Rep. Cathy Rodgers,"Eastern Washington Congresswoman Cathy McMorris Rodgers (WA-05) today released the following statement after President Biden unveiled his plans to transfer up to $20,000 in student loan debt from borrowers to taxpayers who either already paid off their debts or never incurred any in the first place.""Last week, President Biden signed legislation to raise taxes on nearly every single American. Today, he is doubling down on misguided economic policy by canceling up to $20,000 in student debt for individuals who made the conscious choice to take out loans for higher education. This action is a dramatic overreach of his authority, and it's a slap in the face to every hardworking person in Eastern Washington who will now have to foot the bill.""Taking out loans to pursue a college degree is a personal choice. Part of making that decision is accepting responsibility for repaying the money you borrowed. Passing the burden of paying this debt to taxpayers--who either already paid off their loans or never took on any in the first place--is unfair to those who played by the rules and will only lead to more inflation and higher costs for those who can least afford them. Our goal should be to lower the cost of higher education for all Americans, which has skyrocketed nearly 200 percent over the last 40 years, not giving handouts to highly educated borrowers on the backs of everyone else.""While pretending the president can make debt disappear with the stroke of a pen may sound nice, it's a pie-in-the-sky belief that fundamentally defies basic economics. Families are already paying an extra $500 per month thanks to record-high inflation, and adding $300 billion to the deficit will only make things worse. The American people cannot afford Democrats spending like kids in a candy store.""Source"
government_budget_and_spending,"March 28, 2022",Leader Rodgers Urges Biden to Prioritize Lowering Costs for Struggling Americans,Rep. Cathy Rodgers,"House Energy and Commerce Committee Republican Leader Cathy McMorris Rodgers (R-WA) released the following statement on President Biden's proposed budget.""This budget falls short of meeting the priorities of the moment. Inflation is at a 40-year high. American families are paying a $3,500 yearly inflation tax as they struggle to afford everything from cars, groceries, and new clothes, to heating their homes. Our priority should be helping ease this burden, not more radical spending that will make inflation and surging costs on everyday life worse.""We should all be asking: ""if the federal government wants to spend more money, can the American people afford it?' The truth is, this is not a budget American families can afford, and doubles down on radical rush-to-green policies that will continue to deprive people of reliable, affordable energy. To lower costs for people across the board, we need to flip the switch on American energy by strengthening our energy security, improving our critical supply chains, and easing the regulatory burdens imposed on the industry under this administration. As we continue to learn more about this budget and the administration's priorities, I urge President Biden and my Democratic colleagues to join Republicans and put Americans first by unleashing American energy so we can win the future.""Source"
government_budget_and_spending,"March 9, 2022",Leader Rodgers Statement on Omnibus Spending,Rep. Cathy Rodgers,"House Energy and Commerce Committee Republican Leader Cathy McMorris Rodgers (R-WA) released the following statement about the government spending bills that passed the House of Representatives today.""I voted in support of the security package that funds border security, America's law enforcement, and our troops, including our airmen and women at Fairchild Air Force Base. This also includes important security aid for the freedom-loving people of Ukraine. We must continue to unite around our shared values of liberty and democracy in the face of Vladimir Putin and his evil attacks that are destroying innocent people's lives and livelihoods. Freedom must prevail.""The non-security package includes a reckless amount of spending. It fails to meet the urgent need to flip the switch to restore America's energy dominance. Rather than fund the Democrat's radical rush-to-green agenda, America should be leading to produce more oil and natural gas to help our allies, counter Putin, and lower energy costs here at home. We should be saying ""yes' to America's global leadership and innovation with an all-the-above strategy to reduce emissions and produce clean, affordable, and reliable energy for the world.""This package also continues to fund President Joe Biden's authoritarian vaccine mandates on our health care workforce. It also includes more spending for the NIH, which is still refusing to comply with congressional oversight and our investigation into the origins of the COVID-19 pandemic.""There isn't enough accountability built into this spending bill to justify its enormous price tag. It will make the inflation and energy crises created by the Biden administration even worse.""Source"
civil_liberties_and_rights,"Sept. 1, 2022",Comer Introduces Bill to Stop Biden Administration from Pressuring Social Media Companies to Censor Americans,"Rep. Cathy Rodgers, ...","House Committee on Oversight and Reform Ranking Member James Comer (R-Ky.), House Committee on Energy and Commerce Ranking Member Cathy McMorris Rodgers (R-Wash.), and House Committee on the Judiciary Ranking Member Jim Jordan (R-Ohio) today introduced the Protecting Speech from Government Interference Act (H.R. 8752). This bill prohibits Biden Administration officials and federal bureaucrats from using their authority or influence to promote censorship of speech or pressure social media companies to censor speech.""The Biden Administration is using the heavy hand of government to pressure social media companies into censoring Americans' free speech and news shared on their platforms,"" said Oversight Committee Ranking Member Comer. ""From COVID-19 to Hunter Biden, Biden Administration officials are quick to label facts that don't fit their narrative as disinformation and then pressure social media companies to suppress content on their platforms. This threatens Americans' First Amendment rights. To protect freedom of speech, our bill stops the Swamp from pressuring social media companies to silence ordinary Americans.""Under the Biden Administration, federal officials have used their positions, influence, and resources to police and censor Americans' speech expressed on social media platforms. For example, former White House Press Secretary Jen Psaki used a July 2021 press briefing to call for Facebook to ban specific accounts from its platform and later in February 2022 called upon Spotify and other major tech platforms to limit what the Administration views as ""mis- and dis-information."" Reports have also uncovered concerted government efforts to pressure Twitter and Facebook to go beyond their existing community rules to caveat certain posts and suspend users viewed as spreading misinformation. And most recently, Facebook admitted it took actions at the request of the FBI in the lead up to the 2020 Presidential election to algorithmically censor the sharing of news reports regarding Hunter Biden's laptop leak on the social media platform.""""House Energy and Commerce Republicans have repeatedly condemned President Biden's efforts to institutionalize censorship and coordinate with Big Tech to silence Americans. Yet his administration continues to pressure private companies to censor and manipulate the truth online. Big Tech platforms have become the modern town square, and any effort to erase people from these digital spaces simply for not adhering to the woke liberal agenda is unconstitutional. I am pleased to join my colleagues, Reps. Comer and Jordan, on legislation to protect Americans' first amendment rights from government censorship,"" said Energy and Commerce Committee Ranking Member McMorris Rodgers.Summary of the Protecting Speech from Government Interference Act:Prohibition on Federal Employee Censorship: The bill prohibits federal officials from using their official authority, influence, or resources--including contracting, grantmaking, rulemaking, licensing, permitting, investigatory, or enforcement actions--to promote the censorship of lawful speech or advocate that a third party or private entity censor speech.Penalties for Federal Employees Engaging in Censorship: The bill includes the same established penalties for federal officials who engage in political activities in their official capacity as prohibited under the Hatch Act, including disciplinary actions such as removal, reduction in pay grade, debarment from federal employment, or monetary civil penalties.Special Prohibitions for High Level Officials: The bill further protects American's lawful speech by prohibiting ""further restricted employees""--senior federal officials whose duties and responsibilities extend beyond normal duty hours or their office--from engaging in censorship in a personal capacity. This includes any employee of the Executive Office of the President and Presidential agency appointees.Source"
criminal_justice,"Sept. 1, 2022",Comer Introduces Bill to Stop Biden Administration from Pressuring Social Media Companies to Censor Americans,"Rep. Cathy Rodgers, ...","House Committee on Oversight and Reform Ranking Member James Comer (R-Ky.), House Committee on Energy and Commerce Ranking Member Cathy McMorris Rodgers (R-Wash.), and House Committee on the Judiciary Ranking Member Jim Jordan (R-Ohio) today introduced the Protecting Speech from Government Interference Act (H.R. 8752). This bill prohibits Biden Administration officials and federal bureaucrats from using their authority or influence to promote censorship of speech or pressure social media companies to censor speech.""The Biden Administration is using the heavy hand of government to pressure social media companies into censoring Americans' free speech and news shared on their platforms,"" said Oversight Committee Ranking Member Comer. ""From COVID-19 to Hunter Biden, Biden Administration officials are quick to label facts that don't fit their narrative as disinformation and then pressure social media companies to suppress content on their platforms. This threatens Americans' First Amendment rights. To protect freedom of speech, our bill stops the Swamp from pressuring social media companies to silence ordinary Americans.""Under the Biden Administration, federal officials have used their positions, influence, and resources to police and censor Americans' speech expressed on social media platforms. For example, former White House Press Secretary Jen Psaki used a July 2021 press briefing to call for Facebook to ban specific accounts from its platform and later in February 2022 called upon Spotify and other major tech platforms to limit what the Administration views as ""mis- and dis-information."" Reports have also uncovered concerted government efforts to pressure Twitter and Facebook to go beyond their existing community rules to caveat certain posts and suspend users viewed as spreading misinformation. And most recently, Facebook admitted it took actions at the request of the FBI in the lead up to the 2020 Presidential election to algorithmically censor the sharing of news reports regarding Hunter Biden's laptop leak on the social media platform.""""House Energy and Commerce Republicans have repeatedly condemned President Biden's efforts to institutionalize censorship and coordinate with Big Tech to silence Americans. Yet his administration continues to pressure private companies to censor and manipulate the truth online. Big Tech platforms have become the modern town square, and any effort to erase people from these digital spaces simply for not adhering to the woke liberal agenda is unconstitutional. I am pleased to join my colleagues, Reps. Comer and Jordan, on legislation to protect Americans' first amendment rights from government censorship,"" said Energy and Commerce Committee Ranking Member McMorris Rodgers.Summary of the Protecting Speech from Government Interference Act:Prohibition on Federal Employee Censorship: The bill prohibits federal officials from using their official authority, influence, or resources--including contracting, grantmaking, rulemaking, licensing, permitting, investigatory, or enforcement actions--to promote the censorship of lawful speech or advocate that a third party or private entity censor speech.Penalties for Federal Employees Engaging in Censorship: The bill includes the same established penalties for federal officials who engage in political activities in their official capacity as prohibited under the Hatch Act, including disciplinary actions such as removal, reduction in pay grade, debarment from federal employment, or monetary civil penalties.Special Prohibitions for High Level Officials: The bill further protects American's lawful speech by prohibiting ""further restricted employees""--senior federal officials whose duties and responsibilities extend beyond normal duty hours or their office--from engaging in censorship in a personal capacity. This includes any employee of the Executive Office of the President and Presidential agency appointees.Source"
energy,"July 18, 2022",E&C Republicans Lead to Stop Biden from Sending America's Strategic Oil Reserves to China,"Rep. Cathy Rodgers, ...","House Energy and Commerce Republicans submitted an amendment to an annual energy spending bill to prevent President Joe Biden from jeopardizing America's energy and national security by selling oil from America's Strategic Petroleum Reserves (SPR) to the Chinese Communist Party.Energy and Commerce Committee Republican Leader Cathy McMorris Rodgers (R-WA) released a statement on the dire need for Congress to protect America's strategic oil reserves from the Chinese Communist Party.""President Biden is draining the Strategic Petroleum Reserves and sending our emergency reserves to China -- that's not a solution to the energy crisis that Americans are suffering from today. My amendment would protect our stockpile and prohibit the sale of America's strategic crude oil reserves to China.""President Biden needs to remember that our strategic energy reserves are for emergencies, not to cover-up the consequences of him shutting down American energy. The purpose of America's strategic reserves is to keep America powered during emergencies, not communist dictatorships.""To lower prices, President Biden's focus should be flipping the switch on American energy production. That's why Republicans are leading on solutions like the American Energy Independence from Russia Act which reverses his war on domestic energy production. It permits drilling on federal lands and waters, approves the Keystone XL pipeline, unleashes U.S. LNG exports, and protects energy and mineral development from government attacks.""Rep. Jeff Duncan (R-SC) spoke in favor of the amendment before the Rules Committee on Monday.His remarks as prepared for delivery:STOPS BIDEN FROM SENDING OIL RESERVES TO CHINA""This amendment is very simple -- it would prohibit the Department of Energy from sending America's emergency oil reserves to China. These are Strategic Petroleum Reserve resources, owned by the taxpayer, and they're there for certain circumstances and events.""Because of President Biden's hostility to oil and gas, our domestic production and refining capacity has declined by more than 1 million barrels per day since President Biden took office.""Energy prices have surged past historic records. People have been forced to pay more than $6 per gallon in many regions of the country.""Now, President Biden is looking for cover. He is looking to distract American voters from the painful realities of his anti-fossil fuel agenda by releasing an unprecedented 260 million barrels of oil from our SPR.""BIDEN'S PRICE HIKE""Releasing oil from the SPR is not doing anything to lower gasoline prices. It's a temporary blip. It is not the solution to the energy crisis Americans are facing today.""The oil being released -- more than 1 million barrels per day -- it really has nowhere to go.""Our refineries are full. Our pipelines are full. As a result, America's emergency reserves are being sent to China, which is using it to build up its own strategic reserves.""[]""At the rate President Biden is depleting our emergency reserves, we may not have anything left to respond to a true emergency. Hurricane season is here. Like if a hurricane strikes the Gulf of Mexico or a major pipeline goes down, how are we going to respond to that if we deplete these reserves?""The irony is that when prices plummeted at the onset of COVID, President Trump's DOE wanted to buy oil and fill more of the SPR.""Democrats, the same Democrats who are now tapping the SPR until there's nothing left, opposed filling it up--they claimed it was a ""sellout to big oil.'""[]""Now, selling off our strategic stockpile will not lower gas prices, and when it is used by our foreign adversaries, like China, to enhance their security at our expense, it threatens our national security.""The solution to high gas prices is to reverse the anti-fossil fuel policies that President Biden imposed on his first day in office.""RESTORING AMERICA'S ENERGY DOMINANCE""We need to approve the Keystone XL pipeline, restart lease sales for oil and gas production on Federal lands, and rollback the regulations that slow infrastructure permitting and discourage investments in fossil fuels.""[]""We need to return to the energy dominance we had under the prior administration. We need to increase production of oil and gas and increase refining capacity in America.""President Biden wouldn't need to go to Saudi Arabia and beg MBS, like he did last Friday, to produce more if he unleashed production here in the US.""[]He can commit the oil and gas producers here in America to new leases, faster permits, and an end to the regulatory war on pipelines and the supply of capital.""Bottom line is we need to stop draining the Strategic Petroleum Reserve oil and handing our energy security over to China.""Source"
energy,"June 2, 2022","Letter to Jennifer Granholm, Secretary of Energy - E&C Republican Leaders Demand Answers from Sec. Granholm on America's Strategic Energy Reserves","Rep. Cathy Rodgers, ...",Only available in PDF format; please use source to view documentSource
energy,"March 2, 2022","Letter to Hon. Jennifer Granholm, Secretary of Energy- Upton, Rodgers Send Letters to Sec. Granholm and FERC Urging Approval of LNG Export Facilities and Natural Gas Pipelines","Rep. Cathy Rodgers, ...","Dear Secretary Granholm:We write with great concern for energy security in the United States and Europe following Russia's invasion of Ukraine. We urge you to act immediately to approve pending liquefied natural gas (LNG) export authorizations that have been delayed by the Department of Energy (DOE). Doing so will provide immediate relief to U.S. workers, energy consumers, and our allies who must diversify away from Russian supplies and funding Putin's war chest.We are inspired by the people of Ukraine, who are fighting for their self-determination and their freedom. In this moment, we are reminded of the importance of energy security here in the U.S. and abroad. DOE was established in the 1970s to reduce our dependence on foreign oil and protect America's energy security. As we consider the vital role of energy, we believe that American energy is the most effective deterrent to Putin and his aggression. Now more than ever, it is time for DOE to regain focus on its core mission, flip the switch, and unleash American oil and gas production and exports.Unfortunately, it is now clear that the Administration's anti-American energy polices have weakened our energy security by contributing to the U.S. and Europe's growing dependency on Russian oil and natural gas. Since President Biden took office, the Administration has revoked the permit for the Keystone XL pipeline, imposed a moratorium on fossil energy development on Federal lands and waters, and stifled U.S. energy production through bureaucratic delays and regulatory uncertainty. As a result, the prices of crude oil and many energy commodities have risen to seven-year highs, U.S. inflation is surging, and Russia has strengthened its grip on European energy supplies and global markets.It is past time to restore energy security as a central goal of American energy policy. As you know, the United States is the world's leading producer of natural gas and is on track to be the world's largest exporter by the end of 2022.1 America must unleash our vast reserves of energy. U.S. energy workers can produce significantly more oil and natural gas than they do today, which will boost our economy, and improve both American energy security and the security of our allies, who are currently dependent on Russian oil and natural gas.At present, a lack of pipeline and LNG export capacity is hampering our ability to respond to global energy price spikes and support allies in Europe. Regulatory uncertainty and delays surrounding pipeline approvals have already led to the cancelation of at least four major U.S. pipeline projects that could have served more than 25 million homes. The cancelation of these four pipelines has already restricted nearly 10 percent of U.S. natural gas production.2 And other pipelines, like Line 5, which is critical to providing fuels to Michigan and Ohio, are under threat. We are concerned that politically motivated opposition to other proposed infrastructure projects will inflict further damage to our energy industry.We understand there is a growing list of pending projects to increase America's pipeline and LNG export capacity that have been inexplicably delayed by DOE. Taken together, we understand the proposed export projects would create U.S. jobs, encourage additional U.S. production growth, and enable the U.S. to deliver several billion cubic feet per day of natural gas to our allies in Europe and around the world.Pursuant to the Natural Gas Act (P.L. 75-688), DOE maintains limited authority to review applications for the export of natural gas. Applications for cross-border pipeline exports must be granted without modification or delay. LNG export authorizations to non-Free Trade Agreement countries must be granted unless it is found to be inconsistent with the public interest. DOE's delay in approval of the pending applications is unacceptable, especially given that DOE has conducted three extensive macroeconomic studies concluding that the United States would see net economic benefits from exports of domestically produced LNG.3In light of our oversight responsibilities over national energy policy, and to assist with our assessment of America's energy security challenges, we ask that you respond to the following by March 9, 2022.1. How much oil and LNG is imported into the U.S. and what amount comes from Russia? What steps is the Administration taking to reduce our reliance on Russian imports?2. How much Russian oil and natural gas is imported by Ukraine and other countries in Europe?3. How much oil and LNG do we currently export to Ukraine and other European countries? What steps is the Administration taking to expeditiously increase exports to Ukraine and other European countries?4. Please provide a list of all natural gas import and export applications that are pending before DOE. Please also include a description of the application, the schedule for final decision, and an explanation for any delays that may prevent the project from meeting its proposed in-service date.5. Explain what steps DOE is taking to expedite the authorization of new pipelines and LNG export capacity to encourage U.S. natural gas production growth and to support European energy security.We appreciate your prompt attention to this request. Please have your staff work with our Minority Committee staff to address any questions about complying with this request.Sincerely,Source"
energy,"March 2, 2022","Letter to Hon. Richard Glick, Chairman of the Federal Energy Regulatory Commission-Upton, Rodgers Send Letters to Sec. Granholm and FERC Urging Approval of LNG Export Facilities and Natural Gas Pipelines","Rep. Cathy Rodgers, ...","Dear Chairman Glick:We write with great concern for energy security in the United States and Europe following Russia's invasion of Ukraine. We urge you to act immediately to approve pending natural gas permits that have been delayed by the Federal Energy Regulatory Commission (FERC). Many of these applications are routine and require no additional review. Doing so will provide immediate relief to U.S. workers, energy consumers, and our allies who must diversify away from Russian supplies and funding Putin's war chest.We are inspired by the people of Ukraine, who are fighting for their self-determination and their freedom. In this moment, we are reminded of the importance of energy security here in the U.S. and abroad. As we consider the vital role of energy, we believe that American energy is the most critical weapon against Putin and his aggression. Now more than ever, it is time for FERC to regain focus on its core mission, flip the switch, and unleash American oil and gas production and exports.Unfortunately, it is now clear that the Administration's anti-American energy polices have weakened our energy security by contributing to the U.S. and Europe's growing dependency on Russian oil and natural gas. Since President Biden took office, the Administration has revoked the permit for the Keystone XL pipeline, imposed a moratorium on fossil energy development on Federal lands and waters, and stifled U.S. energy production through bureaucratic delays and regulatory uncertainty. As a result, the prices of crude oil and many energy commodities have risen to seven-year highs, U.S. inflation is surging, and Russia has strengthened its grip on European energy supplies and global markets.It is past time to restore energy security as a central goal of American energy policy. As you know, the United States is the world's leading producer of natural gas and is on track to be the world's largest exporter by the end of 2022.1 We must unleash our vast reserves of energy. U.S. energy workers can produce significantly more oil and natural gas than they do today, which will boost our economy, and improve both our energy security and the security of our allies, who are currently dependent on Russian oil and natural gas.At present, a lack of pipeline and LNG export capacity is hampering our ability to respond to global energy price spikes and support our allies in Europe. Regulatory uncertainty and delays surrounding pipeline approvals have already led to the cancelation of at least four major U.S. pipeline projects that could have served more than 25 million homes. The cancelation of these four pipelines has already restricted nearly 10 percent of U.S. natural gas production.2 And other pipelines, like Line 5, which is critical to providing fuels to Michigan and Ohio, are under threat. We are concerned that politically motivated opposition to other proposed infrastructure projects will inflict further damage to our energy industry.We understand there is a growing number of pending permits before the FERC, many of which are routine applications, that have been needlessly postponed while FERC conducted an internal policy review. We were troubled to learn that FERC, in a controversial 3-2 vote, recently decided to revoke the longstanding, bipartisan policy for review of natural gas pipelines and LNG export facilities and replace it with a radical climate agenda that exceeds FERC's statutory authorities.3 We believe FERC's misguided decision will make it more difficult to build natural gas projects in the United States, which harms American energy consumers and strengthens Russia's grip on Europe's energy supply.Pursuant to the Natural Gas Act (P.L. 75-688), FERC has limited authority to authorize the siting and construction of LNG export facilities and to determine whether an interstate pipeline project ""is or will be required by the present or future public convenience and necessity."" In light of our oversight responsibilities over national energy policy, and to assist with our assessment of America's energy security challenges, we ask that you respond to the following by March 9, 2022.1. Please provide a list of all natural gas pipeline applications that have been pending before the Commission for more than 3 months. Please also include a description of the application, the schedule for a final decision, and an explanation for any delays that may prevent the project from meeting its proposed in-service date.2. Please provide a list of all LNG export facility applications that are pending before FERC. Please also include a description of the application, the schedule for a finaldecision, and an explanation for any delays that may prevent the project from meeting its proposed in-service date.3. Explain what steps FERC will take to expedite the authorization of new pipelines and LNG export capacity to encourage U.S. natural gas production growth, enhance the public benefits of energy security, and support European energy security.We appreciate your prompt attention to this request. Please have your staff work with our Minority Committee staff to address any questions about complying with this request.Sincerely,Source"
government_budget_and_spending,"June 9, 2022","Letter to Michael Regan, Administrator of the Environmental Protection Agency - Demanding Transparency on Superfund Site Funding","Rep. Cathy Rodgers, ...",Only available in PDF format; please see source to view document.Source
