topic,date,title,politician,full_text
civil_liberties_and_rights,"July 19, 2022",Foster Votes to Protect Marriage Equality,Rep. Bill Foster,"Today, Congressman Bill Foster (D-IL) released the following statement after the U.S. House of Representatives passed the Respect for Marriage Act to ensure critical protections for same-sex and interracial marriages:""In their opinion overturning Roe v. Wade, the Trump-packed Supreme Court made it clear that they will soon target the fundamental right to marriage equality. This is an egregious attack on our basic civil rights, and Congress must stand up to ensure Americans across the country can continue to marry whom they love without discrimination.""I was proud to vote for the Respect for Marriage Act, which would enshrine protections for same-sex and interracial marriage into federal law. This legislation would also repeal the discriminatory Defense of Marriage Act, as well as provide additional legal protections from those seeking to undermine marriage equality at the state level.""Source"
criminal_justice,"July 19, 2022",Foster Votes to Protect Marriage Equality,Rep. Bill Foster,"Today, Congressman Bill Foster (D-IL) released the following statement after the U.S. House of Representatives passed the Respect for Marriage Act to ensure critical protections for same-sex and interracial marriages:""In their opinion overturning Roe v. Wade, the Trump-packed Supreme Court made it clear that they will soon target the fundamental right to marriage equality. This is an egregious attack on our basic civil rights, and Congress must stand up to ensure Americans across the country can continue to marry whom they love without discrimination.""I was proud to vote for the Respect for Marriage Act, which would enshrine protections for same-sex and interracial marriage into federal law. This legislation would also repeal the discriminatory Defense of Marriage Act, as well as provide additional legal protections from those seeking to undermine marriage equality at the state level.""Source"
finance_and_banking,"Aug. 24, 2022",Foster Statement on President Biden's Student Loan Debt Relief Plan,Rep. Bill Foster,"Today, Congressman Bill Foster (D-IL) released the following statement after President Biden announced his plan to cancel $10,000 of student loan debt for borrowers making less than $125,000, and $20,000 for Pell Grant recipients:""I applaud President Biden's action to provide much-needed breathing room for countless student loan borrowers. Student debt is a serious economic burden for far too many Americans, and we must do all we can to support them as our nation recovers from the economic repercussions of the pandemic.""Every American deserves access to quality, affordable education. Yet, for many families and low-income students, the question of how to afford higher education is getting harder to answer. In order to truly tackle the student loan crisis, it's critical that we continue to fight for a more affordable higher education system that's accessible to every American.""Source"
government_budget_and_spending,"April 27, 2022","Letter to Rosa DeLauro, Chair of the House Labor, HHS, and Education Subcommittee, Tom Cole, Ranking Member of the House Labor, HHS, and Education Subcommittee, David Price, Chair of the House Transportation-HUD Subcommittee, Mario Diaz-Balart, Ranking Member of the House Transportation-HUD Subcommittee - Representatives Cicilline, Moore, Katko Lead Call for Increased Funding for Federal Lead Poisoning Prevention Efforts","Rep. Bill Foster, ...",Only available in PDF format; please use source to view documentSource
