topic,date,title,politician,full_text
government_budget_and_spending,"Jan. 7, 2022","Letter to Joseph Biden, President of the United States of America - LESKO; COLLEAGUES CALL OUT BIDEN FOR TRANSFERRING COVID FUNDS TO HOUSE ILLEGALS","Rep. Debbie Lesko, ...",Letter is available as PDF: use source belowSource
energy,"July 26, 2022",Lesko Introduces Legislation to Improve Nuclear Oversight and Inspection Practice,Rep. Debbie Lesko,"U.S. Congresswoman Debbie Lesko (AZ-08) introduced the Advancing Nuclear Regulatory Oversight Act to require the Nuclear Regulatory Commission (NRC) to assess and implement improvements to their oversight and inspection practices.""I am proud to introduce this legislation to require the Nuclear Regulatory Commission to provide a comprehensive report to Congress on how they can safely improve their oversight and inspection programs and save taxpayers' money,"" said Congresswoman Lesko. ""For example, the NRC already has inspectors on-site at nuclear power plants, yet they send additional inspectors to conduct oversight of operations that on-site inspectors can do. The NRC then bills the companies for having sent these additional inspectors. This is a waste of government resources and creates unnecessary costs for nuclear companies.""This legislation requires the NRC to report to Congress any policies the NRC revised or suspended during the COVID-19 pandemic and how these changes impacted the NRC's ability to conduct oversight of nuclear power plants. This bill requires the NRC to submit a report to Congress that identifies improvements to nuclear power plant oversight and inspection programs to maximize efficiency without compromising safety.Source"
energy,"July 18, 2022",Lesko Introduces Legislation to Reform Energy Conservation Standards for Election Appliances,Rep. Debbie Lesko,"U.S. Congresswoman Debbie Lesko (AZ-08) introduced the DOE Appliance and Equipment Standards Reform and Consumer Protection Act to allow the U.S. Secretary of Energy to update and reform energy conservation standards for electrical appliances.""In our haste to reach a sometimes over-optimistic conservation goal, we have often made household appliances less efficient and more costly. It makes no sense that appliances today require longer run times than earlier models to get the same job done, just to achieve often minuscule energy savings,"" said Congresswoman Lesko. ""I am proud to introduce this legislation to ensure that the Secretary of Energy can create reasonable and technologically feasible standards for electric appliances.""This legislation simplifies the process for the Secretary of Energy to amend or revoke energy conservation standards if the current standards are costly to consumers or do not result in significant energy or water conservation. The bill ensures that new or amended standards are economically justified and technologically feasible. Under the bill, new conservation standards cannot affect the compatibility of the covered product with existing systems, product performance, life span, the operating conditions, maintenance requirements, and disposal requirements; will not result in price discrimination or an impact on the free market; and will not result in a type or class of products becoming unavailable in the United States.Source"
energy,"Feb. 28, 2022",LESKO INTRODUCES BILL TO UTILIZE AND DEVELOP HYDROGEN AS A FUEL SOURCE,Rep. Debbie Lesko,"U.S. Congresswoman Debbie Lesko (AZ-08) introduced the Advancing Hydrogen Power Research and Development Act to require the Federal Energy Regulatory Commission (FERC) to submit a report to Congress on the development of hydrogen technologies. This bill also requires FERC to establish a pilot program for hydrogen blending projects that integrate hydrogen into existing natural gas pipelines.""As a member of the House Energy and Commerce Committee, I continually look for legislative opportunities to make energy more affordable, reliable, and efficient for all Americans,"" said Congresswoman Lesko. ""Hydrogen has several potential uses as a fuel, but federal government regulations surrounding hydrogen transportation are unclear; my hope is that this legislation paves the way for the future exploration and use of hydrogen.""Hydrogen is a clean fuel that, when consumed in a fuel cell, produces only water. It is possible to produce hydrogen from a variety of sources, including natural gas, nuclear power, biomass, and renewable energy sources like solar and wind. These characteristics make hydrogen an ideal fuel for transportation and electricity production. Among many other applications, it can be used in cars, in the home, and for portable power.Source"
