topic,date,title,politician,full_text
civil_liberties_and_rights,"April 22, 2022","The myth of the ""model minority"" has left lower-income AAPIs out of studies on COVID-19 hardships. But we know now that they have suffered a triple threat of illness, financial stress & hate during the pandemic. We must continue to fight stereotypes in research to #StopAsianHate. Quote Tweet The Boston Globe @BostonGlobe  · Apr 21 A new study by Boston researchers has found that many lower-income Asian Americans, often underrepresented in studies of COVID-19, were hit hard by the pandemic and suffered a triple threat of health risks, financial stress, and racism. https://trib.al/O9lqDQJ",Rep. Katherine Clark,"The myth of the ""model minority"" has left lower-income AAPIs out of studies on COVID-19 hardships. But we know now that they have suffered a triple threat of illness, financial stress & hate during the pandemic. We must continue to fight stereotypes in research to #StopAsianHate.Quote TweetThe Boston Globe@BostonGlobe· Apr 21A new study by Boston researchers has found that many lower-income Asian Americans, often underrepresented in studies of COVID-19, were hit hard by the pandemic and suffered a triple threat of health risks, financial stress, and racism. https://trib.al/O9lqDQJSource"
criminal_justice,"April 22, 2022","The myth of the ""model minority"" has left lower-income AAPIs out of studies on COVID-19 hardships. But we know now that they have suffered a triple threat of illness, financial stress & hate during the pandemic. We must continue to fight stereotypes in research to #StopAsianHate. Quote Tweet The Boston Globe @BostonGlobe  · Apr 21 A new study by Boston researchers has found that many lower-income Asian Americans, often underrepresented in studies of COVID-19, were hit hard by the pandemic and suffered a triple threat of health risks, financial stress, and racism. https://trib.al/O9lqDQJ",Rep. Katherine Clark,"The myth of the ""model minority"" has left lower-income AAPIs out of studies on COVID-19 hardships. But we know now that they have suffered a triple threat of illness, financial stress & hate during the pandemic. We must continue to fight stereotypes in research to #StopAsianHate.Quote TweetThe Boston Globe@BostonGlobe· Apr 21A new study by Boston researchers has found that many lower-income Asian Americans, often underrepresented in studies of COVID-19, were hit hard by the pandemic and suffered a triple threat of health risks, financial stress, and racism. https://trib.al/O9lqDQJSource"
government_budget_and_spending,"April 26, 2022","Katherine Clark @RepKClark · Apr 26 Thrilled to join  @RepDonaldPayne  in Newark today to talk about how the #InfrastructureLaw is delivering for American families. Quote Tweet Rep. Donald Payne Jr @RepDonaldPayne  · Apr 26 This afternoon, I was in Cranford to discuss the importance of climate resilient infrastructure at an event with Assistant Speaker of the House Katherine Clark.  I spoke about how the new infrastructure law might help protect Cranford from Rahway River flooding.",Rep. Katherine Clark,"Katherine Clark@RepKClark·Apr 26Thrilled to join@RepDonaldPaynein Newark today to talk about how the #InfrastructureLaw is delivering for American families.Quote TweetRep. Donald Payne Jr@RepDonaldPayne· Apr 26This afternoon, I was in Cranford to discuss the importance of climate resilient infrastructure at an event with Assistant Speaker of the House Katherine Clark.  I spoke about how the new infrastructure law might help protect Cranford from Rahway River flooding.Source"
government_budget_and_spending,"April 24, 2022","On the 107th anniversary of the Armenian Genocide, we recognize this dark chapter in our world's history & speak truthfully about these crimes against humanity. I stand shoulder to shoulder with the Armenian people to fight for truth, justice, and peace.",Rep. Katherine Clark,"On the 107th anniversary of the Armenian Genocide, we recognize this dark chapter in our world's history & speak truthfully about these crimes against humanity. I stand shoulder to shoulder with the Armenian people to fight for truth, justice, and peace.Source"
government_budget_and_spending,"April 27, 2022",Malden Patch: Clark Leads Call For Historic Investments In Early Ed and Child Care,Rep. Katherine Clark,"132 House Members join call for $12.4 billion for the Child Care and Development Block Grant (CCDBG) and increased funds for Early Childhood Programs under the Individuals with Disabilities Education Act (IDEA)171 House Members also joined Clark's bipartisan request for $15.4 billion to Head Start and Early Head Start fundingAssistant Speaker Katherine Clark (MA-05) led two letters calling for dramatic funding increases to early education and Head Start programs in the upcoming fiscal year. In a letter co-led by Representatives Mark DeSaulnier (CA-11), Donald Norcross (NJ-01), Jamaal Bowman (NY-16), Marilyn Strickland (WA-10), and Norma Torres (CA-35), Clark urged House Appropriators to support $12.4 billion for the Child Care and Development Block Grant (CCDBG) for FY2022 and increase funds for two critical early childhood programs under the Individuals with Disabilities Education Act (IDEA). She also led a bipartisan letter with Representatives Lauren Underwood (IL-14) and Joe Morelle (NY-25) requesting $15.4 billion for Head Start and Early Head Start programs, which offer high-quality education, health, and nutrition services to children from at-risk backgrounds and employment and educational support to their parents.""For years, the American child care system has been at a breaking point, but the pandemic brought this crisis into sharp relief. The lack of funding and support for the care economy isn't just unacceptable -- it's sabotaging our entire economic recovery,"" said Assistant Speaker Clark. ""As we aim to rebuild a stronger and more equitable economy, we have to dramatically increase our support for child care, early education, nutrition services, and the early education workforce. By investing in children, parents, and caregivers, we are empowering individual families and building an economy that finally works for working families.""Child Care and Development Block Grant Funding: The CCDBG provides federal funding to states for child care subsidies for low-income families with children under age 13. Despite growth since FY18, significant gaps in the CCDBG have only been widened by the coronavirus pandemic as families continue to struggle to afford child care and educators operate on razor thin margins.Over a million children are provided a child care subsidy through CCDBG, but it is available to only a fraction of eligible families. Doubling the amount of funding for CCDBG, and using 80% of that funding on direct services, would ensure that an additional 800,000 children could be reached with the federal discretionary dollars alone. In addition, the requested funding level would help increase payments and wages for providers as well as improve accessibility and allow women to fully participate in the workforce.Individuals with Disabilities Education Act: Together, Part C Early Intervention and Part B 619 Preschool Special Education programs in IDEA deliver comprehensive services for children with disabilities from birth through 5 years of age and their families. These programs serve over 1.23 million children per year, about double the number served in 1991, and benefit all states, but investments in these programs have failed to match increases in the number of children served as well as the cost of inflation. In their letter, the Members urged the Committee to provide at least $932 million in FY 2023 funding for IDEA Part C Grants for Infants and Toddlers and at least $502.6 million in FY 2023 funding for Preschool Grants under Part B Section 619 of the IDEA.Head Start and Early Head Start: Head Start and Early Head Start programs offer education, health, and nutrition services to children from at-risk backgrounds--those living in poverty, in foster care, or experiencing homelessness--as well as employment and educational support to their parents. Throughout the pandemic, dedicated Head Start staff have fought to maintain quality programming, support in-home and in-person early education, modify classrooms and procedures to create safe learning environments, and provide rigorous sanitation and screening to protect children, workers, and families during the pandemic. In their letter, the Members requested a $596 million basic cost-of-living-adjustment to help programs keep pace, $2.5 billion to improve the compensation of Head Start staff to help attract and retain a well-qualified workforce, $262 million in quality improvement funding (QIF) to help support facility improvements and enhancements to classroom environments, $1 billion to support Early Head Start expansion and Early Head Start-Child Care partnerships, and $10 million to support Tribal Colleges and University Head Start (TCU-HS) Partnership Programs.Clark's CCDBG and IDEA letter was signed by 132 Members of the House. The full text of the letter is available HERE.Clark's Head Start and Early Head Start letter was signed by 171 Members of the House. The full text of the letter is available HERE.As a member of the Appropriations Committee, Clark was instrumental in passing the FY22 spending package, which included $6.2 billion for the Child Care and Development Block Grant, $11 billion for Head Start, and $65 million for the Child Care Access Means Parents in Schools program.Source"
