topic,date,title,politician,full_text
civil_liberties_and_rights,"Jan. 13, 2022",Degette Statement on Advancement of Voting Rights Act,Rep. Diana DeGette,"U.S. Rep. Diana DeGette (D-CO) issued the following statement after the U.S. House of Representatives voted today to send the Freedom to Vote: John R. Lewis Act to the Senate for urgent consideration:""Ensuring every eligible American has an opportunity to exercise their right to vote is a fundamental part of our democracy. Last year, alone, 19 states passed 34 new laws to make it harder for people -- mostly communities of color -- to vote.""These efforts to sabotage our elections by suppressing the vote of Black and Brown communities across the country goes against everything our nation stands for. The need for Congress to act to protect our Democracy -- and the right of every American to have a say in our government -- cannot be overstated.""The House took another major step in that fight today by combining the Freedom to Vote Act and the John Lewis Voting Rights Advancement Act into one piece of legislation and sending it to the Senate for urgent consideration. With the future of our Democracy at stake, it is imperative that the Senate take up and pass this legislation immediately.""Source"
criminal_justice,"Jan. 13, 2022",Degette Statement on Advancement of Voting Rights Act,Rep. Diana DeGette,"U.S. Rep. Diana DeGette (D-CO) issued the following statement after the U.S. House of Representatives voted today to send the Freedom to Vote: John R. Lewis Act to the Senate for urgent consideration:""Ensuring every eligible American has an opportunity to exercise their right to vote is a fundamental part of our democracy. Last year, alone, 19 states passed 34 new laws to make it harder for people -- mostly communities of color -- to vote.""These efforts to sabotage our elections by suppressing the vote of Black and Brown communities across the country goes against everything our nation stands for. The need for Congress to act to protect our Democracy -- and the right of every American to have a say in our government -- cannot be overstated.""The House took another major step in that fight today by combining the Freedom to Vote Act and the John Lewis Voting Rights Advancement Act into one piece of legislation and sending it to the Senate for urgent consideration. With the future of our Democracy at stake, it is imperative that the Senate take up and pass this legislation immediately.""Source"
defense,"March 16, 2022",DeGette Statement on Zelenskyy's Address to Congress,Rep. Diana DeGette,"U.S. Rep. Diana DeGette (D-CO) issued the following statement after Ukrainian President Volodymyr Zelenskyy's address to Congress:""President Zelenskyy's courage and ability to lead during this crisis is unmatched and he has certainly risen to his place in history. President Zelenskyy, today, made a passionate and heartfelt case for more assistance and we need to do everything we can, along with our NATO allies, to provide the Ukrainian people with all of the technology and weapons they need to defend themselves -- including additional anti-aircraft capabilities. We also need to continue to provide them humanitarian assistance and ensure not one drop of Russian oil enters the U.S.""Source"
energy,"March 29, 2022",Oil Executives to Testify Before Congress on Record-High Gas Prices,Rep. Diana DeGette,"Executives from six of the nation's largest oil companies have agreed to testify before a key congressional panel next week about the rising cost of gasoline.U.S. Rep. Diana DeGette (D-CO), who serves as chair of the House Energy and Commerce Oversight and Investigations subcommittee -- which oversees the nation's fossil fuel industry -- announced today that executives from Chevron, ExxonMobil, BP, Shell, Devon Energy and Pioneer Natural Resources will all appear before the panel on Wednesday, April 6, to answer lawmakers' questions about the industry's role in the skyrocketing cost of gasoline.""Americans across the country are suffering from the skyrocketing cost of gasoline, while some the nation's largest oil companies are reporting record high profits,"" DeGette said. ""We will not sit back and allow the fossil fuel industry to take advantage of the American people and gouge them at the pump. We want to know what's causing these record-high prices and what needs to be done to bring them down immediately.""Among the executives that have agreed to testify are:David Lawler, Chairman and President, BP America, Inc.Michael K. Wirth, Chairman and Chief Executive Officer, Chevron CorporationDarren W. Woods, President and Chief Executive Officer, ExxonMobilGretchen Watkins, President, Shell USA, Inc.Richard E. Muncrief, President and Chief Executive Officer, Devon Energy CorporationScott D. Sheffield, Chief Executive Officer, Pioneer Natural Resources CompanyThe House Energy and Commerce Oversight and Investigations subcommittee hearing will begin at 10:30 a.m. ET on Wednesday, April 6.More information about the hearing, including a link to watch it live, will be provided as soon as it becomes available.Source"
energy,"Jan. 19, 2022",Key House Panel to Review Cryptocurrency's Environmental Impact,Rep. Diana DeGette,"On Thursday, Jan. 20, 2022, at 10:30 a.m. EST, the House Energy and Commerce Oversight and Investigations panel will hold a hearing to examine the energy and environmental impacts of mining cryptocurrencies.The hearing comes in response to growing concern that the enormous amount of energy being used to mine cryptocurrency is negating progress being made to combat the climate crisis.""Cryptocurrencies have seen a meteoric rise in popularity in recent years,"" said U.S. Rep. Diana DeGette (D-CO) who chairs the oversight panel. ""The question now is what can be done to ensure they're not negating our efforts to combat the climate crisis? While blockchain technology has many promising applications, our panel is looking to examine how networks may reduce their carbon footprint by migrating toward alternative sources of renewable energy.""Unlike traditional currencies that rely on a centralized authority or financial institution, cryptocurrencies rely on users themselves to record and validate transactions using a network of specialized computers.The two most popular cryptocurrency networks, Bitcoin (BTC) and Ethereum (ETH), employ a mechanism known as Proof of Work -- which uses an enormous amount of energy to validate transactions on their networks.According to one recent study, the amount of energy required to validate just one Ethereum transaction could power a U.S. home for more than a week, while the energy required for a single Bitcoin transaction could power a home for more than 70 days.As the popularity of cryptocurrencies continues to grow, so too does concern that the increased demand for energy needed to power the global network of computers now dedicated to validating transactions -- through a process known as mining -- will negate any progress made to lower the world's overall greenhouse gas emissions.It's estimated that, in 2021, Ethereum and Bitcoin mining operations, combined, emitted more than 78 million tons of CO2 into the atmosphere. That's an amount equivalent to the annual tailpipe emissions of more than 15.5 million cars.Even more alarming than the amount of energy being used, is the type of energy that some cryptocurrency mining operations are now utilizing. While many cryptocurrency miners have sought to increase their use of renewable energies in recent years, others still rely largely, or completely, on fossil fuels.In the U.S., some miners have even acquired once-shuttered coal-fired plants and brought them back online solely to support their mining operations -- a move that's directly reversing recent efforts to move the country away from such fossil-fuel technologies.Thursday's oversight hearing will be streamed LIVE starting at 10:30 a.m. EST at the following link: https://youtu.be/HWg731-3id8Following is the list of witnesses that will be testifying:Ari JuelsWeill Family Foundation and Joan and Sanford I. Weill ProfessorJacobs Technion-Cornell InstituteCornell TechJohn BelizaireChief Executive OfficerSoluna Computing, Inc.Brian BrooksChief Executive OfficerBitFurySteve WrightFormer Chief Executive OfficerChelan County Public Utility District and Bonneville Power AdministrationGregory ZerzanShareholderJordan Ramis P.C.Source"
government_budget_and_spending,"March 28, 2022",DeGette Statement on President's Budget Proposal,Rep. Diana DeGette,"Following is a statement from U.S. Rep. Diana DeGette (D-CO) on the president's budget proposal released today:""The president's budget proposal shows how determined this administration is to provide real relief to hardworking families across this country. It would make health care and higher education more accessible; it would make child care and housing more affordable; and it would lower the cost of prescription drugs and other goods that most American families buy every day -- all while making the wealthiest Americans pay their fair share.""In addition to addressing rising prices and helping more Americans make ends meet, this proposal shows that President Biden and his administration remain fully committed to our effort to create a new advanced research agency, known as ARPA-H, that will end cancer as we know it, and help find new cures and treatments to many other difficult diseases.""It also demonstrates that the administration remains laser-focused on tackling the climate crisis; addressing the nation's mental health crisis; and helping to end the crisis in Ukraine -- all while creating new jobs and helping our economy grow even more.""In releasing this plan today, the president has shown where his priorities lie. I look forward to working with the administration to make this vision of a better, brighter future a reality for millions of Americans.""Source"
defense,"March 22, 2022","As Russian Threats Evolve, Bennet, Hickenlooper, Entire Colorado Delegation Urge President Biden to Consider National Security and Cost Implications In U.S. Space Command Basing Decision","Rep. Diana DeGette, ...","Dear President Biden:We write to express our ongoing concerns about the preliminary decision to move United States Space Command (USSPACECOM) from Colorado Springs, Colorado, to Huntsville, Alabama. We remain deeply troubled that the decision to relocate USSPACECOM undermined the two most important factors for any critical basing decision: protecting national security and minimizing cost. At a time when threats in space are rapidly increasing, particularly from Russia and China, USSPACECOM cannot afford any operational interruptions and must achieve Full Operational Capability (FOC) as quickly as possible.As you are well aware, space has become an increasingly critical and contested domain that is central to our economy, communications, and national security. President Putin's lawless, reprehensible aggression against Ukraine in violation of international rules and norms, underscores the urgency for America to maintain superiority in the space domain.These rising threats came into stark view in November 2021, when Russia tested an anti-satellite weapons system that destroyed one of its own satellites, and in the process created thousands of pieces of space debris that risked the lives of American astronauts aboard the International Space Station. At the time, U.S. Army General James Dickinson, Commander of U.S Space Command, said, ""Russia has demonstrated a deliberate disregard for the security, safety, stability, and longterm sustainability of the space domain for all nations."" In his most recent testimony to the Senate Armed Services Committee, General Dickinson further highlighted the threats we face from Russia and China in space, and their increased cooperation designed to outpace our advantage.The Intelligence Community also warned in its annual threat assessment that ""Russia continues to train its military space elements and field new anti-satellite weapons to disrupt and degrade U.S. and allied space capabilities."" We support the export controls and sanctions that you have enacted to degrade Russia's defense programs, particularly in light of Russia's unlawful invasion of Ukraine. Our adversaries, however, will waste no time enhancing their space control operations, and neither can we waste time in developing our space defense strategies and capabilities.U.S. Space Command plays a pivotal role in defending satellite systems that provide GPS navigation, national security communications, internet and cellular services, and missile warning and defense. This work is critical to the support USSPACECOM provides to U.S. European Command's efforts to monitor and respond to the situation in Ukraine, as well as supporting U.S. Indo-Pacific Command's work to deter aggression from an increasingly dangerous China. We applaud General Dickinson and the men and women who serve in USSPACECOM for achieving Initial Operational Capability at Peterson Space Force Base in Colorado Springs, Colorado, last August. As Russia's war on Ukraine evolves, it is vital for USSPACECOM to maintain operational continuity, and achieve FOC without delay. We remain concerned that moving the combatant command headquarters will slow the progress toward full capability -- a delay we cannot afford at this fraught geopolitical moment in history.Important investments have been made in Colorado to strengthen the United States' national security space missions. In addition to the other space assets across our state, Colorado Springs is home to the National Space Defense Center (NSDC), which is particularly vital to our nation's ability to respond to threats in space. Located at Schriever Space Force Base, the NSDC provides unity of effort between the Department of Defense and the Intelligence Community to facilitate information sharing across the entire national security space enterprise. The NSDC maintains vigilant watch on activities in space, warns against emerging threats, orchestrates our counterspace operations, and underpins USSPACECOM's warfighting mission. Colorado is also home to the National Reconnaissance Office's (NRO) Aerospace Data Facility-Colorado (ADF-C) at Buckley Space Force Base in Aurora, Colorado. The ADF-C is responsible for collecting and disseminating intelligence across U.S. agencies and U.S. allies. Over the past several decades, Colorado has also developed national security communications systems that would be extraordinarily expensive to quickly replicate elsewhere. These unparalleled missions, and existing infrastructure, make Colorado the nexus of national security space operations for the Intelligence Community and the Department of Defense. We are concerned that it would be detrimental to remove USSPACECOM from this network of assets.The Chairmen of the Senate and House Intelligence Committees, both of whom recently visited Colorado to meet with USSPACECOM, NSDC, and NRO leadership, agree that the basing decision must account for and protect our intelligence missions and dependencies.We must respond to rapidly advancing threats in space by building on the investments that have already been made in Colorado and to our mission in space -- not squandering time, money, personnel, and additional resources by moving USSPACECOM. It is our understanding that the Government Accountability Office and the Department of Defense Inspector General will soon release reports examining the USSPACECOM basing decision. We urge your administration to carefully review both reports and ensure that the final basing decision takes the findings, and national security and cost implications, into account.We appreciate your attention to this matter, and look forward to working with you.Sincerely,Source"
government_budget_and_spending,"Nov. 1, 2022","Letter to Hon. Randy Moore, Chief of the United States Forest Service - Rep. Neguse Joins Senator Bennet, Colorado Lawmakers In Calling for Forest Service to Swiftly Implement Forestry Funding from Bipartisan Infrastructure Law & Inflation Reduction Act","Rep. Diana DeGette, ...",Only available in PDF format; please see source to view document.Source
