topic,date,title,politician,full_text
energy,"March 9, 2022","Letter to Deb Haaland, Secretary of the Interior, Amanda Lefton, Director of the Bureau of Ocean Energy Management - Republicans Urge Action on Offshore Oil and Gas Leasing","Rep. Rick Crawford, ...",Only available in PDF format; please use source to view documentSource
government_budget_and_spending,"Nov. 3, 2022","Letter to Anthony Coscia, Chair of the Board of Amtrak - T&I Republican Leaders Ask Amtrak to Justify Six-Figure Executive Bonuses Amid Dismal Performance","Rep. Rick Crawford, ...",Only available in PDF format; please use source to view documentSource
energy,"March 25, 2022",Rep. Crawford Responds to FERC Reversal on Natural Gas Certification Process,Rep. Rick Crawford,"Today, Representative Rick Crawford (AR-01) released the following statement after the Federal Energy Regulatory Commission (FERC) announced the withdrawal of last month's the natural gas policy statements. These statements were the first updates to the certification process for new interstate natural gas projects in over 20 years.""This reversal is a win for American energy. At a time in which fuel prices and demand are skyrocketing due to Green New Deal policies and conflict in Ukraine, we should be working to remove barriers for our nation's energy sector, not creating radical reforms. I'm glad FERC corrected this illogical error, and I call on them to work with energy producers to increase domestic production,"" said Rep. Crawford.Source"
government_budget_and_spending,"May 11, 2022",Crawford votes to send additional weapons and other military aid to Ukraine,Rep. Rick Crawford,"Representative Rick Crawford (AR-01) voted last night in support of a bill to send additional advanced weapons to Ukraine, as it battles Russia's unprovoked invasion.""Ukraine has courageously fought back against Russian aggression, weakening Russia's military in ways that will set Russia back years in its future ability to threaten other nations,"" Rep. Crawford said. ""The weapons transfers approved in this bill will further degrade Russia's military, and will send a clear signal to China that attempted conquests of democratic nations will be met with a forceful and sustained American response.""In addition to the military funding, the bill also authorizes support of efforts to mitigate the humanitarian crisis unfolding in Ukraine and among our allies facing an influx of Ukrainian refugees. The bill does not authorize putting American boots on the ground to wage war against Russia.""Providing arms to an ally that is fighting for its freedom is a valuable investment that promotes democracy and the rule of law, while keeping American soldiers out of harm's way,"" Rep. Crawford added.The draft bill originally proposed by the House majority included billions of dollars in extraneous funding for the International Monetary Fund, as well as several immigration provisions that would increase immigration without taking steps to enforce current immigration laws, or to secure the border. The GOP was able to force Democrats to eliminate most of the suspect funding.Source"
