topic,date,title,politician,full_text
energy,"June 22, 2022","Representative Mann tours Stryten Energy in Salina, KS",Rep. Tracey Mann,"Monday, U.S. Representative Tracey Mann (KS-01) visited the Stryten Energy manufacturing facility in Salina, Kansas. Stryten Energy staff members gave a tour of the plant operations, and Rep. Mann visited with employees.""Thank you to everyone at Stryten who took the time to visit with me at the Salina manufacturing facility,"" said Rep. Mann. ""Now more than ever, the United States must utilize an ""all of the above' energy strategy that prioritizes American energy independence. Stryten Energy is committed to solving the world's most pressing energy challenges and enhancing America's energy freedom -- it is an honor to have such a forward-thinking and cutting-edge business in the Big First District.""""Domestic manufacturers like Stryten are working hard to meet the current demand for energy storage in the United States, and we appreciate Representative Mann's support for an energy strategy that prioritizes American energy independence,"" said Melissa Floyd, Vice President, Corporate Communications, Stryten Energy.Stryten Energy is an innovative energy storage solutions provider. They deliver premium energy storage solutions that power everything from warehouses and distribution centers to the cars, trains, and trucks that Americans rely on every day. Stryten Energy also provides advanced and reliable advanced lead,lithium, and vanadium battery solutions for U.S. Military and Government operations.The Salina Stryten Energy manufacturing facility is a 24/7 operation that employs more than 700 people who serve in four shifts throughout the day. The Salina facility produces transportation batteries that are sent directly to aftermarket retail locations and battery distributors to serve the needs of consumers. On a national scale, Stryten Energy has 12 locations across the continental United States.Source"
energy,"April 13, 2022",Rep. Mann Releases Statement on EPA lifting E15 summer restriction,Rep. Tracey Mann,"U.S. Representative Tracey Mann (KS-01) released the following statement regarding yesterday's announcement that the Environmental Protection Agency (EPA) is lifting summer sales of higher-ethanol gasoline blend under emergency authority:""Prices at the pump are out of control, and using a home-grown resource like ethanol is a workable solution that Americans deserve,"" said Rep Mann. ""While it's months overdue, I'm glad to see that the President has finally signed a waiver for E15 use this summer. Since ethanol is an available, affordable, and renewable way to reduce our dependence on foreign oil, I believe that we should be using E15 year-round.""In addition to boosting U.S. biofuels resources, the EPA has also announced its efforts to expand the use of canola oil, providing new pathways for canola oil to participate in the Renewable Fuel Standard program.In the last year, Representative Mann, alongside his colleagues, sent two letters to EPA Administrator Michael Regan, urging him to take immediate action to combat increasing biofuels prices. He also cosponsors H.R.4410, the Year Round Fuel Act. Representative Mann believes America should have an ""all of the above"" energy strategy that prioritizes American energy independence, embraces fossil fuels and renewable energy, and doesn't allow Washington to pick winners and losers.Source"
energy,"March 10, 2022","Rep. Mann Introduces Legislation to Stop Russian Energy Imports, Increase U.S. Energy Production",Rep. Tracey Mann,"Yesterday, Representative Tracey Mann (KS-01) introduced the Use Stocks, Stop Russia (USSR) Act of 2022. The bill directs the President to prohibit Russian petroleum products from being imported into the United States, resumes construction of the Keystone XL Pipeline, and encourages the use of domestically produced energy, including renewable energy, to meet the current demand for energy in the United States.""It's high time America utilizes the energy supply in our own backyard,"" said Rep. Mann. ""President Biden's policies have put us in a position where we can't afford to hit Russia where it hurts - their oil and gas exports to the U.S. - because he's made us so dependent on other nations' energy supplies.It's time for President Biden to put America's best interests first.""Rep. Mann believes it is important for the U.S. to be energy-independent and end its reliance on Russian oil.Last night, Rep. Mann also voted for the Suspending Energy Import from Russia Act, which would ban importing Russian products into the United States and require the President to impose sanctions on those that have directly or indirectly engaged in serious human rights violations.Click here to read the full text of Rep. Mann's bill.Source"
government_budget_and_spending,"Sept. 30, 2022",Rep. Tracey Mann's Statement on Voting Against the Short-Term Continuing Resolution,Rep. Tracey Mann,"U.S. Representative Tracey Mann (KS-01) released the following statement regarding his vote against a short-term continuing resolution to extend government funding until December 16, today in the U.S. House of Representatives:""This is the fifth time that this Congress has passed a short-term funding bill, channeling billions of dollars to band-aid the Biden Administration's failed policies. At a time when inflation is skyrocketing, the supply chain is still struggling to recover, and the livelihoods of Americans are at risk, Washington Democrats chose to push through a stop-gap funding bill rather than having a meaningful debate on our nation's finances and passing a comprehensive, fiscally responsible budget. There are better ways to solve most problems than simply throwing money at them.Congress must work to produce a fiscal year 2023 budget that provides certainty for Americans, cuts wasteful spending, and puts America on a path towards fiscal sustainability.""Source"
government_budget_and_spending,"Sept. 30, 2022",Rep. Tracey Mann's Statement on Voting Against the Short-Term Continuing Resolution,Rep. Tracey Mann,"U.S. Representative Tracey Mann (KS-01) released the following statement regarding his vote against a short-term continuing resolution to extend government funding until December 16, today in the U.S. House of Representatives:""This is the fifth time that this Congress has passed a short-term funding bill, channeling billions of dollars to band-aid the Biden Administration's failed policies. At a time when inflation is skyrocketing, the supply chain is still struggling to recover, and the livelihoods of Americans are at risk, Washington Democrats chose to push through a stop-gap funding bill rather than having a meaningful debate on our nation's finances and passing a comprehensive, fiscally responsible budget. There are better ways to solve most problems than simply throwing money at them.Congress must work to produce a fiscal year 2023 budget that provides certainty for Americans, cuts wasteful spending, and puts America on a path towards fiscal sustainability.""Source"
government_budget_and_spending,"March 10, 2022","Rep. Mann Votes Against Fourth Short-Term Budget Continuing Resolution, Omnibus Spending Bill",Rep. Tracey Mann,"Representative Tracey Mann (KS-01) released the following statement regarding his votes against the $1.5 trillion omnibus spending bill for Fiscal Year 2022 and a fourth continuing resolution in the U.S. House of Representatives:""Rather than fulfilling their constitutional duty to have a true debate on our nation's finances and pass a comprehensive, fiscally responsible budget, Washington Democrats have kicked the can down the road with three continuing resolutions since October 2021. They also decided it was finally time to hold a vote on their omnibus spending bill for Fiscal Year 2022, nearly 6 months after fiscal year 2022 began and only 12 hours after releasing the final text.The 2,700-page omnibus bill, which Speaker Pelosi released at 1:30 AM on the day of the vote, increases government spending by nearly $100 billion. In the past year, inflation has risen by nearly 8%, almost neck and neck with the growth of government spending. The deficit spending contained in the omnibus bill will only add more fuel to the inflation fire. To make matters worse, the omnibus bill is the first one since 2011 that isn't subject to budget caps, leaving the door wide open for our $30 trillion national debt to grow even larger. It also contains over 2,700 earmarks, returning us to a process that is bad for the country.These last-minute spending bills are bad for America, and they force Americans to foot the bill. Congress must produce a national budget through the right process, reign in government waste, and end Washington's spending addiction.""Source"
government_budget_and_spending,"Feb. 9, 2022",Rep. Tracey Mann's Statement on Voting Against the Short-Term Continuing Resolution,Rep. Tracey Mann,"Rep. Tracey Mann (KS-01) released the following statement regarding the Continuing Resolution vote last night in the U.S. House of Representatives:""Yesterday, House Democrats pushed through yet another irresponsible continuing resolution. This is not the first, not the second, but the third time that Speaker Pelosi and House Democrats have resorted to stop-gap funding bills since September 2021. Rather than undergoing a normal process in which the Appropriations Committees develop a budget and send it to the full House and Senate for a vote, Washington Democrats have focused all efforts on pursuing reckless ""Build Back Better"" spending measures that will deepen our already $30 trillion national debt and fuel the inflation fire.We are nearly halfway through the fiscal year, yet we still do not have a full-year budget. This is no way for a sovereign nation to govern. I voted against the continuing resolution - for the third time - because it kicks the can down the road instead of kicking off a true debate on our nation's budget.This haphazard budgeting needs to stop. Congress must work to produce an FY 2022 budget that provides certainty for the American people, includes longstanding provisions such as the Hyde Amendment, protects agriculture programs, and puts America on a path towards fiscal sustainability.""Source"
