topic,date,title,politician,full_text
civil_liberties_and_rights,"July 19, 2022",LARSON VOTES TO ENSHRINE MARRIAGE EQUALITY INTO FEDERAL LAW,Rep. John Larson,"Today, Rep. John B. Larson (CT-01) voted for the Respect for Marriage Act (H.R. 8404) to protect marriage equality under federal law. The Respect for Marriage Act will protect the right to marry for same-sex and interracial couples by repealing the discriminatory Defense of Marriage Act and providing additional legal protections for married couples.""This radical Supreme Court has already torn bodily autonomy from women, and we cannot let them continue stripping freedoms from the American people,"" said Larson. ""We must protect the right to marry whomever you choose, no matter your sex or race, and this bill would do just that. I urge the Senate to take up this legislation immediately because American freedoms are on the line.""Source"
civil_liberties_and_rights,"April 6, 2022",Larson: Social Security Can Help Overcome Racism to Advance Economic Opportunity,Rep. John Larson,"During today's Ways and Means Committee hearing, ""Overcoming Racism to Advance Economic Opportunity"", Rep. John B. Larson (CT-01) highlighted how Social Security could be used to do just that.""Our late colleague, Rep. John Lewis, used to say Social Security is a civil rights issue. People of color experience systemic racism and the vicissitudes of life that result in economic insecurity. Increasing Social Security benefits would uplift everyone but would be especially impactful for people of color, since they are more likely to rely on the most on these benefits. Too many Americans receive below poverty level Social Security checks. This is the fault of the United States government and Congress. It is our duty to make sure these benefits are providing enough for Americans, but we have absconded that duty for 50 years. It's up to government to make that difference and change,"" said Larson.Source"
civil_liberties_and_rights,"Jan. 13, 2022","Larson Votes for Voting Rights Bill, Urges Senate to Vote",Rep. John Larson,"Rep. John B. Larson (CT-01) voted for the Freedom to Vote: John R. Lewis Act that passed the House today.  This historic piece of legislation will ensure every American has equal freedom to make their voices and vote heard in our democracy. Larson is the former Chairman of the Task Force on Election Reform, which laid the foundation for these bills.""The right to vote is the cornerstone of our democracy. Today's vote in the House is a vital step forward to ensuring all Americans can access this right. Throughout the country, Republican legislatures have passed bills that would make it harder for Americans to vote. We cannot let this stand. That's why the enactment of the Freedom to Vote: John R. Lewis Act is so important. Already the House has passed the For the People Act and twice we have passed the John Lewis Voting Rights Advancement Act. On Tuesday, President Biden called for a change in the Senate rules to bypass the filibuster and pass these bills. I have long advocated for the elimination of the filibuster. It's a Senate rule with no Constitutional backing. It's time we stop letting this rule block the will and voice of the American people,"" said Larson.The House first passed the John Lewis Voting Rights Act in August 2021. The House previously passed HR 1, the For the People Act in March 2021 which included these provisions.Key provisions of the Freedom to Vote Act include:Expanding automatic voter registration and same-day registration;Strengthening vote by mail, early voting and ballot access;Establishing Election Day as a national holiday;Stopping partisan election subversion;Ending partisan gerrymandering;Promoting digital ad transparency;Forcing disclosure of dark money; andEstablishing a self-sustaining democracy fund to support investments in state-led innovations around campaign finance, civic education and voting infrastructure.Key provisions in the John Lewis Voting Rights Advancement Act of 2021 include:A new formula to determine which states and political subdivisions must preclear changes to voting rules with the Department of Justice;Requirements for all jurisdictions nationwide to preclear certain proposed changes to voting rules, including:the imposition of stricter voter ID requirements,reductions in polling locations or hours,reductions in the availability of non-English language voting materials relative to materials in English,and changes to procedures regarding maintenance of voter registration lists;Clarification of Section 2 of the Voting Rights Act to create tests for assessing vote denial and dilution claims, making it a more effective tool for challenging racially discriminatory laws;Giving the Department of Justice the ability to sue for constitutional violations;Requirements for reasonable public notice for voting changes;Allowing the Attorney General authority to send federal election observers anywhere in the country where there is a serious threat of racial discrimination in voting.Source"
criminal_justice,"July 19, 2022",LARSON VOTES TO ENSHRINE MARRIAGE EQUALITY INTO FEDERAL LAW,Rep. John Larson,"Today, Rep. John B. Larson (CT-01) voted for the Respect for Marriage Act (H.R. 8404) to protect marriage equality under federal law. The Respect for Marriage Act will protect the right to marry for same-sex and interracial couples by repealing the discriminatory Defense of Marriage Act and providing additional legal protections for married couples.""This radical Supreme Court has already torn bodily autonomy from women, and we cannot let them continue stripping freedoms from the American people,"" said Larson. ""We must protect the right to marry whomever you choose, no matter your sex or race, and this bill would do just that. I urge the Senate to take up this legislation immediately because American freedoms are on the line.""Source"
criminal_justice,"July 19, 2022",LARSON VOTES TO ENSHRINE MARRIAGE EQUALITY INTO FEDERAL LAW,Rep. John Larson,"Today, Rep. John B. Larson (CT-01) voted for the Respect for Marriage Act (H.R. 8404) to protect marriage equality under federal law. The Respect for Marriage Act will protect the right to marry for same-sex and interracial couples by repealing the discriminatory Defense of Marriage Act and providing additional legal protections for married couples.""This radical Supreme Court has already torn bodily autonomy from women, and we cannot let them continue stripping freedoms from the American people,"" said Larson. ""We must protect the right to marry whomever you choose, no matter your sex or race, and this bill would do just that. I urge the Senate to take up this legislation immediately because American freedoms are on the line.""Source"
criminal_justice,"April 6, 2022",Larson: Social Security Can Help Overcome Racism to Advance Economic Opportunity,Rep. John Larson,"During today's Ways and Means Committee hearing, ""Overcoming Racism to Advance Economic Opportunity"", Rep. John B. Larson (CT-01) highlighted how Social Security could be used to do just that.""Our late colleague, Rep. John Lewis, used to say Social Security is a civil rights issue. People of color experience systemic racism and the vicissitudes of life that result in economic insecurity. Increasing Social Security benefits would uplift everyone but would be especially impactful for people of color, since they are more likely to rely on the most on these benefits. Too many Americans receive below poverty level Social Security checks. This is the fault of the United States government and Congress. It is our duty to make sure these benefits are providing enough for Americans, but we have absconded that duty for 50 years. It's up to government to make that difference and change,"" said Larson.Source"
criminal_justice,"Jan. 13, 2022","Larson Votes for Voting Rights Bill, Urges Senate to Vote",Rep. John Larson,"Rep. John B. Larson (CT-01) voted for the Freedom to Vote: John R. Lewis Act that passed the House today.  This historic piece of legislation will ensure every American has equal freedom to make their voices and vote heard in our democracy. Larson is the former Chairman of the Task Force on Election Reform, which laid the foundation for these bills.""The right to vote is the cornerstone of our democracy. Today's vote in the House is a vital step forward to ensuring all Americans can access this right. Throughout the country, Republican legislatures have passed bills that would make it harder for Americans to vote. We cannot let this stand. That's why the enactment of the Freedom to Vote: John R. Lewis Act is so important. Already the House has passed the For the People Act and twice we have passed the John Lewis Voting Rights Advancement Act. On Tuesday, President Biden called for a change in the Senate rules to bypass the filibuster and pass these bills. I have long advocated for the elimination of the filibuster. It's a Senate rule with no Constitutional backing. It's time we stop letting this rule block the will and voice of the American people,"" said Larson.The House first passed the John Lewis Voting Rights Act in August 2021. The House previously passed HR 1, the For the People Act in March 2021 which included these provisions.Key provisions of the Freedom to Vote Act include:Expanding automatic voter registration and same-day registration;Strengthening vote by mail, early voting and ballot access;Establishing Election Day as a national holiday;Stopping partisan election subversion;Ending partisan gerrymandering;Promoting digital ad transparency;Forcing disclosure of dark money; andEstablishing a self-sustaining democracy fund to support investments in state-led innovations around campaign finance, civic education and voting infrastructure.Key provisions in the John Lewis Voting Rights Advancement Act of 2021 include:A new formula to determine which states and political subdivisions must preclear changes to voting rules with the Department of Justice;Requirements for all jurisdictions nationwide to preclear certain proposed changes to voting rules, including:the imposition of stricter voter ID requirements,reductions in polling locations or hours,reductions in the availability of non-English language voting materials relative to materials in English,and changes to procedures regarding maintenance of voter registration lists;Clarification of Section 2 of the Voting Rights Act to create tests for assessing vote denial and dilution claims, making it a more effective tool for challenging racially discriminatory laws;Giving the Department of Justice the ability to sue for constitutional violations;Requirements for reasonable public notice for voting changes;Allowing the Attorney General authority to send federal election observers anywhere in the country where there is a serious threat of racial discrimination in voting.Source"
defense,"July 14, 2022","LARSON VOTES TO INVEST IN DEFENSE WORKERS, JOBS, AND SMALL BUSINESSES",Rep. John Larson,"Today, Rep. John B. Larson (CT-01) voted to pass bipartisan defense legislation, the National Defense Authorization Act (NDAA) for Fiscal Year 2023.""This year's NDAA supports thousands of workers, jobs, and small businesses in Connecticut's First District,"" said Larson. ""It provides a significant investment in the people who power America's defense from the servicemembers in our military to the manufacturers and researchers building technologies of the future. The FY2023 NDAA continues to create Connecticut jobs and bolster our national security by authorizing $11.6 billion for the F-35 Joint Strike Fighter program, $12.8 billion for Virginia-class and Ohio-class replacement submarine programs, and $3.9 billion for Sikorsky helicopter programs.""The F-35 program brings thousands of union jobs to Connecticut's First and will continue to do so with this funding. I worked with my colleagues to add an amendment to provide additional F-35s to this year's bill. We have the best machinists and engineers who work every day to build the safest and most capable fighter engine ever produced. I am honored to fight for them and the F135 engine they craft.""The bill will improve the quality of life for our servicemembers and their families by providing a pay increase as well as ensuring a $15 minimum wage for contract employees. It will also establish a program to train behavioral health providers to meet the unique challenges of service members and their families. I joined Rep. Jahana Hayes on an amendment to require all behavioral health resources on military-installation websites be kept up to date so servicemembers and their families can always access help.""The NDAA will also establish a Commission on Civilian Harm to prevent, mitigate, and investigate harm to civilians during military operations. Senator Chris Murphy and I urged President Biden to overhaul US counterterrorism policy to center human rights and civilian protection after The New York Times' report found patterns of failure in deadly airstrikes.""As we continue the fight to protect reproductive rights in our country, this year's NDAA will eliminates contraception co-pays at the Veteran's Administration, ensuring veterans do not face unnecessary barriers to access"" Larson concluded.""The Machinists throughout District 26 in Connecticut commend Congressman Larson's continued fight to protect the F-135 engine program. This engine is essential to our nation's air superiority and provides thousands of jobs for our members and aircraft manufacturer Pratt and Whitney,"" said Jeff Santini, Assistant Directing Business Representative IAM District 26.Connecticut Priorities Included in the FY2023 NDAA:$11.6 billion for the F-35 Program$5 billion for the B-21 Program$2.3 billion for the CH-53K Heavy Lift Helicopter$6.2 billion for Columbia Class Replacement Submarine Program$1.2 billion for E-2D ADV Hawkeyes$2.9 billion for KC-46A Tankers$6.6 billion for Virginia-class submarines$950 million for UH-60 Blackhawks$272 million for the Future Vertical Lift ProgramFor a breakdown of the bill, click here.Source"
defense,"July 14, 2022","LARSON VOTES TO INVEST IN DEFENSE WORKERS, JOBS, AND SMALL BUSINESSES",Rep. John Larson,"Today, Rep. John B. Larson (CT-01) voted to pass bipartisan defense legislation, the National Defense Authorization Act (NDAA) for Fiscal Year 2023.""This year's NDAA supports thousands of workers, jobs, and small businesses in Connecticut's First District,"" said Larson. ""It provides a significant investment in the people who power America's defense from the servicemembers in our military to the manufacturers and researchers building technologies of the future. The FY2023 NDAA continues to create Connecticut jobs and bolster our national security by authorizing $11.6 billion for the F-35 Joint Strike Fighter program, $12.8 billion for Virginia-class and Ohio-class replacement submarine programs, and $3.9 billion for Sikorsky helicopter programs.""The F-35 program brings thousands of union jobs to Connecticut's First and will continue to do so with this funding. I worked with my colleagues to add an amendment to provide additional F-35s to this year's bill. We have the best machinists and engineers who work every day to build the safest and most capable fighter engine ever produced. I am honored to fight for them and the F135 engine they craft.""The bill will improve the quality of life for our servicemembers and their families by providing a pay increase as well as ensuring a $15 minimum wage for contract employees. It will also establish a program to train behavioral health providers to meet the unique challenges of service members and their families. I joined Rep. Jahana Hayes on an amendment to require all behavioral health resources on military-installation websites be kept up to date so servicemembers and their families can always access help.""The NDAA will also establish a Commission on Civilian Harm to prevent, mitigate, and investigate harm to civilians during military operations. Senator Chris Murphy and I urged President Biden to overhaul US counterterrorism policy to center human rights and civilian protection after The New York Times' report found patterns of failure in deadly airstrikes.""As we continue the fight to protect reproductive rights in our country, this year's NDAA will eliminates contraception co-pays at the Veteran's Administration, ensuring veterans do not face unnecessary barriers to access"" Larson concluded.""The Machinists throughout District 26 in Connecticut commend Congressman Larson's continued fight to protect the F-135 engine program. This engine is essential to our nation's air superiority and provides thousands of jobs for our members and aircraft manufacturer Pratt and Whitney,"" said Jeff Santini, Assistant Directing Business Representative IAM District 26.Connecticut Priorities Included in the FY2023 NDAA:$11.6 billion for the F-35 Program$5 billion for the B-21 Program$2.3 billion for the CH-53K Heavy Lift Helicopter$6.2 billion for Columbia Class Replacement Submarine Program$1.2 billion for E-2D ADV Hawkeyes$2.9 billion for KC-46A Tankers$6.6 billion for Virginia-class submarines$950 million for UH-60 Blackhawks$272 million for the Future Vertical Lift ProgramFor a breakdown of the bill, click here.Source"
defense,"March 23, 2022",Larson Visits TLD America's Windsor Facility,Rep. John Larson,"Today Rep. John B. Larson (CT-01) toured TLD America's Windsor facility and met with company leadership. TLD America is one of the many F-35 suppliers in Connecticut. The F-35 enterprise supports 6,000 jobs in the First District alone.""Thank you to TLD America for hosting me today. I'm proud to have secured $12.7 billion for the F-35 program, which supports the work TLD is doing here in Windsor,"" said Larson. ""In addition to their critical work on the F-35, I applaud them for their work to help airlines to transition away from fossil fuels and lessen their carbon footprint.""""TLD was pleased to host Congressman Larson in our Windsor Facility.  The Congressman has done a lot to support the F-35 program, of which TLD is a key supplier.  The work to support F-35 and other US Military programs allowed TLD to work through the pandemic without any layoffs.   We were excited to highlight the work the team at TLD is doing to support ongoing military requirements as well as facilitate solutions for the commercial aviation sector to reduce carbon emissions,"" said TLD America CEO Richard Reno.Source"
defense,"March 15, 2022",Larson Applauds German Acquisition of F-35s,Rep. John Larson,"Joint Strike Fighter Caucus Co-ChairRep. John B. Larson (CT-01) applauded the announcement that Germany will be acquiring 35 F-35A Fighters as it ramps its defense capabilities. Earlier this month the Larson and the other Caucus Co-Chairs wrote to Chancellor Scholz asking him to consider the F-35 Lightening II as a replacement for their current Tornado fleet.""During these uncertain times the acquisition of the F-35 will help Germany and NATO bolster defenses and deter any aggression. I'm proud of the work of the machinists in my district and this latest announcement is further validation that we have the best of the best. The F-35 supports around 40 suppliers andmore than 6,000 jobs in my district and this purchase will further support these good-paying jobs,"" said Larson.Source"
energy,"May 19, 2022",Larson Votes to Lower Gas Prices,Rep. John Larson,"Today, Rep. John B. Larson (CT-01) voted for H.R. 7688, The Consumer Fuel Price Gouging Prevention Act. This bill would allow the president to issue an Energy Emergency Proclamation, making it unlawful to increase gas and home energy prices in an exploitative way and give the Federal Trade Commission the power to issue penalties for price gouging.""I have heard from constituents who are concerned they will not be able to afford to put gas in their cars because of rising prices while oil companies reap record profits,"" said Larson. ""This bill takes critical steps to crack down on price gouging by oil companies that have resulted in higher prices for hardworking families at the pump. Democrats are working in Washington to lower costs, and we will continue this work, so Americans see the difference in their daily lives.""Source"
entitlements_and_safety_net,"Nov. 21, 2022",Larson: Republicans Continue Their Promises to End Social Security as We Know It,Rep. John Larson,"Today, Rep. John B. Larson (CT-01) released the following statement regarding Republicans' plans for Social Security.""Republicans continue to let us in on their dangerous plans for Social Security,"" said Larson. ""In his recent op-ed for the Wall Street Journal, Senator Mitt Romney recycled the age-old Republican argument that Social Security is an entitlement that increases inflation. The fact of the matter is, this is false.""Working Americans pay into Social Security with each and every paycheck and earn this benefit for when they need it. Many beneficiaries live on a fixed income and are most impacted by inflation. Our country does not need more tax breaks for the wealthy so benefits can someday trickle down. I introduced Social Security 2100: A Sacred Trust to protect and enhance Social Security, not to end it as we know it like my Republican colleagues are suggesting we do,"" Larson continued.Source"
entitlements_and_safety_net,"June 2, 2022",Larson Statement on Social Security Trustees Report,Rep. John Larson,"Today, House Ways and Means Social Security Subcommittee Chairman John B. Larson (CT-01) released the following statement on the 2022 Social Security Trustees Report. Chairman Larson's legislation, Social Security 2100: A Sacred Trust (H.R. 5723), would enhance benefits and improve solvency.""This year's Trustee's Report confirms Social Security's financing is strong in the near term yet underscores why it is so important that Congress acts to strengthen Social Security for the longer term,"" said Larson. ""The COVID pandemic has highlighted the needs of our nation's most vulnerable, and we must ensure the program that serves America's workers, seniors, children, and people with disabilities can continue to provide these earned benefits for future generations. That is why I introduced Social Security 2100: A Sacred Trust to expand these vital benefits immediately while substantially strengthening the program for the long term.""It has been more than 50 years since Congress has done anything to improve benefits, and as Republicans work towards phasing out Social Security, it has never been more urgent than now to act to strengthen it,"" Larson continued.Source"
entitlements_and_safety_net,"May 24, 2022",Larson Commends Tri-Caucus and Task Force on Aging and Families Leadership Calling for Vote on Social Security 2100: A Sacred Trust,Rep. John Larson,"Today, Rep. John B. Larson (CT-01) released the following statement commending the leadership of the Congressional Tri-Caucus -- composed of the Congressional Asian Pacific American Caucus (CAPAC), Congressional Black Caucus (CBC), and Congressional Hispanic Caucus (CHC) - and the Task Force on Aging and Families for their letter to House Speaker Nancy Pelosi supporting Social Security 2100: A Sacred Trust and calling for it to be brought to the House floor for a vote.""Increasing Social Security benefits would uplift everyone but would be especially impactful for people of color in our country, as they are more likely to rely on these benefits,"" said Larson. ""I'm honored Social Security 2100: A Sacred Trust has the support of the Tri-Caucus and the Task Force on Aging and Families because they know what some of our nation's most vulnerable need. We will continue working together to bring this bill for a vote so we can deliver the improved benefits our nation's beneficiaries need now!""""Importantly, H.R. 5723 not only expands benefits both across-the-board and in targeted ways, it cuts Social Security's projected shortfall by more than half,"" said the members. ""President Biden has called Social Security a ""sacred trust' -- a promise made by the federal government to its people. It is Congress' responsibility to ensure that Social Security's benefits are protected and improved. It's time we deliver.The modest benefits Social Security currently provides are a lifeline for many of our constituents,"" the members continued. ""Whether they be retired seniors, disabled veterans, or children who've lost a parent -- millions rely on Social Security. Expanding and strengthening this vital institution, as H.R. 5723 does, will demonstrably improve their lives and our nation's economy.""""Social Security provides crucial economic security for all Americans,"" said Nancy Altman, President of Social Security Works. ""These benefits are particularly vital for people of color, women, the LGBTQ+ community and others who have faced discrimination. We need to expand Social Security's modest benefits so that everyone in America can enjoy a secure retirement, no matter where they are from, who they love, or what they look like.We stand with House Democrats in the CBC, CHC, CAPAC, and TFAF in support of Social Security 2100: A Sacred Trust. It's time to get every House member on the record by holding a floor vote on the bill, prior to November, so voters know where their representatives stand,"" Altman continued.""National Committee members and other seniors firmly believe that if Social Security 2100: A Sacred Trust is brought up for a vote in the House, it will pass. We are closer than we've ever been to strengthening the Social Security program and providing retirees, the disabled and their families with the improved benefits that they have earned. Seniors, especially Black Americans who rely more heavily on Social Security because of a lack of other income in retirement, are counting on Congress to get this bill passed and signed into law,"" said Max Richtman, President and CEO, National Committee to Preserve Social Security and Medicare.Click here for a PDF of the letter.Source"
entitlements_and_safety_net,"May 17, 2022",Strengthening Social Security's Customer Service,Rep. John Larson,"Today, House Ways and Means Social Security Subcommittee Chairman John B. Larson (CT-01) held a hearing entitled ""Strengthening Social Security's Customer Service.""""We're holding this hearing to spotlight and underscore the challenges the Social Security Administration (SSA) has in providing Americans the benefits they've earned,"" said Larson. ""I recently visited the field offices in my district. The SSA employees I met are extremely dedicated and hard-working public servants doing an almost impossible job with the resources they have. We must ensure our country's largest, most efficient federal agency has the additional resources and funding it needs to serve The People! I'm proud Social Security 2100: A Sacred Trust would help address some of these customer service shortcomings.""""Greater Hartford Legal Aid supports the Social Security 2100: A Sacred Trust bill. Our SSI and SSDI clients are disabled and living in poverty and rely on their SSI and SSDI benefits for their basic needs.  It will greatly benefit our clients by reducing the wait time between eligibility determination and receiving the benefits. It will also help those of our clients who work for decades in low-wage work obtain retirement benefits that will not confine them to poverty.  By safeguarding field offices, it will also preserve our clients' primary point of contact with the Social Security Administration,"" said Alison Weir, Policy Advocate/Staff Attorney at Greater Hartford Legal Aid.""The Social Security Administration provides many fundamental services for millions of people with disabilities and their families,"" said Bethany Lilly, Senior Director of Public Policy at The Arc of the United States. ""That is why The Arc is so glad to be a part of this Ways and Means Social Security Subcommittee hearing to ensure that people with disabilities have a seat at the table when it comes crucial discussions about necessary funding and the steps the Social Security Administration can take to improve their customer service.""""We, at the National Hispanic Council on Aging (NHCOA) have heard firsthand from older adults who have struggled to navigate Social Security's systems during difficult moments. NHCOA encourages the Committee to move and vote on HR 5723, Social Security 2100: A Sacred Trust to provide retirement income and protection for older adults and persons with disabilities,"" said Dr. Yanira Cruz, President and CEO of NHCOA.""Millions of older adults and people with disabilities depend on benefits from Social Security and Supplemental Security Income to stay out of poverty. The Social Security Administration should take the necessary steps to ensure that people can access and keep benefits for which they are eligible. We hope Congress will provide the agency with the necessary funding and support it needs to effectively accomplish these goals,"" said Tracey Gronniger, Directing Attorney for the Economic Security Team at Justice in Aging.""Delivering on Social Security's promises will require a bipartisan commitment by Congress to finally provide SSA with adequate administrative resources to operate its critical programs after a decade-plus of disinvestment that has only been further compounded by the pandemic,"" said Rebecca Vallas, a senior fellow at The Century Foundation. ""The cost of inaction is steep and shameful,"" Vallas continued. ""SSA's 1-800 line is in abysmal shape due to outdated technology and understaffing, and people with disabilities are dying by the thousands waiting for benefits every year due to unconscionable backlogs. Now is the time for Congress and SSA to make a collective and bipartisan commitment to prioritizing SSA's customer service and to taking the steps necessary to ensure all eligible Americans are able to access SSA's critical programs and services when they need them most.""""With every paycheck, working families pay for their earned Social Security benefits -- and for all of the associated administrative costs. SSA should provide these families with the first-class service they have earned. That requires expanding, not reducing, the number of field offices and the size of the workforce. There is plenty of money to do so; Social Security has a $2.9 trillion surplus. It's time for Congress to allow the agency to spend slightly more of that surplus on administering the program. Then, SSA can once again provide the first-rate customer service it was once well known for,"" said Nancy Altman, President of Social Security Works.""SSA has done an admirable job re-opening its field offices after two years of pandemic-related closures. But the Agency remains critically underfunded and cannot continue to do its job indefinitely without adequate resources.  Backlogs that existed before the pandemic have grown exponentially, staff levels have dropped precipitously, and the Agency will need the strong support of Congress if it is to continue fulfilling its mission. SSA's customer service operations must be fully-funded in order to ensure that Americans receive all of the benefits they have earned over a lifetime of work --- and to maintain strong public support for this essential program,"" said Max Richtman, President and CEO, National Committee to Preserve Social Security and Medicare.Source"
entitlements_and_safety_net,"April 21, 2022",Larson Responds to Supreme Court Decision to Continue Puerto Rico's Exclusion from SSI Benefits,Rep. John Larson,"Today, Rep. John B. Larson (CT- 01) released the following statement after the Supreme Court ruled to continue excluding the residents of Puerto Rico from receiving Supplemental Security Income (SSI) program.""Today's Supreme Court decision to continue excluding senior and disabled Puerto Ricans from SSI is shameful,"" said Larson. ""Puerto Ricans are Americans and should not be denied the critical support this program provides.As a member of the Ways and Means Committee, I helped ensure the Build Back Better Act would extend SSI to all U.S. territories, and I proudly voted for its passage. It is past time we end the second-class treatment of those who live in American territories.""Source"
entitlements_and_safety_net,"April 6, 2022",Larson: Social Security Can Help Overcome Racism to Advance Economic Opportunity,Rep. John Larson,"During today's Ways and Means Committee hearing, ""Overcoming Racism to Advance Economic Opportunity"", Rep. John B. Larson (CT-01) highlighted how Social Security could be used to do just that.""Our late colleague, Rep. John Lewis, used to say Social Security is a civil rights issue. People of color experience systemic racism and the vicissitudes of life that result in economic insecurity. Increasing Social Security benefits would uplift everyone but would be especially impactful for people of color, since they are more likely to rely on the most on these benefits. Too many Americans receive below poverty level Social Security checks. This is the fault of the United States government and Congress. It is our duty to make sure these benefits are providing enough for Americans, but we have absconded that duty for 50 years. It's up to government to make that difference and change,"" said Larson.Source"
entitlements_and_safety_net,"April 4, 2022",Larson Welcomes Reopening of Social Security Offices,Rep. John Larson,"Today, House Ways and Means Social Security Subcommittee Chairman John B. Larson (CT-01) welcomed Social Security Administration (SSA) Acting Commissioner Kijakazi's announcement that Social Security field offices will be resuming in-person services on April 7th.""There is no replacement for the in-person services a Social Security field office offers to beneficiaries. I welcome Acting Commissioner Kijakazi's announcement that field offices will safely reopen to the public on April 7th.  This will allow some of our most vulnerable neighbors access to the benefits they have earned,"" said Larson. ""I applaud the Social Security Administration leadership and the agency's employees for working together to serve the American people.""Larson worked closely with SSA on the reopening of field offices, sending letters about the need to ensure the safety of visitors and employees during the COVID-19 pandemic and the need to ensure that the most vulnerable individuals can access SSA services. He also requested a GAO study on access to SSA services during the pandemic including the disproportionate impact that the closure of field offices to most in-person visitors had on people of color and other historically underserved populations.Source"
entitlements_and_safety_net,"March 29, 2022",Larson Votes to Strengthen Retirement Security,Rep. John Larson,"Today, Rep. John B. Larson (CT-01) voted for Securing a Strong Retirement Act of 2022. The legislation was crafted in the Ways and Means Committee, on which Larson sits.Click here to Rep. Larson's floor remarks.""The Securing a Strong Retirement Act of 2021 is a great step forward to strengthening Americans' retirement security and I commend Chairman Neal for his leadership. This bill will improve American's retirement security by automatically enrolling employees in their company's 401(k) plan, making it easier for student loan holders to contribute to their 401(k) plan, and more.""It is also why it is critical that we work next to strengthen and expand Social Security,"" said Larson. ""The average Social Security benefit is $18,000. This is simply not enough for beneficiaries to live on. The Ways and Means Committee and the House must take up Social Security 2100: A Sacred Trust to expand benefits and strengthen the program. It is Congress' responsibility to ensure that Social Security benefits are protected and further strengthen Americans' retirements.The Securing a Strong Retirement Act of 2021 will:Promote savings earlier for retirement by enrolling employees automatically in their company's 401(k) plan, when a new plan is created;Create a new financial incentive for small businesses to offer retirement plans;Increase and modernize the Saver's Credit for lower income Americans;Expand retirement savings options for non-profit employees by allowing groups of non-profits to join together to offer retirement plans to their employees;Allow individuals to save for retirement longer by increasing the required minimum distribution age to 75;Offer individuals over 50 more flexibility to set aside savings as they approach retirement;Allow individuals to pay down a student loan instead of contributing to a 401(k) plan and still receive an employer match in their retirement plan;Make it easier for military spouses who change jobs frequently to save for retirement;Allow individuals more flexibility to make gifts to charity through their IRAs;Allow taxpayers to avoid harsh penalties for inadvertent errors managing an IRA that can lead to a loss of retirement savings;Protect retirees who unknowingly receive retirement plan overpayments; andMake it easier for employees to find lost retirement accounts by creating a national, online, database of lost accounts.Source"
entitlements_and_safety_net,"March 15, 2022","Wall Sheet Journal - Strengthen, Don't Sunset, Social Security",Rep. John Larson,"In ""Why I'm Defying Beltway Cowardice"" (op-ed, March 4), Sen. Rick Scott defends his Rescue America Plan. I give him credit for being honest about what Republicans intend to do: raise taxes on lower- and middle-income Americans and end federal programs after five years. His plan is cruel and would threaten the financial security of all Americans, but he is right on one thing: The public needs to know where their representatives stand, and Congress needs to act.The urgency to act on Social Security is clear. The elderly are not only the most susceptible to this pandemic; since they are on fixed incomes, they are also the most susceptible to inflation. They need help and they need it now. It has been more than 50 years since Congress enhanced Social Security benefits and 39 years since it strengthened the program. That's why Social Security 2100: A Sacred Trust is currently being marked up in the House Ways and Means Committee and has bipartisan support among Americans and more than 200 co-sponsors in Congress. It boosts benefits and strengthens the program.Mr. Scott is right: Americans want solutions, and they want to know where their member of Congress stands. It's time for Congress to stop kicking the can down the road, stop hiding behind the filibuster and cloture rule, and actually debate the proposals and vote.Rep. John Larson (D., Conn.)Source"
entitlements_and_safety_net,"March 10, 2022",Larson: Slam the Scam,Rep. John Larson,"Today, House Ways and Means Social Security Subcommittee Chairman John B. Larson (CT-01) raised awareness about Social Security scams and how members of the public can protect themselves and fight back. The Social Security Administration and the Office of the Inspector General (OIG) partnered to raise public awareness about Social Security imposter scams during the third annual ""Slam the Scam"" Day on March 10.""Too often Social Security beneficiaries fall prey to scammers. I urge everyone to stay alert and hang up the phone when a scammer calls. Social Security will never suspend your Social Security number, threaten you with arrest unless you send money right away, or promise a benefit approval in exchange for money. If you think a call, text, or email is suspicious hang up or delete it, and never give out your Social Security number,"" said Larson.Social Security employees do occasionally contact the public by telephone for business purposes. Ordinarily, the agency calls people who have recently applied for a Social Security benefit, someone who is already receiving payments and requires an update to their record, or a person who has requested a phone call from the agency. If there is a problem with a person's Social Security number or record, Social Security will typically mail a letter.To report a scam attempt, go to oig.ssa.gov. For more information, please visit www.socialsecurity.gov/scam and www.socialsecurity.gov/antifraudfacts/.Source"
entitlements_and_safety_net,"Feb. 1, 2022",Social Security Administration Responds to Larson's Request For Customer Service Update,Rep. John Larson,"House Ways and Means Social Security Subcommittee Chairman John B. Larson (CT-01) released the letterhe received from Acting Commissioner of Social Security Kilolo Kijakazi in response to a letter he sent in December 2021asking for information on what actions the Social Security Administration (SSA) is taking to strengthen overall customer service while ensuring the safety of the public and SSA employees during the COVID-19 pandemic.""There is no substitute for the services Americans receive in person at Social Security field offices. While it is imperative that we keep everyone safe during the pandemic, we also must ensure people are able to access the benefits they have earned. I appreciate Acting Commissioner Kijakazi's response. I will continue my oversight of the agency and I will push for improved customer service to meet the needs of all Americans, particularly individuals with disabilities and seniors who often benefit from in person services the most,"" said Larson.Chairman Larson has initiated several audits and reports on SSA customer service during the pandemic. He strongly supported the House-passed appropriations bill led by Chair Rosa DeLauro (CT-03), granting a $1.1 billion increase in funding for SSA to strengthen customer service and reduce delays in disability claims. This bill is awaiting action in the Senate.Chairman Larson recently visited Social Security's East Hartford, CT field office and heard directly from staff about the impact of COVID-19 on SSA's ability to serve the public.Source"
entitlements_and_safety_net,"Jan. 21, 2022",Larson Applauds Reopening Agreement for Social Security Field Offices,Rep. John Larson,"House Ways and Means Social Security Subcommittee Chairman John B. Larson (CT-01) released the following statement after the Social Security Administration (SSA) reached an agreement with employee unions to reopen Social Security offices to in-person visitors.""Social Security field offices are a vital service to help Americans access their earned benefits. The COVID-19 pandemic has made it harder for people to get the help they need, despite the remarkable efforts of SSA staff to adapt to work-from-home procedures and other COVID-19 safety measures. I am glad the SSA leadership and employee unions were able to reach an agreement to reopen safely. While many constituents can get the help they need online or on the phone, there is no substitute for the in-person services these field offices provide,"" said Larson.Larson recently visited the Social Security field office in East Hartford, CT. Larson has encouraged SSA to open as soon as possible when it is safe to do so and initiated several audits and reports on SSA customer service during the pandemic. He strongly supported the House-passed appropriations bill led by Chairwoman Rosa DeLauro (CT-03), granting a $1.1 billion increase in funding for SSA to strengthen customer service, reduce delays in disability claims and resume mailing Social Security Statements to all covered workers not yet receiving benefits. This bill is awaiting action in the Senate.Larson has introduced the bipartisan Know Your Social Security Act (H.R. 4143) to ensure annual statements are mailed to all workers rather than just making them available online and Social Security 2100: A Sacred Trust (H.R. 5723), landmark legislation that would expand benefits for all Social Security beneficiaries and extend the solvency of the Social Security trust fund.Source"
finance_and_banking,"Aug. 24, 2022",Larson Statement on Student Debt Relief,Rep. John Larson,"Today, Rep. John B. Larson (CT-01) released the following statement after President Biden announced $10,000 in student debt relief for borrowers making under $125,000 and an additional $10,000 for Pell Grant recipients.""I'm glad President Biden is canceling a portion of student debt and extending the pause on loan payments as we continue to work on student loan forgiveness and lowering the cost of college. This is a vital first step for Americans,"" said Larson. ""I have heard from constituents who cannot afford to buy homes, start families, or buy their basic necessities because of crushing student loan debt, and that is why I have called on the President to take this action.""Today, millions will breathe easier because President Biden has used his executive power to offer working-class Americans much-needed relief,"" Larson continued. ""We will continue the fight in Congress to address college's rising costs and ensure every American can access the education they need to provide for themselves and their family.""Rep. Larson is a cosponsor of H. Res. 100, which calls on the President to use his executive authority to forgive student loan debt and has introduced ACTION for National Service to ensure young people who serve two full terms of service are rewarded with an educational benefit equal to four years of average in-state tuition. He is also a cosponsor Rep. Courtney's Zero-Percent Student Loan Refinancing Act, which would require the federal government allow for interest free student loan refinancing.Source"
government_budget_and_spending,"Nov. 21, 2022",Larson: Republicans Continue Their Promises to End Social Security as We Know It,Rep. John Larson,"Today, Rep. John B. Larson (CT-01) released the following statement regarding Republicans' plans for Social Security.""Republicans continue to let us in on their dangerous plans for Social Security,"" said Larson. ""In his recent op-ed for the Wall Street Journal, Senator Mitt Romney recycled the age-old Republican argument that Social Security is an entitlement that increases inflation. The fact of the matter is, this is false.""Working Americans pay into Social Security with each and every paycheck and earn this benefit for when they need it. Many beneficiaries live on a fixed income and are most impacted by inflation. Our country does not need more tax breaks for the wealthy so benefits can someday trickle down. I introduced Social Security 2100: A Sacred Trust to protect and enhance Social Security, not to end it as we know it like my Republican colleagues are suggesting we do,"" Larson continued.Source"
government_budget_and_spending,"July 20, 2022",LARSON STATEMENT ON UKRAINIAN FIRST LADY OLENA ZELENSKA'S ADDRESS TO CONGRESS,Rep. John Larson,"Today, Rep. John B. Larson (CT-01) released the following statement after Ukrainian First Lady Olena Zelenska addressed members of Congress:""Ukrainian First Lady Olena Zelenska gave an emotional and thoughtful depiction of what her country is going through since the unjust and unprovoked Russian invasion,"" said Larson. ""I admire her grace speaking on this tragic situation, and we will continue to stand by the people of Ukraine as they fight for their freedom and the future of their country.""In May, Rep. Larson voted for more than $40 billion in emergency funding to support Ukraine and defend global democracy in the wake of Russia's unprovoked attack on Ukraine.Source"
government_budget_and_spending,"June 2, 2022",Larson Statement on Social Security Trustees Report,Rep. John Larson,"Today, House Ways and Means Social Security Subcommittee Chairman John B. Larson (CT-01) released the following statement on the 2022 Social Security Trustees Report. Chairman Larson's legislation, Social Security 2100: A Sacred Trust (H.R. 5723), would enhance benefits and improve solvency.""This year's Trustee's Report confirms Social Security's financing is strong in the near term yet underscores why it is so important that Congress acts to strengthen Social Security for the longer term,"" said Larson. ""The COVID pandemic has highlighted the needs of our nation's most vulnerable, and we must ensure the program that serves America's workers, seniors, children, and people with disabilities can continue to provide these earned benefits for future generations. That is why I introduced Social Security 2100: A Sacred Trust to expand these vital benefits immediately while substantially strengthening the program for the long term.""It has been more than 50 years since Congress has done anything to improve benefits, and as Republicans work towards phasing out Social Security, it has never been more urgent than now to act to strengthen it,"" Larson continued.Source"
government_budget_and_spending,"May 24, 2022",Larson Commends Tri-Caucus and Task Force on Aging and Families Leadership Calling for Vote on Social Security 2100: A Sacred Trust,Rep. John Larson,"Today, Rep. John B. Larson (CT-01) released the following statement commending the leadership of the Congressional Tri-Caucus -- composed of the Congressional Asian Pacific American Caucus (CAPAC), Congressional Black Caucus (CBC), and Congressional Hispanic Caucus (CHC) - and the Task Force on Aging and Families for their letter to House Speaker Nancy Pelosi supporting Social Security 2100: A Sacred Trust and calling for it to be brought to the House floor for a vote.""Increasing Social Security benefits would uplift everyone but would be especially impactful for people of color in our country, as they are more likely to rely on these benefits,"" said Larson. ""I'm honored Social Security 2100: A Sacred Trust has the support of the Tri-Caucus and the Task Force on Aging and Families because they know what some of our nation's most vulnerable need. We will continue working together to bring this bill for a vote so we can deliver the improved benefits our nation's beneficiaries need now!""""Importantly, H.R. 5723 not only expands benefits both across-the-board and in targeted ways, it cuts Social Security's projected shortfall by more than half,"" said the members. ""President Biden has called Social Security a ""sacred trust' -- a promise made by the federal government to its people. It is Congress' responsibility to ensure that Social Security's benefits are protected and improved. It's time we deliver.The modest benefits Social Security currently provides are a lifeline for many of our constituents,"" the members continued. ""Whether they be retired seniors, disabled veterans, or children who've lost a parent -- millions rely on Social Security. Expanding and strengthening this vital institution, as H.R. 5723 does, will demonstrably improve their lives and our nation's economy.""""Social Security provides crucial economic security for all Americans,"" said Nancy Altman, President of Social Security Works. ""These benefits are particularly vital for people of color, women, the LGBTQ+ community and others who have faced discrimination. We need to expand Social Security's modest benefits so that everyone in America can enjoy a secure retirement, no matter where they are from, who they love, or what they look like.We stand with House Democrats in the CBC, CHC, CAPAC, and TFAF in support of Social Security 2100: A Sacred Trust. It's time to get every House member on the record by holding a floor vote on the bill, prior to November, so voters know where their representatives stand,"" Altman continued.""National Committee members and other seniors firmly believe that if Social Security 2100: A Sacred Trust is brought up for a vote in the House, it will pass. We are closer than we've ever been to strengthening the Social Security program and providing retirees, the disabled and their families with the improved benefits that they have earned. Seniors, especially Black Americans who rely more heavily on Social Security because of a lack of other income in retirement, are counting on Congress to get this bill passed and signed into law,"" said Max Richtman, President and CEO, National Committee to Preserve Social Security and Medicare.Click here for a PDF of the letter.Source"
government_budget_and_spending,"May 17, 2022",Strengthening Social Security's Customer Service,Rep. John Larson,"Today, House Ways and Means Social Security Subcommittee Chairman John B. Larson (CT-01) held a hearing entitled ""Strengthening Social Security's Customer Service.""""We're holding this hearing to spotlight and underscore the challenges the Social Security Administration (SSA) has in providing Americans the benefits they've earned,"" said Larson. ""I recently visited the field offices in my district. The SSA employees I met are extremely dedicated and hard-working public servants doing an almost impossible job with the resources they have. We must ensure our country's largest, most efficient federal agency has the additional resources and funding it needs to serve The People! I'm proud Social Security 2100: A Sacred Trust would help address some of these customer service shortcomings.""""Greater Hartford Legal Aid supports the Social Security 2100: A Sacred Trust bill. Our SSI and SSDI clients are disabled and living in poverty and rely on their SSI and SSDI benefits for their basic needs.  It will greatly benefit our clients by reducing the wait time between eligibility determination and receiving the benefits. It will also help those of our clients who work for decades in low-wage work obtain retirement benefits that will not confine them to poverty.  By safeguarding field offices, it will also preserve our clients' primary point of contact with the Social Security Administration,"" said Alison Weir, Policy Advocate/Staff Attorney at Greater Hartford Legal Aid.""The Social Security Administration provides many fundamental services for millions of people with disabilities and their families,"" said Bethany Lilly, Senior Director of Public Policy at The Arc of the United States. ""That is why The Arc is so glad to be a part of this Ways and Means Social Security Subcommittee hearing to ensure that people with disabilities have a seat at the table when it comes crucial discussions about necessary funding and the steps the Social Security Administration can take to improve their customer service.""""We, at the National Hispanic Council on Aging (NHCOA) have heard firsthand from older adults who have struggled to navigate Social Security's systems during difficult moments. NHCOA encourages the Committee to move and vote on HR 5723, Social Security 2100: A Sacred Trust to provide retirement income and protection for older adults and persons with disabilities,"" said Dr. Yanira Cruz, President and CEO of NHCOA.""Millions of older adults and people with disabilities depend on benefits from Social Security and Supplemental Security Income to stay out of poverty. The Social Security Administration should take the necessary steps to ensure that people can access and keep benefits for which they are eligible. We hope Congress will provide the agency with the necessary funding and support it needs to effectively accomplish these goals,"" said Tracey Gronniger, Directing Attorney for the Economic Security Team at Justice in Aging.""Delivering on Social Security's promises will require a bipartisan commitment by Congress to finally provide SSA with adequate administrative resources to operate its critical programs after a decade-plus of disinvestment that has only been further compounded by the pandemic,"" said Rebecca Vallas, a senior fellow at The Century Foundation. ""The cost of inaction is steep and shameful,"" Vallas continued. ""SSA's 1-800 line is in abysmal shape due to outdated technology and understaffing, and people with disabilities are dying by the thousands waiting for benefits every year due to unconscionable backlogs. Now is the time for Congress and SSA to make a collective and bipartisan commitment to prioritizing SSA's customer service and to taking the steps necessary to ensure all eligible Americans are able to access SSA's critical programs and services when they need them most.""""With every paycheck, working families pay for their earned Social Security benefits -- and for all of the associated administrative costs. SSA should provide these families with the first-class service they have earned. That requires expanding, not reducing, the number of field offices and the size of the workforce. There is plenty of money to do so; Social Security has a $2.9 trillion surplus. It's time for Congress to allow the agency to spend slightly more of that surplus on administering the program. Then, SSA can once again provide the first-rate customer service it was once well known for,"" said Nancy Altman, President of Social Security Works.""SSA has done an admirable job re-opening its field offices after two years of pandemic-related closures. But the Agency remains critically underfunded and cannot continue to do its job indefinitely without adequate resources.  Backlogs that existed before the pandemic have grown exponentially, staff levels have dropped precipitously, and the Agency will need the strong support of Congress if it is to continue fulfilling its mission. SSA's customer service operations must be fully-funded in order to ensure that Americans receive all of the benefits they have earned over a lifetime of work --- and to maintain strong public support for this essential program,"" said Max Richtman, President and CEO, National Committee to Preserve Social Security and Medicare.Source"
government_budget_and_spending,"May 10, 2022",Larson Votes to Provide Additional Support to Ukraine,Rep. John Larson,"Today, Rep. John B. Larson (CT-01) released the following statement after voting to provide nearly $40 billion in emergency funding to support Ukraine as they fight Russia's unprovoked war.""We stand today, tomorrow, and always with the people of Ukraine and their fight for freedom. The world is watching Russia's unwarranted and tragic attack on Ukraine while experiencing rising prices and food insecurity as a result,"" Larson said. ""The Additional Ukraine Supplemental Appropriations Act will provide Ukraine with funding to defend itself and its democracy against Putin's attack, hold Russian oligarchs accountable, address growing food insecurity, and support refugees. The United States has led our allies and partner nations in standing firm against Russia's aggression and supporting Ukraine, and this package is our commitment to continue to do so.""Source"
government_budget_and_spending,"April 28, 2022",Larson Votes for Continued Support to Ukraine Against Putin's War,Rep. John Larson,"Today, the House of Representatives passed the Ukraine Democracy Defense Lend-Lease Act (S. 3522) with Rep. John B. Larson's (CT-01) support, sending this legislation to the President's desk.""We stand with Ukraine and provide additional support as they are under siege from Putin's devastating war,"" said Larson. ""Voting for the Ukraine Democracy Defense Lend-Lease Act is akin to FDR's World War II initiative. This allows the United States to more quickly supply Ukraine with the weapons and supplies they need. Putin's aggression has killed and displaced millions of Ukrainians and has caused devastating inflation around the world. In Congress, both the House and Senate stand united with President Biden in support of Ukraine, draining Putin's war chest, and holding Russia accountable.""Source"
government_budget_and_spending,"April 21, 2022",Larson Responds to Supreme Court Decision to Continue Puerto Rico's Exclusion from SSI Benefits,Rep. John Larson,"Today, Rep. John B. Larson (CT- 01) released the following statement after the Supreme Court ruled to continue excluding the residents of Puerto Rico from receiving Supplemental Security Income (SSI) program.""Today's Supreme Court decision to continue excluding senior and disabled Puerto Ricans from SSI is shameful,"" said Larson. ""Puerto Ricans are Americans and should not be denied the critical support this program provides.As a member of the Ways and Means Committee, I helped ensure the Build Back Better Act would extend SSI to all U.S. territories, and I proudly voted for its passage. It is past time we end the second-class treatment of those who live in American territories.""Source"
government_budget_and_spending,"April 6, 2022",Larson: Social Security Can Help Overcome Racism to Advance Economic Opportunity,Rep. John Larson,"During today's Ways and Means Committee hearing, ""Overcoming Racism to Advance Economic Opportunity"", Rep. John B. Larson (CT-01) highlighted how Social Security could be used to do just that.""Our late colleague, Rep. John Lewis, used to say Social Security is a civil rights issue. People of color experience systemic racism and the vicissitudes of life that result in economic insecurity. Increasing Social Security benefits would uplift everyone but would be especially impactful for people of color, since they are more likely to rely on the most on these benefits. Too many Americans receive below poverty level Social Security checks. This is the fault of the United States government and Congress. It is our duty to make sure these benefits are providing enough for Americans, but we have absconded that duty for 50 years. It's up to government to make that difference and change,"" said Larson.Source"
government_budget_and_spending,"April 4, 2022",Larson Welcomes Reopening of Social Security Offices,Rep. John Larson,"Today, House Ways and Means Social Security Subcommittee Chairman John B. Larson (CT-01) welcomed Social Security Administration (SSA) Acting Commissioner Kijakazi's announcement that Social Security field offices will be resuming in-person services on April 7th.""There is no replacement for the in-person services a Social Security field office offers to beneficiaries. I welcome Acting Commissioner Kijakazi's announcement that field offices will safely reopen to the public on April 7th.  This will allow some of our most vulnerable neighbors access to the benefits they have earned,"" said Larson. ""I applaud the Social Security Administration leadership and the agency's employees for working together to serve the American people.""Larson worked closely with SSA on the reopening of field offices, sending letters about the need to ensure the safety of visitors and employees during the COVID-19 pandemic and the need to ensure that the most vulnerable individuals can access SSA services. He also requested a GAO study on access to SSA services during the pandemic including the disproportionate impact that the closure of field offices to most in-person visitors had on people of color and other historically underserved populations.Source"
government_budget_and_spending,"March 29, 2022",Larson Votes to Strengthen Retirement Security,Rep. John Larson,"Today, Rep. John B. Larson (CT-01) voted for Securing a Strong Retirement Act of 2022. The legislation was crafted in the Ways and Means Committee, on which Larson sits.Click here to Rep. Larson's floor remarks.""The Securing a Strong Retirement Act of 2021 is a great step forward to strengthening Americans' retirement security and I commend Chairman Neal for his leadership. This bill will improve American's retirement security by automatically enrolling employees in their company's 401(k) plan, making it easier for student loan holders to contribute to their 401(k) plan, and more.""It is also why it is critical that we work next to strengthen and expand Social Security,"" said Larson. ""The average Social Security benefit is $18,000. This is simply not enough for beneficiaries to live on. The Ways and Means Committee and the House must take up Social Security 2100: A Sacred Trust to expand benefits and strengthen the program. It is Congress' responsibility to ensure that Social Security benefits are protected and further strengthen Americans' retirements.The Securing a Strong Retirement Act of 2021 will:Promote savings earlier for retirement by enrolling employees automatically in their company's 401(k) plan, when a new plan is created;Create a new financial incentive for small businesses to offer retirement plans;Increase and modernize the Saver's Credit for lower income Americans;Expand retirement savings options for non-profit employees by allowing groups of non-profits to join together to offer retirement plans to their employees;Allow individuals to save for retirement longer by increasing the required minimum distribution age to 75;Offer individuals over 50 more flexibility to set aside savings as they approach retirement;Allow individuals to pay down a student loan instead of contributing to a 401(k) plan and still receive an employer match in their retirement plan;Make it easier for military spouses who change jobs frequently to save for retirement;Allow individuals more flexibility to make gifts to charity through their IRAs;Allow taxpayers to avoid harsh penalties for inadvertent errors managing an IRA that can lead to a loss of retirement savings;Protect retirees who unknowingly receive retirement plan overpayments; andMake it easier for employees to find lost retirement accounts by creating a national, online, database of lost accounts.Source"
government_budget_and_spending,"March 15, 2022","Wall Sheet Journal - Strengthen, Don't Sunset, Social Security",Rep. John Larson,"In ""Why I'm Defying Beltway Cowardice"" (op-ed, March 4), Sen. Rick Scott defends his Rescue America Plan. I give him credit for being honest about what Republicans intend to do: raise taxes on lower- and middle-income Americans and end federal programs after five years. His plan is cruel and would threaten the financial security of all Americans, but he is right on one thing: The public needs to know where their representatives stand, and Congress needs to act.The urgency to act on Social Security is clear. The elderly are not only the most susceptible to this pandemic; since they are on fixed incomes, they are also the most susceptible to inflation. They need help and they need it now. It has been more than 50 years since Congress enhanced Social Security benefits and 39 years since it strengthened the program. That's why Social Security 2100: A Sacred Trust is currently being marked up in the House Ways and Means Committee and has bipartisan support among Americans and more than 200 co-sponsors in Congress. It boosts benefits and strengthens the program.Mr. Scott is right: Americans want solutions, and they want to know where their member of Congress stands. It's time for Congress to stop kicking the can down the road, stop hiding behind the filibuster and cloture rule, and actually debate the proposals and vote.Rep. John Larson (D., Conn.)Source"
government_budget_and_spending,"March 10, 2022",Larson: Slam the Scam,Rep. John Larson,"Today, House Ways and Means Social Security Subcommittee Chairman John B. Larson (CT-01) raised awareness about Social Security scams and how members of the public can protect themselves and fight back. The Social Security Administration and the Office of the Inspector General (OIG) partnered to raise public awareness about Social Security imposter scams during the third annual ""Slam the Scam"" Day on March 10.""Too often Social Security beneficiaries fall prey to scammers. I urge everyone to stay alert and hang up the phone when a scammer calls. Social Security will never suspend your Social Security number, threaten you with arrest unless you send money right away, or promise a benefit approval in exchange for money. If you think a call, text, or email is suspicious hang up or delete it, and never give out your Social Security number,"" said Larson.Social Security employees do occasionally contact the public by telephone for business purposes. Ordinarily, the agency calls people who have recently applied for a Social Security benefit, someone who is already receiving payments and requires an update to their record, or a person who has requested a phone call from the agency. If there is a problem with a person's Social Security number or record, Social Security will typically mail a letter.To report a scam attempt, go to oig.ssa.gov. For more information, please visit www.socialsecurity.gov/scam and www.socialsecurity.gov/antifraudfacts/.Source"
government_budget_and_spending,"March 9, 2022",Larson Votes for Ukraine Support and Government Funding,Rep. John Larson,"Today, Rep. John B. Larson (CT-01) voted for H.R. 2471, an omnibus package consisting of all 12 fiscal year 2022 appropriations bills and supplemental funding to support Ukraine.""I am proud to vote for today's funding package and applaud Chair DeLauro on her leadership to get this package across the finish line. This legislation will provide needed support to Ukraine by allotting $13.6 billion to help them fund their defensive efforts and respond to the humanitarian and refugee crisis caused by Putin's heinous attacks,"" said Larson. ""This package is a strong investment in Connecticut's defense manufacturing ecosystem, including funding for 85 F-35's and $238 million for the East Hartford based Pratt & Whitney F135 engine, including a new $120 million investment for enhancements and modernization and $118 million for four F-35B spare engines. The F-35 program supports more than 6,000 jobs in the First District alone. It also fully funds the government and makes investments to create jobs, help working families, and support our most vulnerable.""""The Machinists in CT truly appreciate Congressman Larson's efforts securing $120 million for F135 modernization and $117 million for spare engines. Our members in Connecticut are essential in providing the power for this aircraft. Results like this help maintain good paying union jobs at both the aircraft manufacturer and our members at Pratt & Whitney,"" said Jeff Santini  Assistant Directing Business Representative /Chief Negotiator District 26, IAMA summary of the omnibus package can be found here.The government funding legislation includes significant investments to:Help Working Families With the Cost of Living: Reduces costs by expanding child care and early learning programs to more working families, investing in America's K-12 public schools, making college more affordable, expanding access to homeownership, and bringing the promise of rural broadband to more communitiesCreate American Jobs: Create good-paying American jobs, putting folks to work rebuilding our infrastructure, helping small businesses grow and thrive, fostering the green energy jobs of tomorrow, and supporting high-quality job training and apprenticeship programs so every American can contribute and succeedSupport the Vulnerable: Supports the vulnerable by meeting Americans basic needs, by strengthening nutrition assistance, funding more affordable housing, and cracking down on gender-based violenceThe legislation also addresses some of our nation's biggest challenges:Protects our National Security: Protects our national security with robust funding for defense, diplomacy and global development, a strong focus on cybersecurity, and investments in responsible border and maritime security that keeps us safe and respects the rights and dignity of migrantsConfronts the Climate Crisis: Confronts the existential threat of climate change through a renewed focus on environmental enforcement, pioneering funding for environmental justice, and historic investments in clean energy and climate scienceStrengthens Public Health: Strengthens health care in America by rebuilding our public health infrastructure, investing in lifesaving biomedical research, and confronting urgent health crises, including maternal health, mental health, substance misuse, and gun violence.Source"
government_budget_and_spending,"Feb. 1, 2022",Social Security Administration Responds to Larson's Request For Customer Service Update,Rep. John Larson,"House Ways and Means Social Security Subcommittee Chairman John B. Larson (CT-01) released the letterhe received from Acting Commissioner of Social Security Kilolo Kijakazi in response to a letter he sent in December 2021asking for information on what actions the Social Security Administration (SSA) is taking to strengthen overall customer service while ensuring the safety of the public and SSA employees during the COVID-19 pandemic.""There is no substitute for the services Americans receive in person at Social Security field offices. While it is imperative that we keep everyone safe during the pandemic, we also must ensure people are able to access the benefits they have earned. I appreciate Acting Commissioner Kijakazi's response. I will continue my oversight of the agency and I will push for improved customer service to meet the needs of all Americans, particularly individuals with disabilities and seniors who often benefit from in person services the most,"" said Larson.Chairman Larson has initiated several audits and reports on SSA customer service during the pandemic. He strongly supported the House-passed appropriations bill led by Chair Rosa DeLauro (CT-03), granting a $1.1 billion increase in funding for SSA to strengthen customer service and reduce delays in disability claims. This bill is awaiting action in the Senate.Chairman Larson recently visited Social Security's East Hartford, CT field office and heard directly from staff about the impact of COVID-19 on SSA's ability to serve the public.Source"
government_budget_and_spending,"Jan. 21, 2022",Larson Applauds Reopening Agreement for Social Security Field Offices,Rep. John Larson,"House Ways and Means Social Security Subcommittee Chairman John B. Larson (CT-01) released the following statement after the Social Security Administration (SSA) reached an agreement with employee unions to reopen Social Security offices to in-person visitors.""Social Security field offices are a vital service to help Americans access their earned benefits. The COVID-19 pandemic has made it harder for people to get the help they need, despite the remarkable efforts of SSA staff to adapt to work-from-home procedures and other COVID-19 safety measures. I am glad the SSA leadership and employee unions were able to reach an agreement to reopen safely. While many constituents can get the help they need online or on the phone, there is no substitute for the in-person services these field offices provide,"" said Larson.Larson recently visited the Social Security field office in East Hartford, CT. Larson has encouraged SSA to open as soon as possible when it is safe to do so and initiated several audits and reports on SSA customer service during the pandemic. He strongly supported the House-passed appropriations bill led by Chairwoman Rosa DeLauro (CT-03), granting a $1.1 billion increase in funding for SSA to strengthen customer service, reduce delays in disability claims and resume mailing Social Security Statements to all covered workers not yet receiving benefits. This bill is awaiting action in the Senate.Larson has introduced the bipartisan Know Your Social Security Act (H.R. 4143) to ensure annual statements are mailed to all workers rather than just making them available online and Social Security 2100: A Sacred Trust (H.R. 5723), landmark legislation that would expand benefits for all Social Security beneficiaries and extend the solvency of the Social Security trust fund.Source"
criminal_justice,"Feb. 16, 2022","Letter to Hon. Kilolo Kijakazi, Acting Commissioner Social Security Administration - Larson, Davis Urge Social Security to Reconsider Use of Facial Recognition Technology","Rep. John Larson, ...","Dear Acting Commissioner Kijakazi,We write to express concerns about the use of facial recognition technology as part of the Social Security Administration's (SSA's) online identity verification process, via ID.me or other platforms. We urge you to reconsider use of facial recognition vendors and work with us to ensure privacy and equitable access for all Americans.As Acting Commissioner and throughout your career, you have demonstrated an enduring commitment to ensuring equity in SSA's programs and services -- a commitment that we strongly share. However, it has become increasingly apparent that use of facial recognition technologies is likely to result in disparate access to online services for people of color, and poses serious privacy and civil liberty risks. SSA's current use of facial recognition via ID.me is a legacy left from the prior administration that we hope you will reconsider -- as the Internal Revenue Service recently did -- and replace with more equitable and appropriate approaches to identity verification.SSA's online my Social Security accounts allow the public to access essential services, including requesting a replacement Social Security card, checking the status of a Social Security or Supplemental Security Income benefit application, estimating future Social Security benefits, and managing current benefits. Identity verification for individuals seeking to create a my Social Security account helps to ensure the security of SSA's online accounts, prevent fraud, and allow individuals to securely access their personal information online. Unfortunately, the previous administration chose to make ID.me, which uses facial recognition as part of its identity verification process for most users, one of the pathways to these essential services. We have serious concerns with this technology, especially with respect to ensuring equitable access.First, it is well established that facial recognition software has significant disparities in accuracy by race, as well as by age and gender. An extensive body of research documents that suchActing Commissioner Kijakazi February 16, 2022Page 2software generally misidentifies darker-skinned people (along with women and older people) far more often than it misidentifies white people, especially white men. As a result, using facial recognition as part of SSA's online authentication -- whether directly or via a third-party platform like ID.me -- means people of color and women may be disproportionately likely to be unable to successfully verify their identities online, potentially limiting their access to SSA's online services. This disparate access is especially serious given that the current COVID-19 environment has closed SSA's field offices, meaning that individuals who cannot authenticate online have limited alternate methods to create an online my Social Security account.Second, SSA's use of facial recognition, especially through a private contractor, raises serious privacy and civil liberty concerns. Biometric data such as facial photographs are especially sensitive because of the potential for identifying and tracking individuals in public without their knowledge, and because one's face cannot be changed in the event of a breach or misuse of the data. In particular, ""selfie"" photographs that individuals submit for the singular purpose of accessing SSA services online must be fully protected from any additional use or reuse for other purposes, including law enforcement and commercial purposes.Finally, in addition to our general concerns about facial recognition privacy and equity, there have been numerous concerning reports of individuals facing challenging if not insurmountable barriers as they attempt to use the ID.me platform specifically. These barriers can include lack of smartphones or the technology skills to submit photos and documents, lack of any method for assistance until the user has successfully completed several complicated steps, and hours-long wait times for assistance. ID.me's recent announcement that it will allow individuals to opt out of facial recognition does not address these concerns, nor does it prevent individuals from defaulting into using ID.me's facial recognition process.We were pleased to see SSA acknowledge widespread concerns over many aspects of facial recognition, in comments submitted to the National Institute of Standards and Technology in 2020, when SSA also ""urge[d] NIST to identify an alternative mechanism to remotely verify identity.""We look forward to working with you to identify ways to verify identity securely while providing equitable access to SSA benefits and services for all individuals. We urge you to carefully evaluate options for ending use of facial recognition at SSA, and to work with NIST to identify secure and accessible alternatives. We welcome your response.Source"
entitlements_and_safety_net,"March 29, 2022","Larson, Reed Reintroduce Bill to Help Victims of Identity Theft","Rep. John Larson, ...","Today, House Ways and Means Social Security Subcommittee Chairman John B. Larson (CT-01) and Ranking Member Tom Reed (NY-23) reintroduced the Improving Social Security's Service to Victims of Identity Theft Act. This bill would require the Social Security Administration (SSA) to provide identity theft victims with a single point of contact within SSA when the misuse of their Social Security number (SSN) results in the need to resolve one or more issue(s) with SSA. A companion piece of legislation was introduced in the Senate by Senators Sinema, Grassley, Wyden, and Crapo.""Americans are increasingly vulnerable to the hacking of their identities. As hackers get more creative, it is critical that victims of identity theft have a single point of contact they can reach out to resolve problems with their Social Security number. That is why I, along with Ranking Member Reed, have reintroduced the Improving Social Security's Service to Victims of Identity Theft Act. This legislation will provide a single point of contact in the Social Security Administration that will be responsible for resolving Social Security-related issues in connection with the theft. This will hopefully ease the burden for people who are victims of identity theft,"" said Larson.""Identity theft causes significant damage and frustration to its victims. The last thing victims of identity theft need is more frustration by getting bounced around from one federal employee to the next when they're trying to undo the damage. This is why I'm proud to join Chairman Larson in reintroducing the Improving Social Security's Service to Victims of Identity Theft Act, which will help ensure that dealing with the SSA to resolve an issue related to identity theft is one less thing to worry about,"" said Reed.The bill text can be found here.A fact sheet on the bill can be found here.Source"
entitlements_and_safety_net,"March 2, 2022","Social Security OIG Releases Larson, Reed Requested Report on COVID-19 Safety","Rep. John Larson, ...","Yesterday, the Social Security Administration's Office of the Inspector General released a report, ""Safety of Employees and Visitors Since March 2020"", that House Ways and Means Social Security Subcommittee Chairman John B. Larson (CT-01) and Republican Leader Tom Reed (NY-23) requested. The report can be found here.""I thank the Social Security Administration's (SSA) Office of the Inspector General (OIG) for conducting this report. SSA must do everything it can to ensure Americans are able to access their earned benefits, while keeping employees and the public safe. The OIG found that due to COVID-19, SSA limited the number of field office visitors, maximized telework, and took a number of additional measures to protect health and safety of both employees and visitors. Unfortunately, many individuals have struggled to obtain their benefits during the pandemic. The report's findings are timely as SSA works to reopen its field offices to the public,"" said Larson.""As this and other reports from the Social Security Administration's (SSA) Office of Inspector General (OIG) have shown, the initial response to COVID-19 necessitated a drastic change in how the SSA conducted business, including the closure of offices to the general public. While the OIG's report paints a picture of an agency largely focused on the health and welfare of both the public and its workforce, it also demonstrates how the SSA's response reduced the public's access to services and raises concerns about prioritizing the safety of some employees over others. I look forward to continuing to work with the OIG and the SSA to ensure that these issues are addressed as offices begin to reopen to the public,"" said Reed.Source"
government_budget_and_spending,"March 29, 2022","Larson, Reed Reintroduce Bill to Help Victims of Identity Theft","Rep. John Larson, ...","Today, House Ways and Means Social Security Subcommittee Chairman John B. Larson (CT-01) and Ranking Member Tom Reed (NY-23) reintroduced the Improving Social Security's Service to Victims of Identity Theft Act. This bill would require the Social Security Administration (SSA) to provide identity theft victims with a single point of contact within SSA when the misuse of their Social Security number (SSN) results in the need to resolve one or more issue(s) with SSA. A companion piece of legislation was introduced in the Senate by Senators Sinema, Grassley, Wyden, and Crapo.""Americans are increasingly vulnerable to the hacking of their identities. As hackers get more creative, it is critical that victims of identity theft have a single point of contact they can reach out to resolve problems with their Social Security number. That is why I, along with Ranking Member Reed, have reintroduced the Improving Social Security's Service to Victims of Identity Theft Act. This legislation will provide a single point of contact in the Social Security Administration that will be responsible for resolving Social Security-related issues in connection with the theft. This will hopefully ease the burden for people who are victims of identity theft,"" said Larson.""Identity theft causes significant damage and frustration to its victims. The last thing victims of identity theft need is more frustration by getting bounced around from one federal employee to the next when they're trying to undo the damage. This is why I'm proud to join Chairman Larson in reintroducing the Improving Social Security's Service to Victims of Identity Theft Act, which will help ensure that dealing with the SSA to resolve an issue related to identity theft is one less thing to worry about,"" said Reed.The bill text can be found here.A fact sheet on the bill can be found here.Source"
government_budget_and_spending,"March 2, 2022","Social Security OIG Releases Larson, Reed Requested Report on COVID-19 Safety","Rep. John Larson, ...","Yesterday, the Social Security Administration's Office of the Inspector General released a report, ""Safety of Employees and Visitors Since March 2020"", that House Ways and Means Social Security Subcommittee Chairman John B. Larson (CT-01) and Republican Leader Tom Reed (NY-23) requested. The report can be found here.""I thank the Social Security Administration's (SSA) Office of the Inspector General (OIG) for conducting this report. SSA must do everything it can to ensure Americans are able to access their earned benefits, while keeping employees and the public safe. The OIG found that due to COVID-19, SSA limited the number of field office visitors, maximized telework, and took a number of additional measures to protect health and safety of both employees and visitors. Unfortunately, many individuals have struggled to obtain their benefits during the pandemic. The report's findings are timely as SSA works to reopen its field offices to the public,"" said Larson.""As this and other reports from the Social Security Administration's (SSA) Office of Inspector General (OIG) have shown, the initial response to COVID-19 necessitated a drastic change in how the SSA conducted business, including the closure of offices to the general public. While the OIG's report paints a picture of an agency largely focused on the health and welfare of both the public and its workforce, it also demonstrates how the SSA's response reduced the public's access to services and raises concerns about prioritizing the safety of some employees over others. I look forward to continuing to work with the OIG and the SSA to ensure that these issues are addressed as offices begin to reopen to the public,"" said Reed.Source"
government_budget_and_spending,"Feb. 16, 2022","Letter to Hon. Kilolo Kijakazi, Acting Commissioner Social Security Administration - Larson, Davis Urge Social Security to Reconsider Use of Facial Recognition Technology","Rep. John Larson, ...","Dear Acting Commissioner Kijakazi,We write to express concerns about the use of facial recognition technology as part of the Social Security Administration's (SSA's) online identity verification process, via ID.me or other platforms. We urge you to reconsider use of facial recognition vendors and work with us to ensure privacy and equitable access for all Americans.As Acting Commissioner and throughout your career, you have demonstrated an enduring commitment to ensuring equity in SSA's programs and services -- a commitment that we strongly share. However, it has become increasingly apparent that use of facial recognition technologies is likely to result in disparate access to online services for people of color, and poses serious privacy and civil liberty risks. SSA's current use of facial recognition via ID.me is a legacy left from the prior administration that we hope you will reconsider -- as the Internal Revenue Service recently did -- and replace with more equitable and appropriate approaches to identity verification.SSA's online my Social Security accounts allow the public to access essential services, including requesting a replacement Social Security card, checking the status of a Social Security or Supplemental Security Income benefit application, estimating future Social Security benefits, and managing current benefits. Identity verification for individuals seeking to create a my Social Security account helps to ensure the security of SSA's online accounts, prevent fraud, and allow individuals to securely access their personal information online. Unfortunately, the previous administration chose to make ID.me, which uses facial recognition as part of its identity verification process for most users, one of the pathways to these essential services. We have serious concerns with this technology, especially with respect to ensuring equitable access.First, it is well established that facial recognition software has significant disparities in accuracy by race, as well as by age and gender. An extensive body of research documents that suchActing Commissioner Kijakazi February 16, 2022Page 2software generally misidentifies darker-skinned people (along with women and older people) far more often than it misidentifies white people, especially white men. As a result, using facial recognition as part of SSA's online authentication -- whether directly or via a third-party platform like ID.me -- means people of color and women may be disproportionately likely to be unable to successfully verify their identities online, potentially limiting their access to SSA's online services. This disparate access is especially serious given that the current COVID-19 environment has closed SSA's field offices, meaning that individuals who cannot authenticate online have limited alternate methods to create an online my Social Security account.Second, SSA's use of facial recognition, especially through a private contractor, raises serious privacy and civil liberty concerns. Biometric data such as facial photographs are especially sensitive because of the potential for identifying and tracking individuals in public without their knowledge, and because one's face cannot be changed in the event of a breach or misuse of the data. In particular, ""selfie"" photographs that individuals submit for the singular purpose of accessing SSA services online must be fully protected from any additional use or reuse for other purposes, including law enforcement and commercial purposes.Finally, in addition to our general concerns about facial recognition privacy and equity, there have been numerous concerning reports of individuals facing challenging if not insurmountable barriers as they attempt to use the ID.me platform specifically. These barriers can include lack of smartphones or the technology skills to submit photos and documents, lack of any method for assistance until the user has successfully completed several complicated steps, and hours-long wait times for assistance. ID.me's recent announcement that it will allow individuals to opt out of facial recognition does not address these concerns, nor does it prevent individuals from defaulting into using ID.me's facial recognition process.We were pleased to see SSA acknowledge widespread concerns over many aspects of facial recognition, in comments submitted to the National Institute of Standards and Technology in 2020, when SSA also ""urge[d] NIST to identify an alternative mechanism to remotely verify identity.""We look forward to working with you to identify ways to verify identity securely while providing equitable access to SSA benefits and services for all individuals. We urge you to carefully evaluate options for ending use of facial recognition at SSA, and to work with NIST to identify secure and accessible alternatives. We welcome your response.Source"
