topic,date,title,politician,full_text
civil_liberties_and_rights,"Nov. 16, 2022",Romney Statement on the Respect for Marriage Act,Sen. Willard Romney,"U.S. Senator Romney (R-UT) today announced he will vote to advance the Respect for Marriage Act. He also plans to support a bipartisan amendment offered by Senators Tammy Baldwin (D-WI), Susan Collins (R-ME), Kyrsten Sinema (D-AZ), and Thom Tillis (R-NC) to strengthen religious liberty protections in the bill. On Tuesday, the Church of Jesus Christ of Latter-day Saints voiced support for this approach.""This legislation provides important protections for religious liberty--measures which are particularly important to protect the religious freedoms of our faith-based institutions. I appreciate the efforts of Senators Baldwin, Collins, and others to address this concern, and heartily support their legislation.""While I believe in traditional marriage, Obergefell is and has been the law of the land upon which LGBTQ individuals have relied. This legislation provides certainty to many LGBTQ Americans, and it signals that Congress--and I--esteem and love all of our fellow Americans equally.""Source"
civil_liberties_and_rights,"Feb. 16, 2022","Senators Romney, Brown Introduce Bipartisan African American Burial Grounds Preservation Act",Sen. Willard Romney,"U.S. Senator Mitt Romney (R-UT) joined Senator Sherrod Brown (D-OH) in introducing the African American Burial Grounds Preservation Act, bipartisan legislation which would establish a program at the National Park Service to provide grant opportunities and technical assistance to local partners to research, identify, survey, and preserve historic African American burial grounds across the country.""Burial grounds are a place of solemn remembrance, allowing us to connect the present with the past and honor the history of our loved ones and communities,"" said Senator Romney. ""It is important to preserve and protect African-American cemeteries around the country for generations to come.""""As a nation, we have not invested the necessary resources to preserve these hallowed grounds. That's why we've worked with the community, and with civil rights, veterans, and historic preservation groups to introduce bipartisan legislation to preserve historic Black burial grounds around the country,"" said Senator Brown. ""Cemeteries like Union Baptist are important historical sites, and they're tools for education and understanding the American story. We need to act now before these sites are lost to the ravages of time or development.""Source"
criminal_justice,"Nov. 16, 2022",Romney Statement on the Respect for Marriage Act,Sen. Willard Romney,"U.S. Senator Romney (R-UT) today announced he will vote to advance the Respect for Marriage Act. He also plans to support a bipartisan amendment offered by Senators Tammy Baldwin (D-WI), Susan Collins (R-ME), Kyrsten Sinema (D-AZ), and Thom Tillis (R-NC) to strengthen religious liberty protections in the bill. On Tuesday, the Church of Jesus Christ of Latter-day Saints voiced support for this approach.""This legislation provides important protections for religious liberty--measures which are particularly important to protect the religious freedoms of our faith-based institutions. I appreciate the efforts of Senators Baldwin, Collins, and others to address this concern, and heartily support their legislation.""While I believe in traditional marriage, Obergefell is and has been the law of the land upon which LGBTQ individuals have relied. This legislation provides certainty to many LGBTQ Americans, and it signals that Congress--and I--esteem and love all of our fellow Americans equally.""Source"
criminal_justice,"Feb. 16, 2022","Senators Romney, Brown Introduce Bipartisan African American Burial Grounds Preservation Act",Sen. Willard Romney,"U.S. Senator Mitt Romney (R-UT) joined Senator Sherrod Brown (D-OH) in introducing the African American Burial Grounds Preservation Act, bipartisan legislation which would establish a program at the National Park Service to provide grant opportunities and technical assistance to local partners to research, identify, survey, and preserve historic African American burial grounds across the country.""Burial grounds are a place of solemn remembrance, allowing us to connect the present with the past and honor the history of our loved ones and communities,"" said Senator Romney. ""It is important to preserve and protect African-American cemeteries around the country for generations to come.""""As a nation, we have not invested the necessary resources to preserve these hallowed grounds. That's why we've worked with the community, and with civil rights, veterans, and historic preservation groups to introduce bipartisan legislation to preserve historic Black burial grounds around the country,"" said Senator Brown. ""Cemeteries like Union Baptist are important historical sites, and they're tools for education and understanding the American story. We need to act now before these sites are lost to the ravages of time or development.""Source"
defense,"May 22, 2022",We Must Prepare for Putin's Worst Weapons,Sen. Willard Romney,"Russia's foreign minister and its ambassador to the United States have both signaled that Russia's debacle in Ukraine could lead to a nuclear strike. By claiming that Russia is readying its weapons, by warning of a ""serious"" risk of nuclear escalation and by declaring ""there are few rules left,"" they purposefully rattled the ultimate saber. Vladimir Putin himself has noted that he has weapons his opponents do not and that he will ""use them, if needed."" Even the C.I.A. director, William Burns, has warned of the possibility that Mr. Putin could use a tactical nuclear weapon, even if there is no ""practical evidence"" right now to suggest it is imminent. Nevertheless, we should be prepared; the former secretary of state Henry Kissinger has argued that we should give the threat consideration.We should imagine the unimaginable, specifically how we would respond militarily and economically to such a seismic shift in the global geopolitical terrain.President Biden is right not to have elevated our nuclear DEFCON level. Nor has the administration's rhetoric stooped to Mr. Putin's bait. In 2012, I noted that Russia was the biggest geopolitical adversary to the United States, and it clearly remains a source of great concern to both Republicans and Democrats. Given the magnitude of consequence of a nuclear strike, our potential options merit thought, by our leaders and by American citizens alike.By invading Ukraine, Mr. Putin has already proved that he is capable of illogical and self-defeating decisions. If he loses in Ukraine, he not only will have failed to achieve his life's ambition to reverse what he sees as the ""greatest geopolitical catastrophe"" of the 20th century -- the collapse of the Soviet Union -- but he will also have permanently diminished Russia as a great power and reinvigorated its adversaries. It is possible that Mr. Putin could face significant internal challenges to his leadership. In such a circumstance, he may be able to convince himself that the United States and the West are the reason he invaded Ukraine and that the propaganda he has deployed to justify this immoral invasion was true from the beginning.Some will conclude that to avoid provoking Russia -- and thus avoid the prospect of a possible Russian nuclear strike -- we should pre-emptively restrain Ukraine from routing the Russian military. We could limit the weapons we send, hold back on intelligence and pressure President Volodymyr Zelensky to settle. I disagree; free nations must continue to support Ukrainians' brave and necessary defense of their country. Failing to continue to support Ukraine would be like paying the cannibal to eat us last. If Mr. Putin, or any other nuclear power, can invade and subjugate with near impunity, then Ukraine would be only the first of such conquests. Inevitably, our friends and allies would be devoured by brazen, authoritarian nuclear powers, the implications of which would drastically alter the world order.The right answer is to continue to give Ukraine all the support it needs to defend itself and to win. Its military successes may force Mr. Putin to exit Ukraine or to agree to a cease-fire acceptable to the Ukrainian people. Perhaps his control of Russian media would enable him to spin a loss into a face-saving narrative at home. These are the outcomes he would be smart to take. But if a cornered and delusional Mr. Putin were to instead use a nuclear weapon -- whether via a tactical strike or by weaponizing one of Ukraine's nuclear power plants -- we would have several options.There are some who would argue for a nuclear response. But there is a wide range of options, and they need not be mutually exclusive. For example, NATO could engage in Ukraine, potentially obliterating Russia's struggling military. Further, we could confront China and every other nation with a choice much like that George W. Bush gave the world after Sept. 11: You are either with us, or you are with Russia -- you cannot be with both.Russia's use of a nuclear weapon would unarguably be a redefining, reorienting geopolitical event. Any nation that chose to retain ties with Russia after such an outrage would itself also become a global pariah. Some or all of its economy would be severed from that of the United States and our allies. Today, the West represents over half of the global G.D.P. Separating any nation from our combined economies could devastate it. The impact on Western economies could be significant, but the impact on the economies of Russia and its fellow travelers would be much worse. It could ultimately be economic Armageddon, but that is far preferable to nuclear Armageddon.Together with our key NATO allies, we should develop and evaluate a broad range of options. I presume the president and the administration are already engaged in such a process. The potential responses to an act so heinous and geopolitically disorienting as a nuclear strike must be optimally designed and have the support of our NATO allies. Mr. Putin and his enablers should have no doubt that our answer to such depravity would be devastating.Opinion published in the New York Times.Source"
defense,"Feb. 23, 2022",Romney Statement on Putin's Invasion of Ukraine,Sen. Willard Romney,"U.S. Senator Mitt Romney (R-UT) today released the following statement on Vladimir Putin's invasion of Ukraine:""Putin's Ukraine invasion is the first time in 80 years that a great power has moved to conquer a sovereign nation. It is without justification, without provocation and without honor.""Putin's impunity predictably follows our tepid response to his previous horrors in Georgia and Crimea, our naive efforts at a one-sided ""reset,' and the shortsightedness of ""America First.' The ""80s called' and we didn't answer""The peril of again looking away from Putin's tyranny falls not just on the people of the nations he has violated, it falls on America as well. History shows that a tyrant's appetite for conquest is never satiated.""America and our allies must answer the call to protect freedom by subjecting Putin and Russia to the harshest economic penalties, by expelling them from global institutions, and by committing ourselves to the expansion and modernization of our national defense.""Source"
defense,"Feb. 18, 2022",Senate Passes Romney-Sponsored Resolution in Resounding Show of Bipartisan Support for Ukraine against Russian Aggression,Sen. Willard Romney,"U.S. Senator Mitt Romney (R-UT), member of the Senate Foreign Relations Committee, applauded Senate passage of a bipartisan resolution, introduced by Senator Jeanne Shaheen (D-NH) and Senator Rob Portman (R-OH), in support of Ukraine in the face of increased Russian aggression.The Senators' resolution is a renewed bipartisan message from the U.S. Senate in fierce support of the United States' Ukrainian partners in response to President Putin's escalating aggression.The resolution is also cosponsored by Senate Foreign Relations Committee Chairman and Ranking Member, Bob Menendez (D-NJ) and Jim Risch (R-ID), as well as Senate Majority Whip Dick Durbin (D-IL) and U.S. Senators John Cornyn (R-TX), Chris Coons (D-DE), Mike Crapo (R-ID), Richard Blumenthal (D-CT), Kevin Cramer (R-ND), Tom Carper (D-DE), Chuck Grassley (R-IA), Raphael Warnock (D-GA), Lindsey Graham (R-SC), Michael Bennet (D-CO), Shelley Moore Capito (R-WV), John Hickenlooper (D-CO), Richard Burr (R-NC), Jacky Rosen (D-NV), John Hoeven (R-ND), Patty Murray (D-WA), Tim Kaine (D-VA), Tammy Duckworth (D-IL), Tim Scott (R-SC), Sherrod Brown (D-OH), Rick Scott (R-FL), Dianne Feinstein (D-CA), Marsha Blackburn (R-TN), Mazie Hirono (D-HI), John Barrasso (R-WY), Bill Cassidy (R-LA), Maggie Hassan (D-NH), Ron Johnson (R-WI), Alex Padilla (D-CA), Jerry Moran (R-KS), Jeff Merkley (D-OR), John Kennedy (R-LA), Angus King (I-ME), Marco Rubio (R-FL) Lisa Murkowski (R-AK), Dan Sullivan (R-AK) and Susan Collins (R-ME).Source"
energy,"March 14, 2022","Romney, Colleagues Tell President Biden: An Iran Agreement Without Broad Congressional Support Will Not Survive",Sen. Willard Romney,"Forty-nine Republican senators, including Senator Mitt Romney (R-UT), today in a joint statement told the Biden Administration they will not support the revived Joint Comprehensive Plan of Action (JCPOA) with Iran, which, according to public reports, will weaken sanctions and lessen restrictions on Iran's nuclear program:""According to press reports, the Biden Administration may soon conclude an agreement with Iran to provide substantial sanctions relief in exchange for merely short-term limitations on Iran's nuclear program.""By every indication, the Biden Administration appears to have given away the store. The administration appears to have agreed to lift sanctions that were not even placed on Iran for its nuclear activities in the first place, but instead because of its ongoing support for terrorism and its gross abuses of human rights. The nuclear limitations in this new deal appear to be significantly less restrictive than the 2015 nuclear deal, which was itself too weak, and will sharply undermine U.S. leverage to secure an actually ""longer and stronger' deal. What is more, the deal appears likely to deepen Iran's financial and security relationship with Moscow and Beijing, including through arms sales.""The administration has thus far refused to commit to submit a new Iran deal to the Senate for ratification as a treaty, as per its constitutional obligation, or for review under statutory requirements that passed on a bipartisan basis in response to the 2015 deal. Additionally, despite earlier promises to the contrary, the administration has failed to adequately consult with Congress.""Republicans have made it clear: We would be willing and eager to support an Iran policy that completely blocks Iran's path to a nuclear weapons capability, constrains Iran's ballistic missile program, and confronts Iran's support for terrorism. But if the administration agrees to a deal that fails to achieve these objectives or makes achieving them more difficult, Republicans will do everything in our power to reverse it. Unless Iran ceases its support for terrorism, we will oppose removing and seek to reimpose any terrorism-related sanctions. And we will force the Senate to vote on any Administration effort to do so.""We strongly urge the administration, our Democrat colleagues, and the international community to learn the lessons of the very recent past. A major agreement that does not have strong bipartisan support in Congress will not survive.""Source"
government_budget_and_spending,"Aug. 7, 2022",Romney Statement on Passage of Yet Another Partisan and Reckless Spending Bill,Sen. Willard Romney,"U.S. Senator Mitt Romney (R-UT) today released the following statement after the Senate Democrats' unilaterally passed the Inflation Reduction Act--yet another reckless taxing-and-spending spree being touted as ""anti-inflation"" legislation.""In March of last year, the Democrats passed their $1.9 trillion American Rescue Plan. Predictably, it contributed to the inflation we are seeing today. Americans are falling further and further behind as they face skyrocketing prices on everything from food to energy and medicines. Today, Democrats returned to their same tired playbook to raise taxes, spend more money, and expand the size of government. Every single Republican senator fought to stop their one-sided, partisan bill. Democrats called it an act to combat inflation. It does the opposite.""Rather than listening to the American people who are suffering from inflation, Democrats have voted for a liberal wish list. It reduces oil and gas production, it raises taxes that companies will pass on to consumers, and it doubles the number of IRS auditors in order to audit more Americans.""The American people, who are drowning in debt and inflation, needed a life preserver and Democrats gave them a bag of hammers.""Source"
government_budget_and_spending,"April 4, 2022",Romney Announces Deal on COVID Funding,Sen. Willard Romney,"U.S. Senator Mitt Romney (R-UT) today announced an agreement on a deal to provide $10 billion in funding for urgent COVID needs and therapeutics by repurposing unspent COVID funds primarily from the Democrats' American Rescue Plan. Text of the bill can be found here, the CBO score of the bill can be found here, and a one-pager can be found here.""From the beginning, Senate Republicans have insisted that any new requests from the Administration for COVID funding be paid for by repurposing existing funds from the nearly $6 trillion in COVID legislation that the Senate has already passed,"" Senator Romney said. ""Today's agreement does just that by repurposing $10 billion to provide needed domestic COVID health response tools. Half of the funding will be used for the development and purchase of therapeutics--potentially eliminating the need for future vaccine and mask mandates. Importantly, this bill is comprised of dollar-for-dollar offsets and will not cost the American people a single additional dollar. While this agreement does not include funding for the U.S. global vaccination program, I am willing to explore a fiscally-responsible solution to support global efforts in the weeks ahead. I appreciate the efforts of Leader Schumer, and Senators Blunt, Burr, and Graham during these negotiations, and I believe that the legislation deserves broad bipartisan support.""Summary of the COVID deal:FUNDING: $10 billion for the Department of Health and Human Services, all in the Public Health and Social Services Emergency Fund (PHSSEF).$9.25 billion for the Biomedical Advanced Research and Development Authority (BARDA). Of which, not less than $5 billion to research, develop, manufacture, produce, purchase, and administer therapeutics and not less than $750 million for research and clinical trials for emerging coronavirus variants and to support the sustainment and expansion of vaccine manufacturing capacity.PAYFORS: $10 billion in dollar-for-dollar offsets, provided by repurposing unspent COVID funds, will supply $10 billion in funding for therapeutics and urgent COVID needs. CBO has scored each of the offsets as a savings in outlays.SBA Shuttered Venues Operators Grants--$1.93 billionSBA Economic Injury Disaster Loans--$900 millionUSDA ARP and CARES--$1.6 billionTransportation Aviation Manufacturing Jobs Protection Program--$2.31 billionHigher Education Emergency Relief Fund--$500 millionLocal Assistance and Tribal Consistency Fund--$887 millionTreasury State Small Business Credit Initiative--$1.873 billion*Note: Rescinds $2.13 billion in budget authority to yield an outlay savings of $1.873 billionSource"
government_budget_and_spending,"March 30, 2022",Romney: We Will Be in a Heap of Trouble if We Don't Tackle the National Debt,Sen. Willard Romney,"During a Budget Committee hearing on President Biden's $5.8 trillion Fiscal Year 2023 budget, U.S. Senator Mitt Romney (R-UT) raised the urgent need to tackle our long-term deficits. Using examples of collapsed economies around the world, like Greece and Italy, Romney warned of economic calamities that the U.S. would face if Washington continues to ignore its out-of-control spending. Romney's statement on the President's budget can be found here.A transcript of Senator Romney's exchange with Office of Management and Budget Director Shalanda Young can be found below and video can be found here.Senator Romney: This is a slide, I'm not sure you have seen this, Mr. Chairman. I'm sure you have and other members have--the debt held by the public, not total debt. This is debt held by the public in our country, historically going back to 1900 and where we are today. The debt held by the public is approximately 100% of the GDP of the country. The last two countries that got into real trouble and had a collapse of their currency and their debt were Greece and Italy. Greece reached almost the same number, about 105% and Italy about 109% of GDP.  If you look at the budget that you have provided to us, you take us to 200% debt as a percentage of the GDP. I don't know what you all believe that does. I want to make sure the Chairman gets a chance to see that. Here's the level of debt that Italy had. Greece had financial distress and we're at 100% of GDP right now. According to this budget, we get to 200% of the GDP of our debt held by the public. Now, I'm a financial guy, and I know that if something like that happens, there will be economic calamity. People will stop loaning money to the United States. Interest rates will go through the roof, not going up 2%, 3%, 4%, but like what happened in Greece and Italy. At some point, there is a dramatic departure from what we've all experienced. I don't know what that point is. I have asked financial people, ""where does it happen, when is it that we hit the cliff?"" Do you have sense of what level of debt you can't go beyond as a percentage of GDP--debt held by the public? Do you have a sense of what that is?OMB Director Shalanda Young: Senator, what I have is the percentage of GDP is about 106% in the 2032. So, I just want to start with the difference.Senator Romney: This goes to 2050.Director Young: Our budget goes to 2032.Senator Romney: Yes, and CBO takes it all the way out.Director Young: We believe that the way to look at debt is what it costs to service the debt. We believe that remains at historic low rate and doesn't crowd out other investments so we don't end up in the same situations you saw in other countries.Senator Romney: So you just look at how much it costs and if the interest rates are low to service the debt. So what would you have said to every other country that has gotten to this level that has had an economic collapse? That they were just wrong? What happens is when people are afraid you can't pay back the debt because of how high it is as a percentage of your economy, they start asking for a higher interest rate. When they do so, the amount you're having to spend to service the debt gets to be back breaking. Every major civilization that's gone down this path has ended up having their currency no longer become the reserve currency of the world and have economic collapse. We simply cannot continue on a road of adding a trillion dollars of debt every year. Let me look at the other slide. Every single year in your ten-year forecast you're showing deficits of over a trillion dollars a year. I don't know how when the economy is doing, well we can keep adding a trillion dollars a year to the debt without it at some point reaching calamity. And so does the Administration have a plan to deal with this? Is there some way we can stop these trillion dollar annual deficits and putting us on a road of financial distress?Director Young: We're doing it--$1.3 trillion in deficit deduction this year.Senator Romney: The Democrats passed a massive COVID bill. COVID was an extraordinary event, and we passed a lot of money to help people through that. Is there any reduction in spending that the Administration has proposed other than COVID spending in this new budget?Director Young: COVID spending costs just as much as any other spending. This president--had he not done ARP [American Rescue Plan], many economists, including Moody's, believe we'd be in a double digit recession.Senator Romney: I'm all in favor of COVID spending. I think ARP and the amount of money that was sent to states when states didn't need it, and I think this number is just roundabout--California had a $60 billion surplus last year and ARP sent them $40 billion more. The waste in that and ARP, as well as other programs, is unbelievable. I know my time is up. I make the point that if you look at what you're doing over this budget, you're seeing that all of the increases in mandatory programs, the massive increases in mandatory programs, and if we're ever going to get a handle on our debt, we'll have to find a way to either increase revenue--which I don't favor--or find a way to adjust our long-term benefits--not for current retirees--but for young people coming along. We have to be able to find a way to balance these programs or we'll find ourselves in a heap of trouble.Source"
government_budget_and_spending,"March 28, 2022",Romney Statement on the President's Budget,Sen. Willard Romney,"U.S. Senator Mitt Romney (R-UT) today released a statement following the release of President Biden's $5.8 trillion  FY23 budget:""We have got to get our federal spending under control--and the President's budget offers an unserious proposal to reduce our deficit that is nowhere near a long-term solution. Hardworking Americans are suffering real economic harm due to historic levels of inflation, which is a direct result of Washington's failure to address its spending problem. The President's budget still borrows a tremendous amount of money and does nothing to address the two-thirds of our federal spending that is automatic. Additionally, the President's misguided plan to increase taxes on America's job-creators will put U.S. businesses at a competitive disadvantage with countries like China, causing further harm to our economy.""Source"
government_budget_and_spending,"March 17, 2022","Romney, Colleagues Introduce Resolution Urging MiG-29 Transfer to Ukraine",Sen. Willard Romney,"U.S. Senator Mitt Romney (R-UT) joined his colleagues, led by Senator Lindsey Graham (R-SC), in introducing a Senate resolution urging the Biden Administration to facilitate the transfer of aircraft, such as MiG-29s, and air defense systems to Ukraine. The resolution text can be found here.""We must do everything in our power to help the people of Ukraine defend themselves against the monstrous actions of Vladimir Putin,"" Senator Romney said. ""That means getting them the capabilities they need--MiG-29 jets, air defense systems, anti-tank missiles, ammunition--to fight and keep their land and skies safe. America has a responsibility to defend freedom around the world, and we must not wait any longer--get Ukraine what they need now.""""I'm urging the Senate to speak with one voice, to meet the moment,"" said Senator Graham. ""We've been talking. We have written letters. Now it's time to take votes. If we had a vote on the resolution to supply the Ukrainian military with the MiG fighters and other air defense systems, it would be a shot in the arm to Ukrainian people and their military. It would be a blow to Putin. If we do this soon, I think it really could help the outcome of this conflict.""The resolution:Encourages the President of the United States to support the transfer of aircraft, such as MiG-29s, and air defense systems to Ukraine.Supports continued efforts by members of the North Atlantic Treaty Organization and other countries around the globe to identify additional aviation and air defense capabilities to transfer to the Armed Forces of Ukraine.Expresses that the Senate stands with Ukrainian President Volodymyr Zelensky and the Ukrainian people in their struggle against Russian aggression.The resolution is also cosponsored by Senators Joni Ernst (R-IA), Mike Crapo (R-ID), Kevin Cramer (R-ND), Bill Cassidy (R-MS), Rick Scott (R-FL), Roger Wicker (R-MS), Thom Tillis (R-NC), and James Lankford (R-OK).Source"
government_budget_and_spending,"March 10, 2022",Romney Statement on Government Funding Bill,Sen. Willard Romney,"U.S. Senator Mitt Romney (R-UT) today released the following statement after voting against the 2,700-page, $1.5 trillion omnibus appropriations bill for fiscal year 2022:""We have got to end the absurd process of jamming through last-minute, trillion dollar, thousand-page spending bills without meaningful input from more than a handful of members. Forcing us to swallow the bad to get the good is concerning, unsustainable, and no way to govern over the long-term. While I strongly support providing Ukrainians desperately needed aid, I ultimately could not support the rest of this bloated spending bill for the aforementioned reasons.""Source"
government_budget_and_spending,"Feb. 1, 2022",Romney: Deficit Spending is a Precursor to Economic Calamity,Sen. Willard Romney,"Today at a Budget Committee hearing to consider the nomination of Shalanda Young to be Director of the Office of Management and Budget, U.S. Senator Mitt Romney (R-UT) warned that deficit spending is a precursor to economic calamity and highlighted how the high rates of inflation Americans currently face is a result of Washington's failure to address its spending problem. Romney also pushed for the Administration to make the national debt a priority--arguing that it should be an essential component of any strategy for the United States to compete with other nations and maintain its lead as a model of democracy around the world. Senator Romney's bipartisan, bicameral TRUST Act would create a process to rein in the national debt and rescue endangered federal trust funds. Details on the TRUST Act can be found here.After hearing that the DOT is making it more difficult for states to use funds from the bipartisan infrastructure bill for highway expansion, Senator Romney sought assurances from Acting Director Young that Utah would receive the funding it needs. Excerpts of his exchange with Acting Director Young can be found below and video can be found here.Senator Romney: Ms. Young, as you probably know I was one of those that was part of the bipartisan negotiating team that put together the infrastructure bill, our largest single investment was in highways. You can imagine our surprise when we see the Department of Transportation indicating that the highway money can't be used for increasing capacity of highways. This direction flies in the face of our intent and our needs. I recognize there are some states that aren't growing and may not need additional capacity. New York, New Jersey, Delaware, Rhode Island and so forth. But there are other states that are growing fast; South Carolina, Florida--my state of Utah, the fastest growing state in the nation over the last decade. We need to increase the capacity in our highways or we're going to not see the economic growth which we projected as being part of this bill. Could you please get back to me and other members of our bipartisan group on progress on this front and what the status will actually be?Acting Director Young: Senator, the ranking member has brought this to my attention today. I will absolutely look into this and thank you for your work on that piece of legislation.Senator Romney: I have a six-foot chart in my office that looks at--going back to 2000 BC--the coming and going of great civilizations over time, and there is a common characteristic of civilizations in decline and that ultimately collapse, and that is that they end up spending far more than they take in. They are able to do that because other nations see them as being strong, and loan money to them. They inevitably have a massive inflation in their economy, and by doing so they devalue their currency. At some point their currency ceases being the reserve currency of the world. It is a real concern for many of us to see us year after year spend more money than we take in, and it is a precursor of economic calamity.Right now we're seeing the economic impact being showered on the people of America that are suffering with very high rates of inflation. I was, frankly, alarmed that the numbers were not familiar to you and to your Deputy Director. The national debt is $29.9 trillion dollars. It's not in the 30's, but it will be. The projected deficits are roughly $1 trillion a year, on a normal basis. If we have COVID relief packages, it kicks those numbers even larger. This is an ongoing threat to our nation and to the wellbeing of our citizens, and has to be a priority for you and for the Administration.I would note that about one-third of federal spending is the portion that is part of the budget that you work on, and that we vote on. Two-thirds is automatic, so called non-discretionary; Medicare, Medicaid, Social Security, and interest. Contrary to what you indicated in your testimony, our interest rates have not been about the same over the last 30 years. They come down dramatically and are now ticking back up. As a matter of fact, Bill Clinton called me after I lost my race back in 2012 and said his biggest concern was that interest rates going back to their normative level would take our interest payments to be even greater than our military spending.So this is a major issue that you need to focus on. I would encourage you, and hope that you will include in the analysis and reports you provide not just the one-third that we vote on, but the two-thirds that we do not vote on, and project where that's going to be heading over the coming decade. This will determine whether we are able to keep up with other nations in the world, and maintain our lead as the hope and guide for democracy throughout the world.I very much underscore the importance of this for all of us. We simply cannot keep going on spending trillions of dollars more than we take in, without suffering high rates of inflation into the future, and potentially losing our lead in the world.Source"
entitlements_and_safety_net,"Feb. 24, 2022","Letter to Chiquita Brooks-LaSure, Administrator of the Centers for Medicare and Medicaid Services - Sen. Cramer, Colleagues Lead Bipartisan Letter Urging Support for Medicare Advantage Program","Sen. Willard Romney, ...","DearAdministratorBrooks-LaSure:We write to express bipartisan support for the Medicare Advantage program and the high-quality, affordable care it provides to over 27 million older adults and people with disabilities. We appreciate the Administration's ongoing commitment to preserve and strengthen the program, as demonstrated in  the  proposed  CMS  2023  Medicare  Advantage  and  Part  D  AdvanceNotice.  As  you  consider annual  updates  for  plan  year  2023,  we  ask  you  to  ensure  that  payment  or policy changes  allow Medicare  Advantage  plans  to  continue  to  provide  the  patient-centered care that 43 percent  of Medicare-eligible Americans rely on every day.The Medicare Advantage program enables plans  to take a holistic approach to care, including by addressing social determinants of health to meet seniors' needs  and improving health equity. Enrollees in the program benefit from out-of-pocket cost limits and plan options that can include access to telehealth services, in-home care, nutrition services, and transportation benefits to meet seniors' individual needs. In fact, over 95 percent of Medicare Advantage beneficiaries have access to meal services, telehealth, transportation, dental, fitness, vision, and hearing benefits.Access to these benefits and care provided under the Medicare Advantage program have helped enrollees stay healthy and safe throughout the ongoing COVID-19 pandemic.Medicare Advantage also consistently delivers high-quality care and value that provides beneficiaries with more coordinated access to enhanced benefits, innovative clinical care models, and greater financial protections. Currently, 90 percent of enrollees are in Medicare Advantage plans rated 4 or more Stars. Additionally, the program supports an increasingly diverse population with varied health and socioeconomic backgrounds. For 2022, 65 percent of MA enrollees are in zero-premium plans and the average monthly Medicare Advantage premiums will reach historically low premiums, even while the availability of supplemental benefits continue to increase.For  plan  year  2023,  we  urge  the  Administration  maintain  stability  within  Medicare  Advantage, including  advancing  flexible  in-plan  benefit  offerings  and  promoting  care  coordination. We are committed to ensuring that our constituents who rely on Medicare Advantage enjoy the same access to affordable benefits in order to get the care they need, particularly as they navigate the persistent challenges of the pandemic. We look forward to partnering with you and working on behalf of the tens of millions of older adults and people with disabilities whose health and economic security are protected under this program.Sincerely,Source"
government_budget_and_spending,"June 9, 2022",Romney's TRUST Act Front and Center at Budget Committee Hearing,"Sen. Willard Romney, ...","U.S. Senator Mitt Romney's TRUST Act was front and center at a Budget Committee hearing today as a viable, bipartisan solution to saving Social Security. Romney's bipartisan and bicameral legislation creates a process to rescue the Social Security Trust Fund and other endangered federal trust funds--while reining in the national debt. Romney initially introduced the TRUST Act last Congress, and his TRUST Act amendment overwhelmingly passed by a vote of 71-29 during floor consideration of the budget in 2021. A one-pager of the bill is available here.Committee for a Responsible Federal Budget President Maya MacGuineas praised the TRUST Act as the ""single best idea"" to make Social Security solvent:""The most recent trustees report tells us that Social Security is heading toward insolvency. Of course, that is not news. We have known this for more than thirty years. And yet in that time, we have basically done nothing to make the program shored up so that it's financially solvent. We now have a situation where the combined trust funds will be insolvent by around 2035, when today's 54 year-olds reach full retirement ageRight now, process-wise, I think the single best idea out there is the TRUST Act. Senator Romney has worked on this and it's bipartisan and bicameral. And what's so appealing about it is that everything is on the table. In order to get out of the special committees that would look at how to save these programs, the proposals have to be bipartisan and you would still have the same threshold in the Senate to pass any reforms. So there is no single right way to make Social Security solvent, however the wrong thing to do is to continue to do nothing.""Senator Lindsey Graham called on Majority Leader Schumer to bring the TRUST Act to the floor for a vote:""So Senator Schumer, in case you're watching, I challenge you to bring Senator Sanders' bill to the Floor. He is a very sincere man--he's found a way, he thinks, to save Social Security. And all I ask in return is to vote on Senator Romney's bill. You'll have two approaches to how to solve this problem and you're not going to do it because you're all talk. Prove me wrong[we need to] get on about the hard work of finding a solution that will get buy-in from both sides of the aisle. I really do believe it's possible if there's political will.""Senator Romney highlighted how the Social Security Trust Fund is projected to become insolvent in 2034 and the only feasible solution is to work on a bipartisan basis by passing the TRUST Act:""How do you get something done? How do you get something accomplished? And, you know, Senator Sanders makes a wonderful plea which many people agree with--the need for helping our seniors, providing better benefits for them, and so forth. But recognize that this bill has zero chance whatsoever of receiving a single Republican vote in either house [of Congress]. So it will not be passed. And he knows that. As a matter of fact, you all recognize that given the fact that for any legislation of scale to be passed requires Republicans and Democrats to work together. That's the nature of our democracy. We have a 50-50 Senate. Half of the American people voted for Republicans, half voted for Democrats.""To get something done requires bipartisanship. So, any proposal that's brought forward, that is only supported by one party, is a messaging bill. It's a campaign bill. It may be a fundraising bill, but one thing it's not is about to become a law. So, if you want to have a law, you have to see if there's a way to get people working together. Our challenge was Social Security, like Medicare and the Highway Trust Fund, exemplified by that chart, which is Social Security Trust Fund runs out of money in 2034. That's a problem. It's a problem for Social Security recipients and of all the people who noticed it--the Washington Post said, ""The Medicare and Social Security disaster that Washington is doing nothing to fix.' It's not that the think tanks don't have proposals, or that partisans of either side of the aisle can't come up with answers. It's that we have not taken action that actually could result in a solution. So, I would suggest that we find a way to actually get something done. Now, I'm pleased that my good friend Senator Graham spoke about the TRUST Act and gave me some credit for that. It was introduced by myself and Senator Manchin, a Republican and Democrat. Senator Warner is also on itBy the way, we have five Democrats who signed up on the TRUST Act because it does this: it says let's get groups together, half Republican, half Democrat to work together to see if they can find a solution to save Social Security, and both sides have to agree.""The TRUST Act is cosponsored by Senators Joe Manchin (D-WV), Todd Young (R-IN), Kyrsten Sinema (D-AZ), Shelley Moore Capito (R-WV), Angus King (I-ME), Rob Portman (R-OH), Mark Warner (D-VA), John Cornyn (R-TX), Mike Rounds (R-SD), Kevin Cramer (R-ND), and Cynthia Lummis (R-WY).Source"
government_budget_and_spending,"March 2, 2022","Letter to Hon. Joseph Biden, President of the United States - Hagerty, Colleagues Press White House for Accounting of Trillions in COVID-19 Spending","Sen. Willard Romney, ...","Dear Mr. President:Recent news reports indicate the Administration is poised to request an additional $30 billion from Congress for its response to COVID-19. While we have supported historic, bipartisan measures in the United States Senate to provide unprecedented investments in vaccines, therapeutics, and testing, it is not yet clear why additional funding is needed.Since March 2020, the federal government has borrowed trillions of dollars to combat the virus and provide relief to families and businesses. By March 11, 2021, the day you signed the $1.9 trillion American Rescue Plan Act into law, Congress had already approved over $3.8 trillion in COVD-19 relief. All told, the nearly $6 trillion in spending on COVID-19 is the single greatest expenditure of public funds on one effort in the history of the nation.However, since passage of the American Rescue Plan in February, questions are mounting about where exactly the additional money has gone.A recent investigative report from the Washington Post headlined, ""'Immense fraud' creates immense task for Washington as it tries to tighten scrutiny of $6 trillion in emergency coronavirus spending"" details the federal government's shocking failure to provide the American public with a faithful accounting of how it has spent its money.""Nearly two years later, however, the stimulus data is voluminous yet vexing -- for the public and the government alike. The spending portal does not offer a real-time, detailed view as to the way cities, states, schools, hospitals and others actually have deployed broad swaths of the cash they received. In education, for example, federal records show more than $81 billion set aside for school districts in response to the pandemic. Yet the information is 90 days old in some cases and offers no insight as to what those communities actually did once they obtained the grants.""""By 2021, Biden's top aides intensified the work to improve the oversight process, particularly after the passage of the American Rescue Plan last March. Yet the efforts failed to satisfy lawmakers, federal watchdogs, health professionals and ethics experts, a dozen of whom said in interviews that they have struggled to answer the most basic questions -- including how much money has been spent, and how, in critical areas such as testing."" (emphasis added)Before we would consider supporting an additional $30 billion for COVID-19 relief, Congress must receive a full accounting of how the government has already spent the first $6 trillion.In an effort to better understand your reported request for supplemental appropriations related to the COVID-19 pandemic, we respectfully ask the Administration to answer the following questions:1. When does the Administration plan to request an additional $30 billion in COVID-19 relief funding, and if it does so, what would be the purpose of the request?2. As of March 3, 2022, how much of the funding made available under the American Rescue Plan remains unspent, unobligated, or undisbursed?3. As of March 3, 2022, how much of the funding under the American Rescue Plan has been obligated, but not disbursed for more than 6 months?4. How much money has the government spent to date on vaccines and testing? Please provide a specific list of these expenditures and accompanying metrics used to evaluate their effectiveness.5. Of the $350 billion made available under the American Rescue Plan to state and local governments, how much has been used to date for vaccines and testing? Please provide a specific list of these expenditures and accompanying metrics used to evaluate their effectiveness.6. Does the Administration have plans to make available real-time data about all COVID-19 spending to the public?We strongly believe Americans should continue to take precautionary measures to protect against the pandemic, and it must be an urgent priority that the trillions of taxpayer dollars already appropriated are being spent effectively.Sincerely,Source"
