topic,date,title,politician,full_text
defense,"Oct. 30, 2023","ROGERS, SMITH STATEMENT ON GENERAL SMITH",Rep. Adam Smith,"""We are saddened to learn that General Eric Smith has been hospitalized following a medical emergency. Our thoughts are with General Smith, his family and friends, and the men and women of the United States Marine Corps. General Smith is a remarkable man, and we are praying for his full recovery.""Source"
defense,"Oct. 27, 2023",ROGERS AND SMITH STATEMENT ON U.S. STRIKES IN SYRIA,Rep. Adam Smith,"""Last night, we were informed that the U.S. military conducted strikes against facilities used by Iran's Islamic Revolutionary Guard Corps and their proxies in Syria. These strikes come after recent attacks that injured 21 U.S. servicemembers and resulted in the death of one U.S. contractor. We stand united in sending a message to Iran and their terrorist proxies that attacks on Americans will not be tolerated as we continue to work with our partners in the region to avoid escalation of the current conflict.""Source"
defense,"Sept. 28, 2023","Ranking Member Smith Opening Statement for Full Committee Hearing: ""Examining Irregularity in the Strategic Basing Process for U.S. Space Command""",Rep. Adam Smith,"""Basing decisions made by the Department are sensitive and can be challenging given the level of defense community and congressional interest. For years, the Air Force has been able to navigate these challenges by using a transparent, objective, and repeatable strategic basing process where all interested parties are able to understand and accept the outcome.When it comes to the basing decision for U.S. Space Command, one of the main reasons that we are here today is that the Department, for reasons I still don't fully comprehend, appears to have departed from the norms of the Air Force strategic basing process that are codified in their own strategic basing instruction. Having a predictable and transparent process is essential to maintaining people's faith in the rigor and fairness of the eventual result. Unfortunately, for the Space Command Headquarters basing decision, we have had an unnecessary, tortured, and opaque process that has resulted in confusion, anger, and doubt about both the process and the result. We all deserve answers about why this process went so far afield.That being said, it is also time to move forward and get to work on the larger issues surrounding Space Command and space policy within the Department of Defense. It is my hope that after this hearing we will be in a position to do just that.""Source"
defense,"Sept. 19, 2023",Smith Statement on F-35 Crash,Rep. Adam Smith,"""Ejections and crashes are an unfortunate reality due to the inherent risks that pilots face in combat and in training. Given the gravity of those risks, I am very glad to hear that the pilot is safe--he and his family are in my thoughts. I am also looking forward to receiving more information about what led to the incident and the efforts to find the aircraft. As more information becomes available, my colleagues in the House Armed Services Committee and I will be considering whether congressional action is needed to address this and other recent aviation mishaps and ensure such incidents are avoided in the future.""Source"
defense,"Sept. 19, 2023","Ranking Member Adam Smith Opening Statement for House Armed Services Committee Hearing: ""Defense Cooperation With Taiwan""",Rep. Adam Smith,"""Thank you, Mr. Chairman. I wish to welcome each of our witnesses and to thank them for appearing today.  I think it is important that today's panel is comprised of officials from the State Department and the Department of Defense.  The assistance that the United States provides to Taiwan is not only administered by both departments; it is also a function of the United States' unique relationship with Taiwan, as expressed in law, maintained by sound foreign policy, and fortified by the National Security Strategy and the National Defense Strategy.U.S. policy with respect to Taiwan remains steadfast. It provides a foundation for maintaining peace in the Taiwan Strait and for deterring aggression on the part of the Chinese Communist Party.  The United States continues to enable Taiwan's self-defense capabilities through the provision of defense articles and defense services in a manner consistent with the United States' one China policy and the Taiwan Relations Act.  The United States provides this assistance through various authorities and mechanisms with the objective of strengthening deterrence and in ways that are responsive to evolving challenges. U.S. defense assistance to Taiwan has also been augmented by recent legislation. The Taiwan Enhanced Resilience Act, which was enacted last year as part of the National Defense Authorization Act for Fiscal Year 2023, contains numerous provisions for assisting the sustainment of Taiwan's self-defense. I welcome the opportunity to work with the executive branch to optimize our assistance.The United States also contributes to deterrence, per the Taiwan Relations Act, by maintaining its capacity ""to resist any resort to force or other forms of coercion that would jeopardize the security, or the social or economic system, of the people on Taiwan.""  Through the Pacific Deterrence Initiative and other measures, the Department of Defense is working to enhance the U.S. military presence, capabilities, and readiness across the region.With respect to the cross-strait situation, we should continue to implement a multi-tool, deterrence strategy that affords every option for effectiveness.  It is also important to emphasize that the National Defense Strategy states: ""Conflict with the PRC is neither inevitable nor desirable."" When facing challenges, U.S. efforts should be aimed toward easing tensions and maintaining stability in close coordination with allies and partners throughout the Indo-Pacific region. Furthermore, the United States should consistently engage with China in constructive dialogue, especially when it may lessen the risk of conflict or escalation by miscalculation.Thank you, Mr. Chairman. I look forward to receiving the panel's testimony.""Source"
defense,"Sept. 15, 2023",Smith and Moulton Statement on DoD Release of Space Policy Review and Strategy on Protection of Satellites,Rep. Adam Smith,"""This is a strong first step in ensuring the United States continues to achieve our national security and defense objectives and that we continue to develop, test, and employ needed capabilities on-orbit by building on our innovation and technology strengths. Over classification within the space domain has been a bipartisan focus of the House Armed Services Committee as it hinders collaboration with allies, partners, and industry, and has made it difficult to communicate the threats that are being developed, tested, and launched to degrade and destroy U.S. satellites. Further, it has hampered the ability of the Executive and Legislative branches to communicate with the American public how the U.S. will protect and defend on-orbit capabilities that are essential to our way of life.As Joint Force operations continue to face constantly evolving challenges, the ability to communicate clearly but without compromise our strategy to deter aggression and, if deterrence fails, prevail in conflict is particularly crucial. Perhaps most importantly, the strategy ensures that we remain the world leader in the responsible use of space and establishing and maintaining norms of behavior in this increasingly essential domain.We commend the Department for taking this important step to communicate the Department's strategy in the space domain. We will continue to work with leadership in DoD to talk more openly about the threats we face in space and our strategy to deter, and if necessary, defeat them.""Source"
defense,"Aug. 13, 2023","'Fox News Sunday' on August 13, 2023",Rep. Adam Smith,"BREAK IN TRANSCRIPTGood to see you, Shannon. Thanks.BREAK IN TRANSCRIPTThere's a fundamental misunderstanding about what's going on here. The money that's going from Korea to Iran is money from oil that Iran sold to Korea and Korea did not pay for that -- South Korea, sorry, because the sanctions that were imposed on the Trump administration.And there were about a half dozen countries in that situation. Italy, India, a few others, all of those other countries under the Trump administration have already given Iran that money with no strings attached under a special payment system that was set up under the Trump administration. South Korea didn't pay that money for complicated reasons. And they're valid, they want to transfer it.So money of this kind has already been transferred. This is money to pay for oil that was given to South Korea. This isn't some sort of frozen assets situation. So this type of money has already been transferred. Second, the deal has not been finalized. Qatar will control the money. So whatever the Mullah in Iran has to say about it, it will be controlled by Qatar, not by Iran. So that aspect of it makes sense. We're still waiting to see what the prisoner swap looks like and to finalize the deal. But there's a lot more detail here that I think isn't being understood.BREAK IN TRANSCRIPTThe Trump administration transferred billions of dollars from these other countries back to Iran, with no strings attached. And I don't hear anybody talking about that.BREAK IN TRANSCRIPTBut again, it's not as I just said, where were those real concerns during the Trump administration, when money from a bunch of other countries was being transferred to Iran, no strings attached, no prisoners returned?BREAK IN TRANSCRIPTSo it just doesn't seem like a legitimate complaint based on the facts of the certain -- facts of the situation.BREAK IN TRANSCRIPTRight. And that is a fundamental misunderstanding of what this money is.BREAK IN TRANSCRIPTOK, it's not a bounty because we're not paying the money. It's Iran's' money that was sitting in South Korea.BREAK IN TRANSCRIPTSo it's a bounty?BREAK IN TRANSCRIPTI understand all that. But that's completely untrue, Undersecretary Pompeo, these other countries, I'm aware of Italy and India, there were a few others that hadn't found, money was transferred from them. Same situation where Iran had sold stuff to these countries, sanctions kicked in, money hadn't been paid. Under Secretary Pompeo, that money was transferred from those countries to Iran, no strings attached. Okay. So it is not a bounty and this factually incorrect what Secretary Pompeo is saying.BREAK IN TRANSCRIPTSure.BREAK IN TRANSCRIPTWell, the Taliban awful, terrible, horrible on to any other expectation than that. I'd have to look at that specific report. I know there were a lot of again, frozen assets that we had in control that were actually Afghan money. I'm not sure about the actual U.S. taxpayer money going in. I'm extraordinarily reluctant to send that money. There is one caveat to that.Afghan is -- Afghanistan is also going to humanitarian disaster right now. People are starving to death. They can't get access to health care. We're getting a lot of pressure internationally. What can the international community to do to stop that humanitarian disaster? And I suppose one answer is, you got the government, you got you got the Taliban leading you. This is where you're at. We can't help. But it is such a huge humanitarian disaster that I'd say it's worth at least looking at options, even though I don't think there are any particularly good options in this situation.BREAK IN TRANSCRIPTIt's an initial statement offer of what the Biden administration thinks we should fund. We'll see how that plays out going forward. The polling data I've seen, by the way is that well over 60% of people still think we should be doing what we should do, everything we can to help the Ukrainian people.Look, Russia has engaged in a brutal invasion of Ukraine, you can see the pictures of how they're destroying cities, killing civilians. I think defending Ukraine is something that is in our interest and overwhelming majority of American people seem to agree with that.As far as the other pieces are concerned, every supplemental that I've ever dealt with in my 27 years in Congress has been tied with one thing to another. But this is an opening negotiation. We'll see. I think there are critical needs. We'll see what the final package looks like. But I want to make it clear. I still support Ukraine. I think there's a bipartisan people. I wish you to ask Congressman McCaul this question, because I'm certain he would agree with me that this is something that we should be supporting. I know he's been an incredibly strong supporter of Ukraine has -- as has Chairman Mike Rogers, who's the chairman of my committee on Armed Services.BREAK IN TRANSCRIPTThank you, Shannon. Appreciate it.BREAK IN TRANSCRIPTSource"
defense,"July 14, 2023","The Lead with Jake Tapper: Rep. Adam Smith (D-WA), Is Interviewed About Defense Bill",Rep. Adam Smith,"BREAK IN TRANSCRIPTWell, first of all, I want to emphasize that we had a very strong bipartisan bill out of committee. We've passed 58 to one. It was a really good bill. We worked with all members that we supported. But on the floor they added a lot of amendments, certainly the ban on the travel policy that DoD has put in place to help people get access to reproductive care was number one.There were also several provisions in there that effectively, you know, were anti-trans. They were amendments gutting the DEI provisions. There was a very hard right turn on the floor as to whether or not the Republicans understand that this is not going to pass going forward in the Senate or elsewhere. I think some do, but it's going to be a fight.I mean, the Senate's not going to do this, and we're going to have a conference bill. But I, you know, the folks who supported those amendments in the Freedom Caucus, we'll see how they react when the bill comes back with those things out of it.BREAK IN TRANSCRIPTYes, well, not everything requires legislation. We've had, you know, broad discussions about the policies that are out there. We -- the DoD has long had a policy that if you cannot get the health care you need, where you're at, they do pay for people to travel to get health care elsewhere.I mean, if you have a, I don't know, a specific heart condition and you want to go to the Cleveland Clinic or you go to the Mayo Center if you've got a cancer problem in Minnesota, we already have in place a policy that allows DoD to pay for travel for health care. They merely added to it reproductive care because of what happened with the Dobb decision and the states banning that care in so many places. So I think this is well within the Department of Defense's purview to implement this policy.BREAK IN TRANSCRIPTYes. I think it's unfortunate. I think it's a missed opportunity to show bipartisan support. But look, I mean, that's the legislative process. The first year that I was chair of the committee in 2019, we wound up passing the bill without Republican support. I think the Republicans were wrong for not supporting it, but they made that decision. It does happen.I'm less concerned about the process than I am about the policy. The bill that the Republicans passed makes it more difficult for women to serve, makes it more difficult for the trans community to serve, makes it more difficult for people of color to serve. The policy that they were willing to vote for undermines our national security, and we should be focused on how bad that policy is. And that's why I and most Democrats voted against this bill. So that's the big problem. Process is the process they got the votes for it, so good for them.But they were putting in place a policy that would undermine the national security of this country by making it more difficult to find the people we need to serve this country.BREAK IN TRANSCRIPTWell, what I make of it is the extreme MAGA Republicans run the Republican Party. Yes, I mean you -- basically, Kevin McCarthy will do whatever he has to do to repease the most extreme obnoxious members of his party at every term. Because that bill that I mentioned that we passed out of the Armed Services Committee, that would have passed the House floor with probably 360, 370 votes.We would have lost a few, you know, the Freedom Caucus members and some of our folks on the left who don't vote for the defense bill. Typically, we had a very strong bipartisan bill. But Kevin McCarthy's made it clear whatever the far right wants, he will give them. And no, we've never had anyone serve on the Conference Committee who's not a member of the Committee. But again, he will give away what he has to give away to keep them, you know, at least marginally happy, I suppose.BREAK IN TRANSCRIPTThank you, Jake. Appreciate the chance.BREAK IN TRANSCRIPTSource"
defense,"July 14, 2023",Smith Statement on House Passage of FY24 NDAA,Rep. Adam Smith,"""For over 60 years, the NDAA has served as the foundation for our national security priorities, fulfilling Congress' sacred obligation to provide for the common defense of the American people. That is until today, when that proud tradition and profound duty was cast aside by extreme MAGA Republicans valuing their bigoted ideals over the needs of our national security, national defense, service members, and their families.""The bipartisan bill that was easily passed out of committee invested in the core of our national defense: service members and their families, innovation and technology, allies and partners, and our defense industrial base and military readiness. It ensured a 5.2% pay raise for service members, strengthened the DoD civilian workforce, and better supported military spouses and military families. It addressed the pacing challenge posed by the People's Republic of China (PRC), the acute threat posed by Russia, and the persistent threats posed by North Korea, Iran, and violent extremist organizations.""The bill as amended, however, has allowed an extreme and narrow contingent to bring their culture war to what was a bipartisan process and advance an agenda rooted in racism, misogyny, bigotry, ignorance, and hatred.""Those who have served or are serving with distinction and honor will pay the price. This bill would threaten not just their fundamental rights, but their health, well-being, and potentially their lives as well as the rights, health, and survival of their family members. This bill as amended will worsen the recruitment and retention crisis already strained by legitimate concerns among huge segments of the candidate pool about how they'll be treated and who understandably question whether the military will give them a fair shot at service and success. It will weaken our military and our national defense.""I and my Democratic colleagues will redouble our efforts going forward, and look forward to working with our Senate Colleagues in conference so that Congress fulfills its responsibility to the people who proudly wear the uniform, and our national defense and national security.""Source"
defense,"July 13, 2023",House Armed Services Committee Democratic Leadership Statement Against House Passage of FY24 NDAA,Rep. Adam Smith,"""The work of House Democrats in crafting the National Defense Authorization Act for Fiscal Year 2024 demonstrates our strong and abiding commitment to our national defense and national security by ensuring that those who serve and their families--the people who are the heart of our national defense--get the resources and respect they need and deserve.""We worked with our colleagues in committee to pass a bill in an overwhelmingly bipartisan vote that invested in the greatest sources of America's national strength: service members and their families, innovation and technology, allies and partners, and our defense industrial base and military readiness.""The bill we passed out of committee sent a clear, united message to our allies and partners, global competitors, and the American people that democracy still works, and Congress is still functional.""We made clear that we are dedicated to recruiting and retaining the strongest, most diverse fighting force and ensuring that everyone, including people of color, women, and LGBTQ+ individuals, would have the same chance to serve without having to work harder or sacrifice more for the same opportunities.""That bill no longer exists. What was once an example of compromise and functioning government has become an ode to bigotry and ignorance. Attacks on reproductive rights, access to basic health care, and efforts to address our country's history of racism and marginalization of huge swaths of our country will worsen our recruitment and retention crisis, make our military less capable, and do grievous harm to our national defense and national security.""For these reasons, we cannot and will not vote for the NDAA as amended on the House floor.""Source"
defense,"July 3, 2023",Smith and Rogers Lead Bipartisan CODEL to the Indo-Pacific,Rep. Adam Smith,"""The national security threat posed by the Chinese Communist Party is the most pressing challenge facing our nation, as well as our allies and partners. On this CODEL, we heard from military and civilian leaders for the U.S., the Philippines, Taiwan, and Japan on what is being done to deter aggression by the CCP and boost defenses for the U.S., allies, and partners in the face of that challenge.""In Hawaii, we heard from INDOPACOM Commander Admiral John Aquilino and discussed what needs to be done in Guam and throughout the Indo-Pacific to boost U.S. capabilities to deter the CCP. We also saw firsthand, how the U.S. military is working closely with their counterparts in the Philippines and Japan to address a range of security challenges in the region. Throughout our conversations with allies and partners in the region it was clear that U.S. support is vital.""The critical nature of U.S. support is also apparent in Taiwan. We relayed to President Tsai that U.S. support for Taiwan is unwavering and we will do all we can to ensure Taiwan gets the assistance it needs.""This CODEL reaffirmed the crucial role the National Defense Authorization Act plays in deterring the CCP's aggression. We are proud of the bipartisan work happening in Congress to support our national defense.""Source"
defense,"June 22, 2023",Smith Statement on Full Committee Passage of FY24 NDAA,Rep. Adam Smith,"""This year's defense bill contributes to over six decades of this Committee's commitment to investing in the greatest sources of America's national strength: service members and their families, innovation and technology, allies and partners, and our defense industrial base and military readiness. As we continue to face enormous challenges posed by the People's Republic of China (PRC), the acute threat posed by Russia, and the persistent threats posed by North Korea, Iran, and violent extremist organizations, we have sent a clear, bipartisan message to our allies and partners, global competitors, and the American people: democracy still works and Congress is still able to come together in the spirit of bipartisanship and our shared respect for our armed forces and providing for our national security and national defense.""As the rules-based international order continues to face challenges and threats from around the world, this year's NDAA authorizes crucial investments in America's global alliances and partnerships. The proposal also authorizes $874.2 billion in discretionary spending, equal to the Biden-Harris Administration's request for national defense across the Department of Defense and parts of the Department of Energy and other agencies.""In the spirit of compromise, I am not supportive of everything in this bill. However, I continue to be grateful for my colleagues from across the aisle who share the same desire to ensure those who serve and their families--the people who are the heart of our national defense--get the resources and respect they need and deserve. That includes provisions to strengthen the DoD civilian workforce, better support military spouses and military families, and a 5.2% pay raise for service members.""As we prepare to bring the NDAA to the House floor, we will continue to advocate for the priorities and values that make our military stronger and America safer, including ensuring that we have the most diverse, talented pool of individuals to recruit and retain to our Armed Forces. House Armed Services Democrats will also continue to build on the Biden-Harris Administration's efforts to invest in the American people and our diversity, enhance U.S. alliances and partnerships, and strengthen our country's global competitiveness, so that Congress can deliver on its obligation to ""provide for the common defense.'""I thank Chairman Rogers for his partnership throughout this process and his many contributions to this bill, and I look forward to our bipartisan collaboration as the NDAA advances to the House floor.""Source"
defense,"May 10, 2023",Smith Statement on Postponement of FY24 NDAA Markup,Rep. Adam Smith,"""There is no way to make the substantial cuts to discretionary spending the Republican majority is vaguely proposing without doing great harm to the defense budget and the national security of this country. The Republican leadership's decision to take the debt ceiling increase hostage, to basically play chicken with the full faith and credit of our country, also cannot do anything but jeopardize our national security. Their decision to delay the markup of the National Defense Authorization Act is but the first of what will be many clear indications of these realities. Apparently not having a sense of hypocrisy, Republican leadership has been arguing both that President Biden's very substantial defense budget proposal is somehow billions of dollars less than it must be to meet our defense needs, and that we must make massive cuts to our discretionary budget to meet their idea of what fiscal responsibility would look like. Never mind that the defense budget accounts for over half of the discretionary budget or that this number is even higher if one adds in the budget for veterans. Speaker McCarthy delayed the markup of the defense bill because reality has come crashing in on this ridiculous, hypocritical fantasy. You cannot increase the defense budget while refusing to take the steps necessary to actually raise the debt ceiling, and while proposing to make massive cuts to the discretionary budget. It is way past time to end these games. The debt ceiling must be raised, the budget discussion must be had in the normal budget authorization and appropriations processes, and we must get back to the regular order of business and markup the defense bill in committee, pass it off the floor, and begin negotiations with the Senate to once again pass this crucial piece of legislation.""Source"
defense,"Feb. 14, 2023",The Lead with Jake Tapper: Rep. Adam Smith Is Interviewed About Spy Objects From China,Rep. Adam Smith,"BREAK IN TRANSCRIPTI would amend that slightly, almost certainly overstates the case. =I mean, basically, we know that China has been using these balloons, you know, here in the U.S. and also elsewhere for some time. We also know that they represent a gap in our surveillance, a gap that had existed for a number of years as we've gotten reports about after the fact determining that this had happened, gaps that we've now closed.And that's part of the reason we're starting to see so many of these objects more often is because, well, our radars in the U.S. were primarily looking for incoming missiles and incoming jets. A slow moving balloon was apparently more difficult to track. Now that we're tracking, we see them.And the main thing is, there's a lot of different reasons why balloons could be up in the sky. But typically, if that happens, if it's a research balloon, if it's a weather balloon, the people or person that owns that balloon, first of all, lets you know that they're going to send it up. And second of all, if it got shot out of the sky, you would presume that they would say, hey, you just shot down my balloon, I just want to let you know here's what it is, that hasn't happened. So it seems like whatever these things were, they were up there for something other than legitimate purposes.So, what would that be? You know, the only evidence we have at this point is China has done that. So that is certainly possible. But I think I did overstate the case, but it certainly seems like something that was not supposed to be there.BREAK IN TRANSCRIPTI haven't seen evidence of that. I mean, you don't know what you don't know, to quote Donald Rumsfeld. So, I suppose that's possible.But I think the Biden administration has been pretty transparent about this. They saw these three objects, and they were in an area, you know, but I think between 20,000 and 30,000 feet where they could have been a risk to commercial traffic, so they made the decision to shoot them down but they don't know for sure what they were or what they are. And I don't know, and I've had some classified briefings on this, I don't know of any evidence that suits that -- sorry, that suggests that we know more than that. So I don't know that the Biden administration is holding out. I think at this point we just don't have the specifics.BREAK IN TRANSCRIPTI don't know that it rises to that level at this point. There's no evidence that this is any particular grave threat to the U.S. There is considerable evidence that there have been these types of objects, you know, floating up over the U.S. Canada for some time that perhaps we didn't notice and perhaps have a legitimate purpose. I don't want us to overblow this situation in terms of what it is.So, I wouldn't call for the President to make a statement on this at that level. I would certainly call for the administration to keep us regularly informed about what they know and what they are learning.BREAK IN TRANSCRIPTYes, no, absolutely. I think we have to be careful. And going back to the very first balloon and the Biden administration's decision to wait to shoot it down, I think more -- the more we learn, the more we know that was the absolute right decision. I mean, shoot first and ask questions later is never a particularly good approach. Take time to understand it.And there's risk. If you're going to fire a missile at something over the continental United States or Canada, there is risk. So best to be cautious about taking that risk. And then, secondarily, as we've heard, because they waited to shoot down that the balloon that we know was from China in a place where they wanted it to, we were able to recover it because we shot it down in a recoverable spot. So I think we're learning a lot about this.And certainly, there is risk. People, oh, just shoot it down. No, let's be cautious and understand and balance those risks, which I think the Biden administration has done a good job of doing.BREAK IN TRANSCRIPTWell, I think it's alarming. I think that the lack of transparency coming out of the Chinese government is very concerning, right up to the point where they don't seem to want to talk to us about us -- I mean, about what's going on here.The first balloon, we called China up. They didn't get back to us for 48 hours to even offer an explanation. Maybe it took them two days to come up with the lie that they came up with, but they need to be more transparent with us. And also, as has been reported, there are similar balloons floating over other parts of the world, and they're not being transparent with those countries either. So we don't know exactly what's going on in China, and they could be enormously helpful if they would be more open and honest with not just the American public, but with the world about what they're doing.Yes, it's distinctly plausible that President Xi didn't know about it, but they ought to be more transparent about what they're up to.BREAK IN TRANSCRIPTSource"
defense,"Feb. 8, 2023","Smith Opening Statement HASC Hearing: ""State of the Defense Industrial Base""",Rep. Adam Smith,"Thank you, Mr. Chairman.I want to thank the witnesses for being here today. The three of you represent the major sectors of the defense industrial base, and I look forward to hearing your perspectives.One only needs to look to Ukraine to see that it doesn't take a lot to stress our industrial base's capacity. Over the last 30 years, we have seen the number of ""prime"" defense contractors dwindle to just a handful. Sub-tier suppliers have also dwindled at a commensurate rate if not at a higher rate. This has consequences on the government's ability to compete work to ensure fair pricing, surge capacity when needed and retain critical skills and capabilities within the U.S. industrial base. The recent COVID-19 pandemic, supply chain shortages and inflation have been the most recent stressors on industry.This committee has a long history of overseeing and legislating authorities that help improve the acquisition process within the Pentagon to help provide a more stable market for industry. Just this past year in the most recent NDAA, the committee authorized the highest number of multi-year procurement authorities in a single year. These authorities help provide long-term projections of work that incentivize industry to make their own investments and thus provide better pricing to the government. That single provision will allow the Pentagon to re-stock critical munitions being consumed in Ukraine, allow us to re-stock munitions stockpiles of allies as well as increase U.S. stockpiles of munitions that might be needed in other future conflicts. But there is more that can be done within industry, the Pentagon and Congress. Too often I have seen the relationship between an industry partner and the Pentagon erode into an adversarial one with Congress left in the middle. There is no doubt that the government must be a good steward of taxpayer dollars and ensure that any contract that is agreed to is in the best interest of the government, but the relationship must be treated as a partnership. That is true for both the government and the contractors.One sector of the industrial base that is too often overlooked is that of the sub-tier suppliers. They are the backbone of the industrial base and arguably the most fragile. They are oftentimes operating on razor thin profit margins which leave them very vulnerable. We often hear from the Pentagon that they have very few mechanisms to help sub-tier suppliers since most of them are on contract directly with the prime. There are exceptions, however. For several years now, Congress has been authorizing and appropriating additional funds for the submarine supplier industrial base to ensure an on-time delivery of the lead Columbia class submarine that the Department has deemed their top priority. Through intrusive leadership by the submarine acquisition community and in partnership with industry, the Navy has successfully steered those funds to assist the most vulnerable suppliers. We must look to expand these types of initiatives throughout the rest of the industrial base.Further complicating the state of the industrial base, countries like China attempt to exploit free market economies to their advantage. The world's market of rare earth minerals, for example, is almost exclusively dependent on them for our advanced weapon systems that rely on those rare earth minerals. It is imperative that we consider unique authorities that enable U.S. companies to once again produce those minerals as well as authorities that enable us to access them from partners and allies outside the U.S.Lastly, we need to reform our export system to allow our industry partners to better access international markets while still protecting our sensitive technologies. On the acquisition side, that means making the decision to develop an exportable version of a weapon system much earlier in the acquisition process. Once a system has entered production, it becomes very costly and technologically difficult to modify it into such a version. We have seen that play out firsthand in Ukraine where we have been unable to transfer certain weapons due to technology transfer issues. The new AUKUS agreement will be the first opportunity to address many of the needed reforms and I will personally push for bold steps in this area.I want to thank the Chairman for having this hearing and I look forward to the witnesses' testimony. Thank you and I yield back.Source"
government_budget_and_spending,"July 14, 2023",Smith Statement on House Passage of FY24 NDAA,Rep. Adam Smith,"""For over 60 years, the NDAA has served as the foundation for our national security priorities, fulfilling Congress' sacred obligation to provide for the common defense of the American people. That is until today, when that proud tradition and profound duty was cast aside by extreme MAGA Republicans valuing their bigoted ideals over the needs of our national security, national defense, service members, and their families.""The bipartisan bill that was easily passed out of committee invested in the core of our national defense: service members and their families, innovation and technology, allies and partners, and our defense industrial base and military readiness. It ensured a 5.2% pay raise for service members, strengthened the DoD civilian workforce, and better supported military spouses and military families. It addressed the pacing challenge posed by the People's Republic of China (PRC), the acute threat posed by Russia, and the persistent threats posed by North Korea, Iran, and violent extremist organizations.""The bill as amended, however, has allowed an extreme and narrow contingent to bring their culture war to what was a bipartisan process and advance an agenda rooted in racism, misogyny, bigotry, ignorance, and hatred.""Those who have served or are serving with distinction and honor will pay the price. This bill would threaten not just their fundamental rights, but their health, well-being, and potentially their lives as well as the rights, health, and survival of their family members. This bill as amended will worsen the recruitment and retention crisis already strained by legitimate concerns among huge segments of the candidate pool about how they'll be treated and who understandably question whether the military will give them a fair shot at service and success. It will weaken our military and our national defense.""I and my Democratic colleagues will redouble our efforts going forward, and look forward to working with our Senate Colleagues in conference so that Congress fulfills its responsibility to the people who proudly wear the uniform, and our national defense and national security.""Source"
government_budget_and_spending,"July 14, 2023","The Lead with Jake Tapper: Rep. Adam Smith (D-WA), Is Interviewed About Defense Bill",Rep. Adam Smith,"BREAK IN TRANSCRIPTWell, first of all, I want to emphasize that we had a very strong bipartisan bill out of committee. We've passed 58 to one. It was a really good bill. We worked with all members that we supported. But on the floor they added a lot of amendments, certainly the ban on the travel policy that DoD has put in place to help people get access to reproductive care was number one.There were also several provisions in there that effectively, you know, were anti-trans. They were amendments gutting the DEI provisions. There was a very hard right turn on the floor as to whether or not the Republicans understand that this is not going to pass going forward in the Senate or elsewhere. I think some do, but it's going to be a fight.I mean, the Senate's not going to do this, and we're going to have a conference bill. But I, you know, the folks who supported those amendments in the Freedom Caucus, we'll see how they react when the bill comes back with those things out of it.BREAK IN TRANSCRIPTYes, well, not everything requires legislation. We've had, you know, broad discussions about the policies that are out there. We -- the DoD has long had a policy that if you cannot get the health care you need, where you're at, they do pay for people to travel to get health care elsewhere.I mean, if you have a, I don't know, a specific heart condition and you want to go to the Cleveland Clinic or you go to the Mayo Center if you've got a cancer problem in Minnesota, we already have in place a policy that allows DoD to pay for travel for health care. They merely added to it reproductive care because of what happened with the Dobb decision and the states banning that care in so many places. So I think this is well within the Department of Defense's purview to implement this policy.BREAK IN TRANSCRIPTYes. I think it's unfortunate. I think it's a missed opportunity to show bipartisan support. But look, I mean, that's the legislative process. The first year that I was chair of the committee in 2019, we wound up passing the bill without Republican support. I think the Republicans were wrong for not supporting it, but they made that decision. It does happen.I'm less concerned about the process than I am about the policy. The bill that the Republicans passed makes it more difficult for women to serve, makes it more difficult for the trans community to serve, makes it more difficult for people of color to serve. The policy that they were willing to vote for undermines our national security, and we should be focused on how bad that policy is. And that's why I and most Democrats voted against this bill. So that's the big problem. Process is the process they got the votes for it, so good for them.But they were putting in place a policy that would undermine the national security of this country by making it more difficult to find the people we need to serve this country.BREAK IN TRANSCRIPTWell, what I make of it is the extreme MAGA Republicans run the Republican Party. Yes, I mean you -- basically, Kevin McCarthy will do whatever he has to do to repease the most extreme obnoxious members of his party at every term. Because that bill that I mentioned that we passed out of the Armed Services Committee, that would have passed the House floor with probably 360, 370 votes.We would have lost a few, you know, the Freedom Caucus members and some of our folks on the left who don't vote for the defense bill. Typically, we had a very strong bipartisan bill. But Kevin McCarthy's made it clear whatever the far right wants, he will give them. And no, we've never had anyone serve on the Conference Committee who's not a member of the Committee. But again, he will give away what he has to give away to keep them, you know, at least marginally happy, I suppose.BREAK IN TRANSCRIPTThank you, Jake. Appreciate the chance.BREAK IN TRANSCRIPTSource"
government_budget_and_spending,"July 13, 2023",House Armed Services Committee Democratic Leadership Statement Against House Passage of FY24 NDAA,Rep. Adam Smith,"""The work of House Democrats in crafting the National Defense Authorization Act for Fiscal Year 2024 demonstrates our strong and abiding commitment to our national defense and national security by ensuring that those who serve and their families--the people who are the heart of our national defense--get the resources and respect they need and deserve.""We worked with our colleagues in committee to pass a bill in an overwhelmingly bipartisan vote that invested in the greatest sources of America's national strength: service members and their families, innovation and technology, allies and partners, and our defense industrial base and military readiness.""The bill we passed out of committee sent a clear, united message to our allies and partners, global competitors, and the American people that democracy still works, and Congress is still functional.""We made clear that we are dedicated to recruiting and retaining the strongest, most diverse fighting force and ensuring that everyone, including people of color, women, and LGBTQ+ individuals, would have the same chance to serve without having to work harder or sacrifice more for the same opportunities.""That bill no longer exists. What was once an example of compromise and functioning government has become an ode to bigotry and ignorance. Attacks on reproductive rights, access to basic health care, and efforts to address our country's history of racism and marginalization of huge swaths of our country will worsen our recruitment and retention crisis, make our military less capable, and do grievous harm to our national defense and national security.""For these reasons, we cannot and will not vote for the NDAA as amended on the House floor.""Source"
government_budget_and_spending,"July 13, 2023",House Armed Services Committee Democratic Leadership Statement Against House Passage of FY24 NDAA,Rep. Adam Smith,"""The work of House Democrats in crafting the National Defense Authorization Act for Fiscal Year 2024 demonstrates our strong and abiding commitment to our national defense and national security by ensuring that those who serve and their families--the people who are the heart of our national defense--get the resources and respect they need and deserve.""We worked with our colleagues in committee to pass a bill in an overwhelmingly bipartisan vote that invested in the greatest sources of America's national strength: service members and their families, innovation and technology, allies and partners, and our defense industrial base and military readiness.""The bill we passed out of committee sent a clear, united message to our allies and partners, global competitors, and the American people that democracy still works, and Congress is still functional.""We made clear that we are dedicated to recruiting and retaining the strongest, most diverse fighting force and ensuring that everyone, including people of color, women, and LGBTQ+ individuals, would have the same chance to serve without having to work harder or sacrifice more for the same opportunities.""That bill no longer exists. What was once an example of compromise and functioning government has become an ode to bigotry and ignorance. Attacks on reproductive rights, access to basic health care, and efforts to address our country's history of racism and marginalization of huge swaths of our country will worsen our recruitment and retention crisis, make our military less capable, and do grievous harm to our national defense and national security.""For these reasons, we cannot and will not vote for the NDAA as amended on the House floor.""Source"
government_budget_and_spending,"June 22, 2023",Smith Statement on Full Committee Passage of FY24 NDAA,Rep. Adam Smith,"""This year's defense bill contributes to over six decades of this Committee's commitment to investing in the greatest sources of America's national strength: service members and their families, innovation and technology, allies and partners, and our defense industrial base and military readiness. As we continue to face enormous challenges posed by the People's Republic of China (PRC), the acute threat posed by Russia, and the persistent threats posed by North Korea, Iran, and violent extremist organizations, we have sent a clear, bipartisan message to our allies and partners, global competitors, and the American people: democracy still works and Congress is still able to come together in the spirit of bipartisanship and our shared respect for our armed forces and providing for our national security and national defense.""As the rules-based international order continues to face challenges and threats from around the world, this year's NDAA authorizes crucial investments in America's global alliances and partnerships. The proposal also authorizes $874.2 billion in discretionary spending, equal to the Biden-Harris Administration's request for national defense across the Department of Defense and parts of the Department of Energy and other agencies.""In the spirit of compromise, I am not supportive of everything in this bill. However, I continue to be grateful for my colleagues from across the aisle who share the same desire to ensure those who serve and their families--the people who are the heart of our national defense--get the resources and respect they need and deserve. That includes provisions to strengthen the DoD civilian workforce, better support military spouses and military families, and a 5.2% pay raise for service members.""As we prepare to bring the NDAA to the House floor, we will continue to advocate for the priorities and values that make our military stronger and America safer, including ensuring that we have the most diverse, talented pool of individuals to recruit and retain to our Armed Forces. House Armed Services Democrats will also continue to build on the Biden-Harris Administration's efforts to invest in the American people and our diversity, enhance U.S. alliances and partnerships, and strengthen our country's global competitiveness, so that Congress can deliver on its obligation to ""provide for the common defense.'""I thank Chairman Rogers for his partnership throughout this process and his many contributions to this bill, and I look forward to our bipartisan collaboration as the NDAA advances to the House floor.""Source"
