topic,date,title,politician,full_text
energy,"Nov. 26, 2023","House Republicans Pass Extreme Funding Bill that Raises Energy Costs, Hurts U.S. Competitiveness, and Ignores the Climate Crisis",Rep. Marcy Kaptur,"""The Department of Energy has a proven record of partnering to help drive down the costs of clean energy technologies, reducing every day energy costs to the benefit of Americans nationwide, creating good-paying jobs for the hardworking men and women of our country while uplifting families. This bill passed today along party lines includes substantial cuts and a myriad of controversial poison pill policy riders that show Republicans are not interested in serious governance or passing bills that can gain bipartisan support and be signed into law. I am disappointed that this bill passed by the Majority today made deep cuts to efforts to deploy clean energy technologies that reduce burdensome energy costs on families and seniors, especially those struggling to make ends meet. These extreme budget cuts will stifle American innovation and impede these important initiatives, resulting in higher energy costs and increased dependence on foreign adversaries for energy supplies, taking us further away from our goals of energy independence. Republicans can't have it both ways when it comes to energy independence -- if they cut spending at home, it will only continue to increase our dependence on foreign energy sources from abroad.""Source"
government_budget_and_spending,"Nov. 26, 2023","House Republicans Pass Extreme Funding Bill that Raises Energy Costs, Hurts U.S. Competitiveness, and Ignores the Climate Crisis",Rep. Marcy Kaptur,"""The Department of Energy has a proven record of partnering to help drive down the costs of clean energy technologies, reducing every day energy costs to the benefit of Americans nationwide, creating good-paying jobs for the hardworking men and women of our country while uplifting families. This bill passed today along party lines includes substantial cuts and a myriad of controversial poison pill policy riders that show Republicans are not interested in serious governance or passing bills that can gain bipartisan support and be signed into law. I am disappointed that this bill passed by the Majority today made deep cuts to efforts to deploy clean energy technologies that reduce burdensome energy costs on families and seniors, especially those struggling to make ends meet. These extreme budget cuts will stifle American innovation and impede these important initiatives, resulting in higher energy costs and increased dependence on foreign adversaries for energy supplies, taking us further away from our goals of energy independence. Republicans can't have it both ways when it comes to energy independence -- if they cut spending at home, it will only continue to increase our dependence on foreign energy sources from abroad.""Source"
government_budget_and_spending,"June 22, 2023","House Republicans Pass Energy and Water Funding Bill that Raises Energy Costs, Undermines Climate Readiness and Resilience",Rep. Marcy Kaptur,"""The Department of Energy has a proven record of partnering to help drive down the costs of clean energy technologies, reducing every day energy costs to the benefit of Americans nationwide, creating good-paying jobs for the hardworking men and women of our country while uplifting families. This bill passed today along party lines includes numerous controversial poison pill policy riders that show Republicans are not interested in bills that can gain bipartisan support and become law. I am disappointed that this bill passed out of committee today made deep cuts to efforts to deploy clean energy technologies that reduce burdensome energy costs on families and seniors, especially those struggling to make ends meet. These extreme budget cuts will stifle American innovation and impede these important initiatives, resulting in higher energy costs and increased dependence on foreign adversaries for energy supplies. Republicans can't have it both ways when it comes to energy independence -- if they cut spending at home, it will only increase our dependence on foreign energy sources from abroad.""Source"
government_budget_and_spending,"June 14, 2023","Republican Energy and Water Development, and Related Agencies Funding Bill Raises Costs for Families and Weakens Our Energy Security",Rep. Marcy Kaptur,"""The Department of Energy has proven time and again that they know how to drive down the costs of clean energy technologies, which reduces every day energy costs to the benefit of Americans nationwide, creating good-paying jobs for the hardworking men and women of our country while uplifting families. I am disappointed that this bill makes deep cuts to efforts to deploy clean energy technologies throughout America that reduce burdensome energy costs on families and seniors, especially those struggling to make ends meet. Extreme budget cuts impede these important initiatives, resulting in higher energy costs and increased dependence on foreign adversaries for energy supplies. Republicans can't have it both ways when it comes to energy independence -- if they cut spending at home, it will only increase our dependence on foreign energy sources from abroad.""Source"
