topic,date,title,politician,full_text
campaign_finance,"Feb. 21, 2023","Following Presidents' Day, Ernst Fights to Cap Presidential Perks, Stop Taxpayer-Funded Presidential Campaigns",Sen. Joni Ernst,"""Just last week, the Congressional Budget Office issued a dire warning about our nation's financial future as the national debt exceeds $31 trillion,"" said Ernst. ""Washington can't afford to pay for the perks of former presidents or fund the campaigns of politicians hoping to someday be president. I'm fighting to cut both.""Source"
civil_liberties_and_rights,"Oct. 26, 2023","Ernst, Cassidy Combat Antisemitism on College Campuses",Sen. Joni Ernst,"""We are significantly concerned that your Department is not ensuring American universities are fostering a safe learning environment for all students after the terrorist organization Hamas' violent attack on civilians, including Americans and Israeli citizens. Therefore, we write to urgently understand what the Department of Education (Department) is doing to enforce Title VI of the Civil Rights Act of 1964 and ensure Jewish or Israeli college and university students are not subjected to discrimination based on race, color or national origin.Colleges and universities appear unwilling or unable to uphold their legal obligations under Title VI. Therefore, the Department should use its full resources to enforce the law.""Source"
criminal_justice,"Oct. 26, 2023","Ernst, Cassidy Combat Antisemitism on College Campuses",Sen. Joni Ernst,"""We are significantly concerned that your Department is not ensuring American universities are fostering a safe learning environment for all students after the terrorist organization Hamas' violent attack on civilians, including Americans and Israeli citizens. Therefore, we write to urgently understand what the Department of Education (Department) is doing to enforce Title VI of the Civil Rights Act of 1964 and ensure Jewish or Israeli college and university students are not subjected to discrimination based on race, color or national origin.Colleges and universities appear unwilling or unable to uphold their legal obligations under Title VI. Therefore, the Department should use its full resources to enforce the law.""Source"
defense,"Dec. 22, 2023","Ernst, Rosen Call for Fully Leveraging Relationship with Qatar to Release Hostages",Sen. Joni Ernst,"""We appreciate Qatar's efforts so far to secure the release of hostages held by Hamas and their commitment to continue coordinating efforts to release all remaining hostages. However, we are concerned that Qatar is not fully utilizing its leverage to seek further concessions from Hamas. Therefore, we ask that you make clear to Qatar that the United States is closely watching ongoing hostage negotiations and convey that Qatar's inability to deliver on its commitments regarding the safe return of all remaining hostages will significantly impact bilateral relations.In the letter, the lawmakers point out that the majority of American hostages have been left in Gaza, and Hamas has refused to provide proof of life or allow the International Committee of the Red Cross to deliver urgently needed medical care to any of the hostages.Time is of the essence to free the hostages -- and every diplomatic option must be on the table to secure their release. Hamas alone is responsible for the health and safety of those it is holding captive. Given Qatar's unique ability to influence Hamas, it is imperative that Doha understands our expectation that negotiations result in the release of all remaining hostages.""Source"
defense,"Dec. 15, 2023",Ernst Equips Middle East Partners to Defend Against Iran-Backed Attacks at Sea,Sen. Joni Ernst,"""As Iran-backed terrorist proxies increase their attacks in the Middle East and threaten our servicemembers, I am proud to take action to defend against these threats and protect American lives,. It's America first, but never America alone. By enabling the U.S. to increase security cooperation with our partners and allies in the Middle East, we can deter Iran and its proxies and work towards a more prosperous region. With the world imploding, this key legislation could not come at a more important time.""Source"
defense,"Aug. 31, 2023","Ernst On Biden's Disastrous Afghanistan Withdrawal: ""America and the World are Less Safe""",Sen. Joni Ernst,"""Under the Biden administration's failed leadership, America and the world are less safe. No question. Our enemies are emboldened, and the safety and security of our partners and our homeland is uncertain. On this two-year anniversary of Biden's haphazard and disastrous withdrawal from Afghanistan, we must reaffirm our commitment to strengthening the United States.""Source"
defense,"Aug. 16, 2023","Ernst, Blumenthal Lead Bipartisan Push for Accountability on Iranian Aggression",Sen. Joni Ernst,"""The ability for a designated Foreign Terrorist Organization (FTO) to prevent the transfer of seized assets within U.S. territorial waters is an unprecedented intimidation effort that threatens to undermine our Nation's security. No American citizen or company should ever fear retaliation from an FTO for assisting in lawful law enforcement activities or engaging in lawful commerce.We request that you work expeditiously to resolve the delay in the transfer of seized oil from the Suez Rajan and continue to enforce the law against Foreign Terrorist Organizations, such as the IRGC. The enforcement of petroleum sanctions will become irrelevant if American citizens and companies involved constantly live in fear of Iranian retaliation. It is imperative that your administration make it clear that Iran and designated Foreign Terrorist Organizations will not be able to prevent our government from carrying out legitimate law enforcement operations.""Source"
defense,"Aug. 7, 2023",Ernst Works to Increase Cooperation with Pacific Island Nations to Counter China's Malign Influence,Sen. Joni Ernst,"""China's aggressive activity throughout the Indo-Pacific necessitates U.S. action. The strategic location of these islands is integral to our national security, but the lack of direct security channels between our nations creates risk. Through increased coordination, my bipartisan effort will strengthen cooperation and help counter and expose Chinese coercion. Before America's security interests in the region are further threatened or a crisis arises in the Pacific, we must ensure our relationship with these islands is not corrupted by the CCP.""Source"
defense,"June 20, 2023","Ernst Works to Prevent Chinese, Russian Influence in National Security Contracting",Sen. Joni Ernst,"""The United States is playing a dangerous game. While our adversaries are aggressively working against our national security interests, government contractors closely tied to China and Russia are allowed to advise our military and Pentagon officials. This is a clear conflict of interest. It's past time we put safeguards in place to ensure no firms hired by the federal government are working simultaneously to support the agenda of our adversaries.""Source"
defense,"June 13, 2023","ICYMI: Ernst at The Senate Project Foreign Policy Debate: ""I believe in America first always, but never America alone.""",Sen. Joni Ernst,"""In my view, our nation's security and prosperity have declined and done so quickly under the current administration. Their choices demonstrate a mix of appeasement in the name of international consensus, and an inability to assume risk to protect the homeland. Without a change in vision, chaos will continue to reign.BREAK IN TRANSCRIPTFriends, I don't want America to be the world's policeman. And I'm not advocating for global democracy building and a return to former versions of Republican foreign policy. I believe in American leadership. I believe in America first, always, but never America alone. Forging strong partnerships and allied networks around the world are essential to America's security and prosperity here at home.BREAK IN TRANSCRIPTThe United States is not here simply for the good of the world, but to lead and help create stability in order to protect our people, our freedoms, and our way of life.BREAK IN TRANSCRIPTWhile we've had some differences, whether it's over the JCPOA, which President Biden was negotiating with Iran, maybe differences of thought on Afghanistan, certainly there is a lot of commonality.BREAK IN TRANSCRIPTAnd we do come together to make sure that the men and women that are wearing our uniform, the uniform of our nation, that we provide them with what they need, their training, their weapons platforms, making sure that they have survivability.BREAK IN TRANSCRIPTRussia is one of the top four adversaries of the United States. The Ukrainians are doing an incredible job of pushing back our adversary.BREAK IN TRANSCRIPTI think we need to provide the military platforms as necessary for them to win. And I am critical of this administration, because I don't feel that they have done enough soon enough.BREAK IN TRANSCRIPTOur NATO partners, friends in Europe, they can step up and provide humanitarian support for the Ukrainians. This is where we can provide some savings.BREAK IN TRANSCRIPTWe have to figure this out for the long term, how we can decouple what we can and what would be in our national security interests from China. I don't think this administration has been aggressive enough, when it comes to China policy. The National Security Strategy named China only nine times it named climate () 63 times. You can see where the focus is.BREAK IN TRANSCRIPTSenator Tim Kaine and I are currently working on a piece of legislation that would push back against fentanyl, and it would allow greater collaboration between our [U.S. and Mexican] militaries to push back on fentanyl.BREAK IN TRANSCRIPTIran is an adversary, and I do not see in the near future where our two countries will come together. Iran has stated for a decade plus that their intent is to destroy Israel and destroy the United States of America.BREAK IN TRANSCRIPTWhat Iran is doing right now is digging underground bunker structures in order to complete that process. And pretty soon that will be completed. And we would have very little opportunity to disrupt by force their development of a nuclear bomb.BREAK IN TRANSCRIPTThey are killing women in the streets, protesters disappear, never to be seen again. This is not a type of governmental institution that we can deal with just by conversing. This administration has been very lacking when it comes to leadership pushing back against Iran.BREAK IN TRANSCRIPTWe have an administration that refuses to step up and enforce their own sanctions.BREAK IN TRANSCRIPTWe need to continue working with Saudi Arabia for the stability of that region. They are a very powerful player.BREAK IN TRANSCRIPTThe Abraham Accords that came out of the last administration were incredibly important to bring a number of Arab nations together with Israel and normalize those relations.BREAK IN TRANSCRIPTWe want to see Saudi Arabia normalize their relations with Israel.BREAK IN TRANSCRIPTWe as Americans have a choice. We can complain about the direction America is headed. Or we can step up and inspire the next generation of leaders and freedom loving fighters. Now is not the time for America to shrink back.BREAK IN TRANSCRIPTI think you've heard that from the discussion today. It's not the time to abandon our allies and it's not the time to be promoting progressive fantasies at the expense of security and prosperity for our nation. Now is the time for an unwavering commitment to restoring our federal government to its founding and limiting role of protection.""Source"
defense,"May 17, 2023","Ernst Works to Stop Military, Federal Employee Retirement from Bolstering Communist China",Sen. Joni Ernst,"""The Chinese Communist Party and our adversaries in Russia, North Korea, and Iran must not be permitted to profit from the retirement accounts of our military personnel and government employees.  I won't sit idly by as U.S. dollars bolster communists and dictators.""Source"
defense,"April 14, 2023","Ernst Urges Pentagon to Improve Defense Contract Terms, Support Small Business",Sen. Joni Ernst,"Today, U.S. Senator Joni Ernst (R-Iowa), Ranking Member of the Senate Small Business Committee, reacted to a recent report from the Department of Defense (DoD) which shows that contract terms are eroding the health of the defense supplier base, namely small businesses. Ernst released the following statement:""The defense supplier base is steadily shrinking, which has created concentrated markets and a decline in competition. This report should cause alarm bells to go off across the Pentagon. We must improve defense contract terms for small businesses, which in turn would support our supply chain and the Department's access to cutting-edge technology and innovation key to our national security. Protecting our nation means protecting small businesses; there is no time to delay.""Source"
energy,"Nov. 1, 2023","Ernst, Blumenthal Ramp Up Iranian Oil Sanctions Enforcement",Sen. Joni Ernst,"""Right now, we are witnessing the chaos Iran-backed Hamas is inflicting on Israel and the world, funded by the IRGC's illicit oil sales. Instead of allowing Iran's illegal actions to continue, I'm working to cut the red tape and equip HSI, and its proven record of enforcing sanctions, with the support and resources it needs to go after and stop Tehran. By removing this money from Iran's hands, we can provide more support to victims of terrorism and pay down our national debt.""Source"
energy,"July 19, 2023","Ernst Turns Up the Heat on Biden Admin: Let's make ""em squeal and sweat!",Sen. Joni Ernst,"""I'm turning up the heat on the Biden administration to pull the plug on their ridiculous regulations and make Washington bureaucrats think twice before imposing arbitrary rules on Americans. If they truly believe it's good enough for hardworking Americans, they should be ready and willing to lead by example and follow their own guidelines.The reality is, Biden bureaucrats are pushing their out-of-touch agenda on the American people to compensate for their failed radical green agenda. It's time to make ""em squeal and sweat!""Source"
energy,"June 21, 2023","Ernst: Biden's EPA refuses to recognize the domestic, homegrown solution readily available today",Sen. Joni Ernst,"""The Biden administration continues its climate crusade, which has turned into a race to energy dependence, and intentionally failed to expand opportunities for ethanol and biodiesel. On one hand, the Biden administration says they want cleaner fuel options, but then they refuse to recognize the domestic, homegrown solution readily available today. Iowa farmers and biofuel producers simply need the green light to charge forward. Despite biofuel reducing costs at the pump for consumers, providing markets for our farmers, and being a cleaner solution today and in the future, the Biden EPA is failing to protect our energy security.""Source"
energy,"June 14, 2023","Ernst, Grassley Support Bipartisan Bill to Solidify Future of Iowa Biofuels in Aviation",Sen. Joni Ernst,"""As we work towards energy independence, it is important to allow our homegrown, clean biofuel to meet the needs of the U.S. aviation industry. Our measure ensures America's domestic energy production is driven by the U.S. GREET model rather than rely on the current international model dictated by foreign countries like China and Russia. Not only is this model better for our national security, but it also provides an opportunity to support our hard-working American farmers.""Source"
energy,"May 3, 2023",Ernst: U.S. permitting process is as outdated as your grandma's 70s shag carpet,Sen. Joni Ernst,"""The current permitting process in the United States is as outdated as that 70s shag carpet in your grandma's house -- it's true!A lot has changed since that old rug -- known as the National Environmental Policy Act -- was installed in 1970.Today, the Democrats like to preach that America is ready for the Green Energy Revolution. But the facts just don't line up.Case and point: More than 92% of energy projects currently backlogged in the permitting process are solar and wind projects.Just last week in a Senate Armed Services Committee hearing, Secretary of Energy Jennifer Granholm promised our DoD -- the Department of Defense -- could make our entire military fleet electric vehicles by 2030. All of them electric by 2030 -- just a little under seven years from now.I pressed her on how in the world our Pentagon could accomplish this in that short time frame, and frankly, why it's a top priority for our nation's military in the first place.Folks, right now, China controls the EV supply chain.The communist regime produces about 75% of all lithium-ion batteries that power those Electric Vehicles.Over 70% of the world's cobalt mining occurs in the Democratic Republic of Congo -- done by child labor -- and the remainder of the cobalt primarily comes from CCP-owned firms.And to mine all these minerals, China relies on slave labor.This is absolutely unacceptable. Increasing reliance on the Chinese Communist Party and supporting their malign actions is a non-starter.In my exchange with Secretary Granholm in this Armed Services Committee hearing, she tried to tout the president's ""invest in America' agenda saying, ""150 battery companies have announced they're coming or expanding to the U.S. to do business.'That does sound great, right?Well, these businesses are in for a real treat.The big hand of Washington -- guided by the Biden administration -- is ready and waiting to prevent these businesses from actually mining, procuring, and processing minerals needed for their batteries right here at home.The problem is, right now, on average, it takes four-and-a-half years to simply get an environmental review for a project!When the permitting process takes longer than the actual building process, that should raise a red flaglet's remove the red tape!Madam President, the best strategy to confront our growing energy needs is to utilize the abundance of energy-producing natural resources that our country was blessed with and encourage alternative energy production methods.By increasing the use of renewables, like homegrown Iowa biofuel, and building on advances in energy efficiency, we have the ability to pursue an energy strategy right here in America that creates jobs, lowers costs, and reduces our dependence on foreign adversaries like China.New clean energy projects bring economic benefits and jobs to rural areas, including my home state of Iowa.The Biden administration claims to ""Build Back Better,' but in today's reality, we simply can't build anything!It's time we pass commonsense permitting reform and get Washington bureaucrats out of the way.""Source"
energy,"April 27, 2023","Ernst, Blumenthal Lead Bipartisan Push to Defund Terrorism, Enforce Iranian Oil Sanctions",Sen. Joni Ernst,"This morning, Iran seized another foreign oil tanker while transiting international waters, ramping up aggression in the region as U.S. sanctions go unenforced.Iran's oil sales remain a key revenue source for the regime to promote a destabilizing agenda and bolster terrorist groups who intend to harm the United States and our partners. Despite available funding from the Treasury Department, the Homeland Security Investigations (HSI) Office has not been empowered to seize Iranian oil and gas shipments. The HSI seizure program has not been able to conduct a seizure for two of the past three years the program has existed.Due to Treasury's failure to act, today, U.S. Senators Joni Ernst (R-Iowa) and Richard Blumenthal (D-Conn.) -- members of the Senate Armed Services Committee -- are demanding President Biden enforce much-needed sanctions on Iranian oil and gas shipments.In a letter to President Biden, the group of bipartisan senators write, ""When HSI seizes and processes Iranian oil, 75% of seizure revenues are allocated to the U.S. Victims of State Sponsored Terrorism Fund. It is unacceptable that a U.S. government program, which makes the United States and its allies safer, provides funds to remediate the victims of terrorism, and generates income for the United States in a cost-effective manner has been allowed to languish.""The failure to support HSI's Iranian oil seizure and disruption operations in FY22, despite available funds, is a policy choice that must be reversed.""""United States sanctions should be enforced to the fullest extent of the law. As Iranian oil sales continue to rise, and the IRGC continues to target U.S. citizens and servicemembers, including inside the U.S., it is imperative that we use all available government assets to limit the activities of the Iranian regime.""Ernst and Blumenthal are joined by their colleagues Senators Ted Cruz (R-Texas), Steve Daines (R-Mont.), Lindsey Graham (R-S.C.), Maggie Hassan (D-N.H.), Mark Kelly (D-Ariz.), Joe Manchin (D-W.V.), Jerry Moran (R-Kan.), Marco Rubio (R-Fla.), Kyrsten Sinema (I-Ariz.), and Ron Wyden (D-Ore.).Source"
energy,"April 26, 2023","Ernst: Biden's Green New Deal is Hurting Our National Security, Enriching Our Adversaries.",Sen. Joni Ernst,"The Iowa senator called out the Secretary of Energy for praising China on climate change, considering sending $200 million of U.S. taxpayer money to a China-based battery company, and failure to support homegrown energy right now, like Iowa biofuel.The Iowa senator called out the Secretary of Energy for praising China on climate change, considering sending $200 million of U.S. taxpayer money to a China-based battery company, and failure to support homegrown energy right now, like Iowa biofuel.Today, U.S. Senator Joni Ernst (R-Iowa) grilled Department of Energy (DOE) Secretary Jennifer Granholm, a leading green energy advocate in the administration, on Biden's progressive green energy agenda, which harms national security by increasing America's reliance on China and forced labor. She also addressed the Administration's failure to use available homegrown energy, like Iowa biofuel, with the Secretary.Ernst slammed the misplaced priorities of this administration and the dangers it poses to military readiness. She forced Secretary Granholm to agree that China controls the electric vehicle (EV) supply chain and to concede the need for mining and processing in the United States. In addition, Ernst pressed the secretary on the administration's failure to work with Republicans on serious permitting reform, and the DOE's consideration of a $200 million grant to a China-based lithium battery company.Last year, the Biden administration proposed swapping DoD non-tactical vehicles for an all-electric fleet by 2030, instead of focusing efforts on lethality. Ernst intervened and prevented the mandate from becoming law and stopping China's grip from strengthening their control of the production lines for EV components.Source"
energy,"March 15, 2023",Ernst Helps Lead Bipartisan Effort to Secure Year-Round Sale of E-15,Sen. Joni Ernst,"""E15 is a cleaner, cheaper choice at the pump for our consumers. Our bipartisan effort will ensure E15 is available year-round and bring much-needed certainty to our Iowa farmers, consumers, and retailers,"" said Senator Ernst.Source"
energy,"Feb. 24, 2023",Ernst Works to Stop Biden's WOTUS Rule,Sen. Joni Ernst,"""The Biden administration's WOTUS rule is out-of-touch and overreaching,"" said Ernst. ""My Senate colleagues and I are working to stop it and provide our farmers and small businesses with much-needed regulatory certainty.""Source"
finance_and_banking,"Sept. 5, 2023",Ernst Works to Expand Opportunities for Future Farmers and Manufacturers,Sen. Joni Ernst,"""Farming and manufacturing are critical to the success of Iowa's economy. By modernizing and clarifying the rules for Aggie Bonds and Industrial Development Bonds for the first time in over 30 years, we can ensure that first-time farmers and entrepreneurs can access the capital they need to get started, create jobs, and fuel our communities.""Source"
finance_and_banking,"Aug. 22, 2023",Joni Ernst tweets about Biden Administration's SAVE Plan,Sen. Joni Ernst,"President Biden is again trying to stick the working class with his student loan socialism scheme.I'll fight back against his unfair, unaffordable plan.Source"
finance_and_banking,"April 27, 2023",Ernst Holds the Line: No SBA Reauthorization Until Risky and Expansive Lending Rules are Addressed,Sen. Joni Ernst,"U.S. Senator Joni Ernst (R-Iowa), Ranking Member of the Senate Small Business Committee, called out Biden's Small Business Administration (SBA) for working to drastically change the SBA's flagship small business lending programs while refusing to address bipartisan concerns on increased risks posed by non-depository institutions and loosened underwriting standards.""In spite of a bipartisan push for the SBA to exercise diligence and restraint, the SBA has ignored Congress -- specifically this committee -- every step of the process and is moving full speed ahead,""""I want to be very clear: we need to come to a bipartisan agreement on a legislative response to these rules before we begin negotiations on other aspects of modernizing the SBA. Small business lending is the foundation of SBA's programs, and we can't undertake renovations to the rest of the Agency until this dire problem is fixed.""Prior to her questioning, Ernst swore in the witnesses to ensure fidelity. She specifically questioned SBA Associate Administrator Patrick Kelley on his efforts to influence SBA's rulemaking process, and the threat of proposed lending rules, which would open SBA lending programs to fraud, predatory lending practices, and other vulnerabilities. Ernst also reiterated her concerns about the SBA wiping the books clean of billions of dollars in pandemic recoveries, and the SBA Deputy Inspector General agreed with her concerns.Background:In March, Ernst joined Committee Chairman Ben Cardin (D-Md.) in requesting that the SBA work with congressional committees and go back to the drawing board on the agency's irresponsible changes to its loan underwriting while permitting an unlimited number of non-bank financial technology companies, or ""fintechs"" -- the very entities responsible for issuing billions of dollars-worth of Paycheck Protection Program (PPP) fraud -- to participate as lenders.In April, Ernst demanded that SBA continue collections on nearly $72 billion of taxpayer-funded COVID loans.Source"
government_budget_and_spending,"Dec. 12, 2023",Ernst Condemns UN Inaction on Hamas's Sexual Violence Against Israeli Women,Sen. Joni Ernst,"""We write to express our profound disappointment with the United Nations' (UN) response to Hamas's widespread sexual violence, including rape and mutilation, as a weapon of war against women in Israel on October 7, 2023. A growing body of evidence including the testimonies of survivors, witnesses, and first responders makes clear that as part of Hamas's terrorist attack that killed 1,200 men, women, and children on October 7, the terrorist organization intentionally used rape and sexual assault as weapons of war. Sexual violence, particularly on this scale and of this level of brutality, must be condemned unequivocally and without qualification, which is why we were shocked that it took UN Women nearly two months to speak out against these atrocities. We urge you to move swiftly to seek the establishment of an independent fact-finding effort through a separate mechanism, tasked with collecting testimonies from survivors and witnesses of Hamas's sexual violence. An independent investigation is a necessary step to hold perpetrators accountable, support survivors, and provide justice for victims.""Source"
government_budget_and_spending,"Dec. 6, 2023",Ernst Demands Answers on Small Business Aid Sent to Ukraine,Sen. Joni Ernst,"""I find it deeply disappointing my repeated requests, on behalf of millions of American small businesses, are unworthy of a substantive reply.Earlier this week, the White House released a letter indicating that the Department of Defense will run out of resources to procure weapons and equipment for Ukraine by the end of the year. This letter expresses, with urgency, the Biden Administration’s request for $106 billion in new funds for military, humanitarian, and general foreign aid to Ukraine.In light of this request, Americans must know how your agency is spending their hard-earned tax dollars in support of Ukrainian businesses. It is unreasonable to expect Congress to act on a request of this magnitude without a complete understanding of where prior taxpayer-funded assistance has gone.""Source"
government_budget_and_spending,"June 27, 2023","Ernst: Biden's SBA Must Recover Fraud, Not Loosen Lending Standards",Sen. Joni Ernst,"""I'm disgusted $200 billion of our taxpayer dollars, set aside to support small businesses, were funneled to thieves, organized criminals, and transnational gangs under the Small Business Administration's watch. While I've repeatedly urged SBA to focus on accountability and recoveries, it has doubled down on its inaction and is now refusing to pursue debt collections as required by statute, forgiving as many loans as possible, and rewriting the rules of its core lending programs to make them less secure. The IG's report is further proof the SBA must wake up and focus on fixing its mistakes rather than making new ones.""Source"
government_budget_and_spending,"June 6, 2023",Ernst Works to Cut Funding to Outlaw Organizations Disregarding Federal Law,Sen. Joni Ernst,"""Like China, EcoHealth will not cooperate with scientific investigations into the origins of COVID-19, and, as a result, we may never know what was happening inside the Wuhan Institute and the possible connection to the pandemic. It makes me sick that Iowa taxpayers have been forced to foot the bill for organizations like EcoHealth that refuse to be accountable and transparent. No one should be above the law and those taking money from taxpayers have an obligation to justify why and how it was spent. Organizations shouldn't be able to cherry-pick which laws they follow, especially not while operating on the taxpayers' dime. The STOP Act is critical to my efforts to provide Americans with answers while barring bad actors from getting their next payout.""Source"
government_budget_and_spending,"June 1, 2023","Ernst Tracks Over $1.3 Billion of U.S. Tax Dollars Sent to China and Russia, Promises Accountability for Every Penny",Sen. Joni Ernst,"""Washington's continued spending is so out of hand, it is losing track of Americans' hard-earned taxpayer dollars, but I am creating accountability for every penny. It is gravely concerning that no one in Washington can actually account for millions sent to Russia and China for pointless projects. But I have the receipts. I'm shining a light on this reckless spending, so bureaucrats can no longer cover up their tracks and taxpayers can know exactly what their hard-earned dollars are funding.""Source"
government_budget_and_spending,"June 1, 2023","Ernst Tracks Over $1.3 Billion of U.S. Tax Dollars Sent to China and Russia, Promises Accountability for Every Penny",Sen. Joni Ernst,"""Washington's continued spending is so out of hand, it is losing track of Americans' hard-earned taxpayer dollars, but I am creating accountability for every penny. It is gravely concerning that no one in Washington can actually account for millions sent to Russia and China for pointless projects. But I have the receipts. I'm shining a light on this reckless spending, so bureaucrats can no longer cover up their tracks and taxpayers can know exactly what their hard-earned dollars are funding.""Source"
government_budget_and_spending,"May 12, 2023",Ernst Goes to Bat-tle Against Biden Decision to Re-Fund EcoHealth's Dangerous Research,Sen. Joni Ernst,"""In a March 2021 letter to the HHS Office of Inspector General (OIG), I outlined EcoHealth's ongoing violations of the Stevens Amendment, which prompted a broader audit of EcoHealth's use of taxpayer dollars. The OIG found that NIH failed to effectively monitor EcoHealth's studies on bat coronaviruses performed in the WIV, which resulted in the creation of enhanced pathogens. As you know, many experts believe a lab leak related to these studies may have unleashed the COVID-19 pandemic.Despite these scathing findings, EcoHealth continues to violate longstanding federal law mandating that all projects supported with taxpayer dollars publicly disclose the costs and to conduct dangerous experiments on coronaviruses collected from bats with the financial backing of the NIH.Given EcoHealth's well-documented and persistent refusal to comply with federal laws, adhere to the terms of government grants, and irresponsible behavior conducting risky research in unsafe labs, I would urge you to immediately debar EcoHealth from receiving any additional taxpayer dollars in order to stop its dangerous experiments before the public's health is put at risk, possibly for a second time.""Source"
government_budget_and_spending,"April 26, 2023","Ernst Slams Biden's Over-Budget and Behind-Schedule ""Build Back Better' Agenda",Sen. Joni Ernst,"""It's a train wreck!""Today, U.S. Senator Joni Ernst (R-Iowa) slammed President Biden's major transportation projects that are billions over budget and years behind schedule, including the California High-Speed Rail that will not be completed for another decade and will cost $100 billion more than the original price tag.Ernst highlighted her bipartisan Billion Dollar Boondoggle Act that would expand accountability requirements to every taxpayer-funded project, along with the Put the Brakes on Boondoggles Act that would bring each of these runaway trains to a halt.Ernst also awarded her April 2023 Squeal Award to Biden for his failed track record on infrastructure.Source"
government_budget_and_spending,"April 25, 2023","Ernst, McCaul Fight for Accountability in Foreign Aid at USAID",Sen. Joni Ernst,"""As stewards of taxpayer dollars, Members of Congress are responsible for ensuring that such are not unduly wasted on paying for awardee's rent in Geneva or Rome or Paris.""Today, U.S. Senator Joni Ernst (R-Iowa) and U.S. Representative Michael McCaul (R-Texas), chairman of the House Committee on Foreign Affairs, are demanding answers from U.S. Agency for International Development (USAID) Administrator Samantha Power on the agency's lackluster stewardship of taxpayer dollars appropriated for humanitarian assistance abroad.USAID issues Negotiated Indirect Cost Rate Agreements (NICRAs) for over 300 organizations and companies, many of which are large multinational organizations headquartered outside the United States. Indirect costs, which can include rent for a partner's corporate headquarters, lobbying costs, and other miscellaneous expenses, can easily exceed 25% of an organization's total award. In fiscal year 2022 alone, USAID issued $14.94 billion across 5,788 transactions.Despite several attempts by Senator Ernst to review NICRA information, USAID persistently blocked access, including by falsely claiming that congressional oversight of NICRAs would violate federal laws. As a result of USAID's obstruction, Senator Ernst has joined forces with Chairman McCaul to send a formal oversight request to USAID to gain access to the rates.In a letter to Administrator Power, the legislators write, ""We understand that some indirect costs are a necessary expense when delivering humanitarian assistance; however, we have serious concerns over the lack of oversight regarding the issuing and review of your agency's NICRAs with USAID's partners. We fear NICRAs have ballooned due to a lack of stewardship and care.""""USAID has been entrusted with record amounts of U.S. taxpayers' hard-earned income over the past year; it is important USAID can show Congress and the American people that it is undertaking every effort to ensure the maximum amount of funds provided to international NGOs, United Nations agencies, and contractors are being used to actually deliver urgently needed assistance to impoverished and developing communities which your agency is charged with assisting.""""As stewards of taxpayer dollars, Members of Congress are responsible for ensuring that such are not unduly wasted on paying for awardee's rent in Geneva or Rome or ParisWe implore you to work with us to ensure that the good will of the American people is not squandered on excessive NICRAs.""Source"
government_budget_and_spending,"March 9, 2023","Ernst Slams Biden's Unaffordable, Untenable, and Out-of-Touch Budget",Sen. Joni Ernst,"Today, U.S. Senator Joni Ernst (R-Iowa), Chairman of the Republican Policy Committee and Ranking Member of the Senate Small Business and Entrepreneurship Committee, released the following statement on President Biden's FY2024 budget request to Congress:""Higher taxes and expensive partisan, pet projects: the Democrats' reckless tax and spend spree continues. This budget is unaffordable, untenable, and out-of-touch with Iowans' needs,"" said Ernst. ""President Biden's budgeting is a lot like Whack-a-Mole. He keeps digging the country deeper in the hole while doing everything he can to hide Washington's waste so it doesn't get whacked. In the name of taxpayer transparency, I'll keep fighting to expose Biden's progressive priorities and end his spending frenzy.""Source"
