topic,date,title,politician,full_text
civil_liberties_and_rights,"Oct. 26, 2023","Ranking Member Scott: Final Joint Employer Standard is “Good for Workers, Good for Law-abiding Businesses, and Good for our Economy”",Rep. Bobby Scott,"“Workers can only negotiate for higher pay, better benefits, and safer working conditions if all companies with power to control their employment are required to be at the table. Unfortunately, Republican politicians and corporate interests have long worked to allow employers to abuse temporary staffing agencies, contractors, and franchisees and skirt their bargaining obligations and liability for unfair labor practices.”By addressing the test for establishing joint employer status under the National Labor Relations Act (NLRA)and correctly returning it to common-law principles, the Biden administration’s final rule makes clear that low-road employers can no longer hide behind intermediaries to evade their responsibilities to workers.  Simply put, today’s announcement is good for workers, good for law-abiding businesses, and good for our economy.Moving forward, Congress must build on this critical progress by passing the Protecting the Right to Organize (PRO) Act. The legislation would codify this rule and require that any company directly controlling, indirectly controlling, or maintaining the power to control a person’s working conditions must be subject to the NLRA rules regarding collective bargaining.”Source"
criminal_justice,"Oct. 26, 2023","Ranking Member Scott: Final Joint Employer Standard is “Good for Workers, Good for Law-abiding Businesses, and Good for our Economy”",Rep. Bobby Scott,"“Workers can only negotiate for higher pay, better benefits, and safer working conditions if all companies with power to control their employment are required to be at the table. Unfortunately, Republican politicians and corporate interests have long worked to allow employers to abuse temporary staffing agencies, contractors, and franchisees and skirt their bargaining obligations and liability for unfair labor practices.”By addressing the test for establishing joint employer status under the National Labor Relations Act (NLRA)and correctly returning it to common-law principles, the Biden administration’s final rule makes clear that low-road employers can no longer hide behind intermediaries to evade their responsibilities to workers.  Simply put, today’s announcement is good for workers, good for law-abiding businesses, and good for our economy.Moving forward, Congress must build on this critical progress by passing the Protecting the Right to Organize (PRO) Act. The legislation would codify this rule and require that any company directly controlling, indirectly controlling, or maintaining the power to control a person’s working conditions must be subject to the NLRA rules regarding collective bargaining.”Source"
energy,"Oct. 31, 2023","Warner, Kaine, and Scott Applaud Approval of Coastal Virginia Offshore Wind Project and Over $39 Million in Federal Funding to Support Project",Rep. Bobby Scott,"""Virginia's economy wins when we work together to embrace innovative technologies. We're thrilled that the Administration approved the Coastal Virginia Offshore Wind (CVOW) commercial project and announced significant federal funding to build an offshore wind logistics facility. Today's announcement reaffirms Virginia as a leader in offshore wind. It wouldn't have been possible without the hard work of stakeholders in the region, investments we've secured to support the Port of Virginia, and legislation we passed in Congress, like the Inflation Reduction Act, to advance clean energy. We look forward to continuing to work with regional leaders during the next phases of this project and seeing the positive impacts this will have for the region's economy.""Source"
finance_and_banking,"Sept. 6, 2023","As Student Loan Payments Resume, Ranking Member Scott Highlights Education Department Resources, Reforms to Support Borrowers",Rep. Bobby Scott,"""With the return to student loan repayment underway, student loan borrowers and their families may be worried about their economic security. Thankfully, the Biden-Harris administration is here to help with resources and reforms that will facilitate a smoother transition to repayment and put millions of borrowers on a faster and more affordable path to repayment. The Saving on A Valuable Education (SAVE) plan, recently announced by the Department of Education, is the most affordable repayment plan ever offered to borrowers. This plan could allow more than one million additional low-income borrowers to make $0 payments, and it would stop loan balances from ballooning due to unpaid interest. This is the kind of investment that we need to support borrowers, their families, and our economy. I applaud the Biden-Harris administration for working extensively with stakeholders to create this plan and coordinating with grassroots organizations to help borrowers benefit from these reforms. I will continue working with the administration to provide borrowers and families with a student loan system that meets their needs.""Source"
finance_and_banking,"Feb. 10, 2023",Ranking Member Scott Applauds Administration's Progress to Reduce Student Loan Debt by Fixing Income-Driven Repayment,Rep. Bobby Scott,"Today, Ranking Member Bobby Scott (VA-03) applauded Secretary of Education Miguel Cardona for the Department's proposed rule to reform the Income-Driven Repayment (IDR) system.The proposed reforms make the IDR program more generous for low-income borrowers, automatically enrolls delinquent borrowers in the IDR program, sunsets old IDR plans, and eliminates monthly accrual of interest to borrowers.""I am encouraged by the Department's proposed rule, which makes significant changes that greatly benefit current and future borrowers,"" Scott wrote. ""The Department's efforts to streamline the IDR program by making it easier for borrowers to enroll in the REPAYE plan, phasing out older IDR plans, and simplifying the recertification process are smart reforms to the program.  By creating quicker pathways to forgiveness and lowering the monthly payments of most borrowers, the proposed rule would make student loan repayment more affordable and manageable for borrowers.""Source"
government_budget_and_spending,"Nov. 7, 2023",Scott Op-Ed: Youngkin finally dedicated significant funding to combat learning loss. What took him so long?,Rep. Bobby Scott,"“In September, Gov. Glenn Youngkin announced over $400 million to initiate a plan to address the learning loss that our students continue to suffer due to the COVID-19 pandemic. If implemented properly, this plan could build on the work that schools should already be doing — such as expanding tutoring, reducing chronic absenteeism and boosting literacy — as a result of congressional Democrats’ investments in K-12 education.But while I am pleased that ALL IN VA has the potential to support students across the commonwealth, the question we should ask is: What took Youngkin so long to issue a plan of this scale?Consider the context of the pandemic’s impact on our schools and Youngkin’s education record.At the height of the pandemic, school districts nationwide were forced to close classrooms to mitigate the spread of COVID-19.This was not an easy decision for school leaders. Parents and educators knew that remote learning could hinder children’s learning. But they were also rightly concerned for the health and safety of students, families and school staff. Budget shortfalls and former President Donald Trump's failed response to the pandemic left schools without the necessary resources to provide basic safety measures in classrooms or maintain students’ access to their education.In response, Congress took decisive action to ensure schools could reopen safely, remain open safely and help students make up for lost time in the classroom.Most notably, in early 2021, congressional Democrats and President Joe Biden enacted—without a single Republican vote—the American Rescue Plan Act (ARPA), which delivered the largest, one-time federal investment in K-12 education in our nation’s history. Importantly, as chairman of the House Committee on Education and Labor, I worked to make sure that the greatest resources went to the schools with the greatest needs.Through this historic $120 billion investment, the commonwealth received more than $2.1 billion in dedicated education funding to not only reopen classrooms safely, but also confront learning loss.In fact, school districts were required to develop plans that dedicate at least 20% of the funding they received toward evidence-based strategies to address learning loss, close achievement gaps and support students’ social, emotional and mental health.For example, Newport News City Public Schools in my home district used ARPA funding to implement extended school days, comprehensive after-school and summer programs, and accelerated learning programs.Other school systems used some of the funding to address heating, ventilation and air-conditioning problems — obvious barriers to reopening schools safely during an airborne pandemic.These initiatives made a key difference in our students’ recovery from the pandemic. While recent, well-reported test scores for students in the commonwealth show that we still have a lot of work ahead, our students’ academic achievement would have been far worse without the federal investments.Youngkin could have built on these investments when he took office by prioritizing a robust plan with dedicated funding to address learning loss — similar to the one he announced in September. Instead, Youngkin’s first months in office were known for his focus on culture war issues that did nothing to help students recover from the pandemic.The Richmond Times-Dispatch Editorial Board even described this campaign as ‘political gold’ and ‘a great way to start a political firestorm,’ but ‘leads to inherently bad public policy.’ He injected partisan politics into public school curriculum, repealed critical protections for transgender students, and launched a hotline for parents to report ‘critical race theory’ complaints — which ultimately had to be shut down.So while I am encouraged by the ALL IN VA initiative’s potential to accelerate learning for our students, we must also reject the extremism that has distracted us from meaningfully investing in students’ recovery from the pandemic. That is why I am continuing to work in Congress to deliver the evidence-based investments that students in Virginia and across the country need to achieve their dreams.”Source"
