topic,date,title,politician,full_text
defense,"Dec. 13, 2023",Senator Stabenow Secures Important Priorities for Michigan in 2024 National Defense Authorization Act,Sen. Debbie Stabenow,"BREAK IN TRANSCRIPT""This bill is an important step forward--it secures a well-earned pay raise for our service members and provides funding to improve Michigan military facilities. I am disappointed, however, that increased funding for F-15EX procurement is not included. I will continue to advocate for this in the FY24 defense appropriations bill, and continue to pursue all possible opportunities for Selfridge Air National Guard Base,""BREAK IN TRANSCRIPTSource"
defense,"July 27, 2023",Senator Stabenow Secures Important Priorities for Michigan in National Defense Authorization Act,Sen. Debbie Stabenow,"""This bill continues to make important investments in our men and women in uniform. This legislation secures a well-earned pay raise for our service members, provides funding to improve Michigan military facilities, and combats our country's fentanyl crisis.""Source"
energy,"Dec. 12, 2023",Senators Stabenow & Peters Announce $8 Million DOT Investment to Improve Access to EV Chargers Across Mid Michigan,Sen. Debbie Stabenow,"BREAK IN TRANSCRIPT""Electric vehicles are a key part of our clean energy future. But you can't drive one without access to convenient charging stations. This investment will help ensure we have more public charging stations in Mid Michigan so that it's easier for people to drive the electric vehicles being made here in Michigan,""BREAK IN TRANSCRIPTSource"
energy,"Dec. 1, 2023",Senator Stabenow Statement on Treasury Department Guidance on Electric Vehicle Tax Credit,Sen. Debbie Stabenow,"""The intent of the Inflation Reduction Act has always been to tackle the climate crisis and invest in America's workers who are making the vehicles and technologies that will help us win the global clean energy race. As I have said before, the electric vehicle tax credit language is not what I would have written. Despite this, we need this law to work. The Treasury Department did a good job being tough where we need to be while making sure our auto companies can build the best vehicles in the world in America. I will continue to work with the Biden-Harris Administration, our Michigan manufacturers, and workers to create good-paying jobs right here in the United States.""Source"
energy,"Oct. 25, 2023",Stabenow & Peters Announce More Than $161 Million in Federal Funding to Help Michigan Families Pay Their Energy Bills,Sen. Debbie Stabenow,"""Michigan is no stranger to extreme cold. As we head into the winter season, this critical funding will help ensure that Michigan families don't have to choose between keeping the heat on and putting food on the table.""Source"
energy,"Oct. 20, 2023",Stabenow & Peters Applaud $150 Million in Federal Funding to Strengthen Michigan's Power Grid Against Bad Weather,Sen. Debbie Stabenow,"""Michigan residents know firsthand how more frequent extreme weather is taking a toll on our state's electrical grid. These critical investments will help ensure Michigan households can count on reliable, affordable power no matter the forecast. These projects will not only help address the impact of the climate crisis in our homes, but will create more good-paying jobs.""Source"
energy,"Oct. 13, 2023","Senators Stabenow, Peters Announce New Midwest Hydrogen Hub for Clean Energy Manufacturing and Jobs",Sen. Debbie Stabenow,"""Michigan is home to the best manufacturers in the world, ground-breaking transformative technologies, and world-class research institutions that are already leading the transition to a clean energy economy. Today's announcement is welcome news that will help us win the clean energy race, tackle the climate crisis, and create more good-paying jobs here in Michigan.""Source"
energy,"June 21, 2023",Statement of Chairwoman Debbie Stabenow (D-Mich.) on EPA New Renewable Fuel Standard Final Rule,Sen. Debbie Stabenow,"""Today's announcement will provide stability and growth for the Renewable Fuel Standard into the future. This rule provides market certainty for an industry that will be vital to our efforts to confront the climate crisis. Biofuels are a low-carbon solution that lowers prices, grows rural economies, and plays a critical role in increasing U.S. energy security. With this rule, the Biden Administration is setting the highest-ever biofuel volume requirements under the RFS program, reaffirming their commitment to addressing the climate crisis and providing a stable biofuels market for our farmers. While there is always room to continue to grow this sector, I applaud the Administration for continuing to move us toward a homegrown energy future.""Source"
energy,"May 31, 2023",U.S. Senate Committee on Environment and Public Works Passes Stabenow Provision Addressing Canadian Nuclear Waste Storage in Great Lakes Basin,Sen. Debbie Stabenow,"""Placing a nuclear waste facility next to one of the world's largest supplies of fresh water makes absolutely no sense and is dangerous. Our Great Lakes are central to our Michigan way of life, and any nuclear waste spill would be devastating. This provision requires the Biden Administration to work with our Canadian neighbors to stop any plans to store nuclear waste so close to the Great Lakes.""Source"
energy,"May 18, 2023",ICYMI: Chairwoman Stabenow Champions Largest Investment In Rural Energy Since The New Deal,Sen. Debbie Stabenow,"""Across the country, rural electric cooperatives power the lives of 42 million Americans. For Michigan families, this investment means lower electricity bills, reducing pollution, and improved health. It is an investment in a sustainable and clean future for our children and all the generations of children to come.""Source"
government_budget_and_spending,"Dec. 12, 2023","Senator Stabenow Announces Nearly $500,000 to Improve Housing in Northern Michigan Rural Communities",Sen. Debbie Stabenow,"BREAK IN TRANSCRIPT""This funding will help Alpena, Alcona, Ogemaw, and Crawford counties continue to provide residents with quality, affordable housing. Investing in our rural communities not only helps the people who call these areas home, it makes the whole state of Michigan a better place to live and work,""BREAK IN TRANSCRIPTSource"
government_budget_and_spending,"Sept. 6, 2023","Stabenow, Boozman Urge Secretary Vilsack to Support American Farmers by Making Investments in Trade Promotion and Food Assistance",Sen. Debbie Stabenow,"Dear Secretary Vilsack,We write to urge you to consider using your authorities with regard to the Commodity CreditCorporation (CCC) Charter Act to support the creation of new and better market opportunitiesfor our nation's farmers by addressing two key needs: trade promotion, and in-kind internationalfood assistance.As Congress works toward reauthorizing critical programs in the Farm Bill, we continue to hearfrom organizations representing the vast majority of U.S. agriculture about the need to strengthentrade opportunities, increase revenue streams, and help producers grow and thrive in a globaleconomy. Farm Bill trade promotion programs help address these needs and build newmarkets. We believe that resources available under the CCC can support similar efforts to openaccess to markets and promote American-grown products abroad.There is also bipartisan support for critical U.S. Department of Agriculture (USDA) internationalfood assistance programs. Russia's ongoing war in Ukraine continues to disrupt supply chainsand perpetuate humanitarian crises in the region and around the world. Commodity producersare supportive of such USDA food assistance. We urge you to explore using CCC resources toadvance food assistance initiatives, which will both address humanitarian needs abroad andsupport American farmers.We are diligently working to produce a strong Farm Bill that can earn majority support in bothchambers of Congress. We urge you to consider these requests, and stand ready to supportUSDA in its effort to address these needs.Source"
government_budget_and_spending,"Sept. 5, 2023",Farm Bill 101: Global Food Aid,Sen. Debbie Stabenow,"""Farm Bill programs provide U.S.-grown commodities and build resiliency on the ground around the world to address unprecedented levels of global food insecurity.""Source"
government_budget_and_spending,"June 1, 2023",Stabenow Statement on Bipartisan Agreement to Protect Economy and Avoid Catastrophic Default,Sen. Debbie Stabenow,"""It was absolutely critical for our economy and our families that we avoided default. I'm pleased that this agreement protects the important steps that we've taken over the last two years to rebuild America, bring jobs home, lower the costs of health care and tackle the climate crisis.I am however deeply disappointed by the changes that were agreed to relating to the Supplemental Nutrition Assistance Program. As Chair of the Agriculture, Nutrition, and Forestry Committee, it is my intent to produce a bipartisan Farm Bill that protects critical nutrition and food assistance programs for all Americans, including children, families and seniors. And as far as I am concerned, the issue of work requirements is settled for this Congress.We will not further erode the dignity of Americans who simply need a little help -- about $6 a day -- to buy food.""Source"
government_budget_and_spending,"May 19, 2023",Chairwoman Stabenow Applauds Funding for Improved Regional Conservation Partnership Program,Sen. Debbie Stabenow,"""I'm pleased that USDA is streamlining the process of getting these resources to producers, partners and communities around the country. This funding supports the efforts of small businesses, local governments, farmers and ranchers, and conservation leaders to build local partnerships to improve water quality and create new habitats for hunting, fishing, and outdoor recreation.""Source"
government_budget_and_spending,"Feb. 13, 2023","Stabenow, Peters Applaud Over $37 Million in Federal Grants to Address PFAS in Drinking Water in Michigan",Sen. Debbie Stabenow,"""People in communities across Michigan have experienced the fear and frustration of finding out that contaminants like PFAS now threaten their home, community and health of their families. This funding is critical for the clean up of these contaminants. It will help communities who don't have the resources to address the problem on their own, clean up the contaminants so that residents have safe drinking water that we all take for granted,"" said Senator Stabenow.Source"
government_budget_and_spending,"Feb. 2, 2023","Stabenow, Peters Applaud $31 Million in Federal Grants for Southeast Michigan Communities to Support Road Safety Projects to Prevent Deaths and Serious Injuries",Sen. Debbie Stabenow,"U.S. Senators Debbie Stabenow (MI) and Gary Peters (MI) today applauded more than $31 million in federal grants for Southeast Michigan communities to improve roadway safety. The funding awarded by the U.S. Department of Transportation's Safe Streets and Roads for All grant program, is made possible through the bipartisan infrastructure law that Stabenow and Peters helped enact into law. The Safe Streets and Roads for All program funds regional and local road safety projects and strategies that will help prevent roadway deaths and serious injuries.""This investment will help our local communities use their resources more effectively and make our roads safer for pedestrians, cyclists, and drivers by focusing improvements in areas with high fatalities and other safety issues. This is another example of how the Infrastructure Investment and Jobs Act is helping our state,"" said Senator Stabenow.""Michiganders deserve to have the peace of mind that their streets and roadways are as safe as possible,"" said Senator Peters. ""These federal investments will help communities take commonsense steps to help prevent roadway deaths and serious injuries.""""We are deeply appreciative to our partners at the US Department of Transportation for awarding our city this grant.  Thanks to this new funding, we will be able to bring safety improvements to 35 miles of commercial corridors, most of them in historically disadvantaged areas of our city,"" said Detroit Mayor Mike Duggan.""This grant will provide resources that will be key in enhancing traffic safety throughout the city,"" said Ron Brundidge, Director of the Detroit Department of Public Works. ""We are committed to implementing proven measures that will make a real difference in reducing speeding and improving safety on city streets, with a targeted emphasis on corridors with the highest volume of incidents.""A list of awards for Southeast Michigan projects can be found below.City of Detroit - $24,800,000.00Detroit has had one of the highest traffic fatality rates in the U.S. Last year, the City reported its traffic crash fatality rate per capita in 2020 was the second-highest among large cities in the United States and its pedestrian fatality rate ranked third highest. Detroit plans to use the federal funding throughout the city on projects to make high-injury areas safer, such as bike lanes and pedestrian islands, and add curb extensions, high-visibility crosswalks, intersection lighting, and pedestrian countdown timers. The projects are designed to improve pedestrian safety and encourage safe driving speeds.City of Ann Arbor - $3,800,000.00The award will be used by the City of Ann Arbor to build upon the existing safety action plan to conduct a speed management study and pursue other projects.City of Ferndale - $385,000The award will be used by the City of Ferndale to develop a comprehensive safety action plan.City of Highland Park - $200,000The award will be used by the City of Highland Park to develop a comprehensive safety action plan.Macomb County Department of Roads - $1,000,000The award will be used by the Macomb County Department of Roads to develop a comprehensive safety action plan.Road Commission for Oakland County - $467,528The award will be used by the Road Commission for Oakland County to develop a comprehensive safety action plan.Southeast Michigan Council of Governments - $585,587.20The award will be used by the Southeast Michigan Council of Governments to build upon the existing safety action plan to conduct road safety audits and develop a safety analysis tool.Van Buren Charter Township - $384,900The award will be used by the Van Buren Charter Township to develop a comprehensive safety action plan.Source"
